Day,Stage,timestamp,DateTimeTZ
274.0,-0.19,1096466400.0,2004-09-30 00:00:00+10:00
274.01042,-0.27,1096467300.0,2004-09-30 00:15:00+10:00
274.02083,-0.36,1096468200.0,2004-09-30 00:30:00+10:00
274.03125,-0.4,1096469100.0,2004-09-30 00:45:00+10:00
274.04167,-0.46,1096470000.0,2004-09-30 01:00:00+10:00
274.05208,-0.57,1096470900.0,2004-09-30 01:15:00+10:00
274.0625,-0.59,1096471800.0,2004-09-30 01:30:00+10:00
274.07292,-0.64,1096472700.0,2004-09-30 01:45:00+10:00
274.08333,-0.67,1096473600.0,2004-09-30 02:00:00+10:00
274.09375,-0.71,1096474500.0,2004-09-30 02:15:00+10:00
274.10417,-0.75,1096475400.0,2004-09-30 02:30:00+10:00
274.11458,-0.75,1096476300.0,2004-09-30 02:45:00+10:00
274.125,-0.73,1096477200.0,2004-09-30 03:00:00+10:00
274.13542,-0.73,1096478100.0,2004-09-30 03:15:00+10:00
274.14583,-0.75,1096479000.0,2004-09-30 03:30:00+10:00
274.15625,-0.72,1096479900.0,2004-09-30 03:45:00+10:00
274.16667,-0.66,1096480800.0,2004-09-30 04:00:00+10:00
274.17708,-0.6,1096481700.0,2004-09-30 04:15:00+10:00
274.1875,-0.6,1096482600.0,2004-09-30 04:30:00+10:00
274.19792,-0.56,1096483500.0,2004-09-30 04:45:00+10:00
274.20833,-0.42,1096484400.0,2004-09-30 05:00:00+10:00
274.21875,-0.38,1096485300.0,2004-09-30 05:15:00+10:00
274.22917,-0.3,1096486200.0,2004-09-30 05:30:00+10:00
274.23958,-0.25,1096487100.0,2004-09-30 05:45:00+10:00
274.25,-0.17,1096488000.0,2004-09-30 06:00:00+10:00
274.26042,-0.06,1096488900.0,2004-09-30 06:15:00+10:00
274.27083,0.0,1096489800.0,2004-09-30 06:30:00+10:00
274.28125,0.03,1096490700.0,2004-09-30 06:45:00+10:00
274.29167,0.11,1096491600.0,2004-09-30 07:00:00+10:00
274.30208,0.23,1096492500.0,2004-09-30 07:15:00+10:00
274.3125,0.25,1096493400.0,2004-09-30 07:30:00+10:00
274.32292,0.33,1096494300.0,2004-09-30 07:45:00+10:00
274.33333,0.32,1096495200.0,2004-09-30 08:00:00+10:00
274.34375,0.39,1096496100.0,2004-09-30 08:15:00+10:00
274.35417,0.45,1096497000.0,2004-09-30 08:30:00+10:00
274.36458,0.46,1096497900.0,2004-09-30 08:45:00+10:00
274.375,0.47,1096498800.0,2004-09-30 09:00:00+10:00
274.38542,0.45,1096499700.0,2004-09-30 09:15:00+10:00
274.39583,0.48,1096500600.0,2004-09-30 09:30:00+10:00
274.40625,0.47,1096501500.0,2004-09-30 09:45:00+10:00
274.41667,0.43,1096502400.0,2004-09-30 10:00:00+10:00
274.42708,0.38,1096503300.0,2004-09-30 10:15:00+10:00
274.4375,0.37,1096504200.0,2004-09-30 10:30:00+10:00
274.44792,0.29,1096505100.0,2004-09-30 10:45:00+10:00
274.45833,0.26,1096506000.0,2004-09-30 11:00:00+10:00
274.46875,0.19,1096506900.0,2004-09-30 11:15:00+10:00
274.47917,0.08,1096507800.0,2004-09-30 11:30:00+10:00
274.48958,0.06,1096508700.0,2004-09-30 11:45:00+10:00
274.5,-0.04,1096509600.0,2004-09-30 12:00:00+10:00
274.51042,-0.14,1096510500.0,2004-09-30 12:15:00+10:00
274.52083,-0.19,1096511400.0,2004-09-30 12:30:00+10:00
274.53125,-0.25,1096512300.0,2004-09-30 12:45:00+10:00
274.54167,-0.35,1096513200.0,2004-09-30 13:00:00+10:00
274.55208,-0.39,1096514100.0,2004-09-30 13:15:00+10:00
274.5625,-0.49,1096515000.0,2004-09-30 13:30:00+10:00
274.57292,-0.54,1096515900.0,2004-09-30 13:45:00+10:00
274.58333,-0.54,1096516800.0,2004-09-30 14:00:00+10:00
274.59375,-0.64,1096517700.0,2004-09-30 14:15:00+10:00
274.60417,-0.65,1096518600.0,2004-09-30 14:30:00+10:00
274.61458,-0.69,1096519500.0,2004-09-30 14:45:00+10:00
274.625,-0.69,1096520400.0,2004-09-30 15:00:00+10:00
274.63542,-0.68,1096521300.0,2004-09-30 15:15:00+10:00
274.64583,-0.72,1096522200.0,2004-09-30 15:30:00+10:00
274.65625,-0.72,1096523100.0,2004-09-30 15:45:00+10:00
274.66667,-0.69,1096524000.0,2004-09-30 16:00:00+10:00
274.67708,-0.67,1096524900.0,2004-09-30 16:15:00+10:00
274.6875,-0.64,1096525800.0,2004-09-30 16:30:00+10:00
274.69792,-0.61,1096526700.0,2004-09-30 16:45:00+10:00
274.70833,-0.57,1096527600.0,2004-09-30 17:00:00+10:00
274.71875,-0.51,1096528500.0,2004-09-30 17:15:00+10:00
274.72917,-0.43,1096529400.0,2004-09-30 17:30:00+10:00
274.73958,-0.42,1096530300.0,2004-09-30 17:45:00+10:00
274.75,-0.31,1096531200.0,2004-09-30 18:00:00+10:00
274.76042,-0.23,1096532100.0,2004-09-30 18:15:00+10:00
274.77083,-0.2,1096533000.0,2004-09-30 18:30:00+10:00
274.78125,-0.14,1096533900.0,2004-09-30 18:45:00+10:00
274.79167,-0.08,1096534800.0,2004-09-30 19:00:00+10:00
274.80208,0.01,1096535700.0,2004-09-30 19:15:00+10:00
274.8125,0.06,1096536600.0,2004-09-30 19:30:00+10:00
274.82292,0.12,1096537500.0,2004-09-30 19:45:00+10:00
274.83333,0.12,1096538400.0,2004-09-30 20:00:00+10:00
274.84375,0.2,1096539300.0,2004-09-30 20:15:00+10:00
274.85417,0.26,1096540200.0,2004-09-30 20:30:00+10:00
274.86458,0.24,1096541100.0,2004-09-30 20:45:00+10:00
274.875,0.29,1096542000.0,2004-09-30 21:00:00+10:00
274.88542,0.29,1096542900.0,2004-09-30 21:15:00+10:00
274.89583,0.3,1096543800.0,2004-09-30 21:30:00+10:00
274.90625,0.3,1096544700.0,2004-09-30 21:45:00+10:00
274.91667,0.29,1096545600.0,2004-09-30 22:00:00+10:00
274.92708,0.28,1096546500.0,2004-09-30 22:15:00+10:00
274.9375,0.25,1096547400.0,2004-09-30 22:30:00+10:00
274.94792,0.21,1096548300.0,2004-09-30 22:45:00+10:00
274.95833,0.18,1096549200.0,2004-09-30 23:00:00+10:00
274.96875,0.1,1096550100.0,2004-09-30 23:15:00+10:00
274.97917,0.03,1096551000.0,2004-09-30 23:30:00+10:00
274.98958,0.04,1096551900.0,2004-09-30 23:45:00+10:00
275.0,-0.11,1096552800.0,2004-10-01 00:00:00+10:00
275.01042,-0.16,1096553700.0,2004-10-01 00:15:00+10:00
275.02083,-0.2,1096554600.0,2004-10-01 00:30:00+10:00
275.03125,-0.29,1096555500.0,2004-10-01 00:45:00+10:00
275.04167,-0.29,1096556400.0,2004-10-01 01:00:00+10:00
275.05208,-0.38,1096557300.0,2004-10-01 01:15:00+10:00
275.0625,-0.5,1096558200.0,2004-10-01 01:30:00+10:00
275.07292,-0.47,1096559100.0,2004-10-01 01:45:00+10:00
275.08333,-0.51,1096560000.0,2004-10-01 02:00:00+10:00
275.09375,-0.59,1096560900.0,2004-10-01 02:15:00+10:00
275.10417,-0.62,1096561800.0,2004-10-01 02:30:00+10:00
275.11458,-0.66,1096562700.0,2004-10-01 02:45:00+10:00
275.125,-0.65,1096563600.0,2004-10-01 03:00:00+10:00
275.13542,-0.66,1096564500.0,2004-10-01 03:15:00+10:00
275.14583,-0.66,1096565400.0,2004-10-01 03:30:00+10:00
275.15625,-0.7,1096566300.0,2004-10-01 03:45:00+10:00
275.16667,-0.65,1096567200.0,2004-10-01 04:00:00+10:00
275.17708,-0.61,1096568100.0,2004-10-01 04:15:00+10:00
275.1875,-0.61,1096569000.0,2004-10-01 04:30:00+10:00
275.19792,-0.55,1096569900.0,2004-10-01 04:45:00+10:00
275.20833,-0.55,1096570800.0,2004-10-01 05:00:00+10:00
275.21875,-0.48,1096571700.0,2004-10-01 05:15:00+10:00
275.22917,-0.38,1096572600.0,2004-10-01 05:30:00+10:00
275.23958,-0.36,1096573500.0,2004-10-01 05:45:00+10:00
275.25,-0.28,1096574400.0,2004-10-01 06:00:00+10:00
275.26042,-0.24,1096575300.0,2004-10-01 06:15:00+10:00
275.27083,-0.13,1096576200.0,2004-10-01 06:30:00+10:00
275.28125,-0.04,1096577100.0,2004-10-01 06:45:00+10:00
275.29167,-0.03,1096578000.0,2004-10-01 07:00:00+10:00
275.30208,0.05,1096578900.0,2004-10-01 07:15:00+10:00
275.3125,0.14,1096579800.0,2004-10-01 07:30:00+10:00
275.32292,0.21,1096580700.0,2004-10-01 07:45:00+10:00
275.33333,0.25,1096581600.0,2004-10-01 08:00:00+10:00
275.34375,0.27,1096582500.0,2004-10-01 08:15:00+10:00
275.35417,0.34,1096583400.0,2004-10-01 08:30:00+10:00
275.36458,0.4,1096584300.0,2004-10-01 08:45:00+10:00
275.375,0.45,1096585200.0,2004-10-01 09:00:00+10:00
275.38542,0.43,1096586100.0,2004-10-01 09:15:00+10:00
275.39583,0.45,1096587000.0,2004-10-01 09:30:00+10:00
275.40625,0.5,1096587900.0,2004-10-01 09:45:00+10:00
275.41667,0.48,1096588800.0,2004-10-01 10:00:00+10:00
275.42708,0.47,1096589700.0,2004-10-01 10:15:00+10:00
275.4375,0.45,1096590600.0,2004-10-01 10:30:00+10:00
275.44792,0.41,1096591500.0,2004-10-01 10:45:00+10:00
275.45833,0.38,1096592400.0,2004-10-01 11:00:00+10:00
275.46875,0.34,1096593300.0,2004-10-01 11:15:00+10:00
275.47917,0.27,1096594200.0,2004-10-01 11:30:00+10:00
275.48958,0.2,1096595100.0,2004-10-01 11:45:00+10:00
275.5,0.16,1096596000.0,2004-10-01 12:00:00+10:00
275.51042,0.09,1096596900.0,2004-10-01 12:15:00+10:00
275.52083,-0.01,1096597800.0,2004-10-01 12:30:00+10:00
275.53125,-0.08,1096598700.0,2004-10-01 12:45:00+10:00
275.54167,-0.15,1096599600.0,2004-10-01 13:00:00+10:00
275.55208,-0.22,1096600500.0,2004-10-01 13:15:00+10:00
275.5625,-0.27,1096601400.0,2004-10-01 13:30:00+10:00
275.57292,-0.36,1096602300.0,2004-10-01 13:45:00+10:00
275.58333,-0.44,1096603200.0,2004-10-01 14:00:00+10:00
275.59375,-0.47,1096604100.0,2004-10-01 14:15:00+10:00
275.60417,-0.51,1096605000.0,2004-10-01 14:30:00+10:00
275.61458,-0.57,1096605900.0,2004-10-01 14:45:00+10:00
275.625,-0.63,1096606800.0,2004-10-01 15:00:00+10:00
275.63542,-0.66,1096607700.0,2004-10-01 15:15:00+10:00
275.64583,-0.65,1096608600.0,2004-10-01 15:30:00+10:00
275.65625,-0.69,1096609500.0,2004-10-01 15:45:00+10:00
275.66667,-0.69,1096610400.0,2004-10-01 16:00:00+10:00
275.67708,-0.71,1096611300.0,2004-10-01 16:15:00+10:00
275.6875,-0.69,1096612200.0,2004-10-01 16:30:00+10:00
275.69792,-0.66,1096613100.0,2004-10-01 16:45:00+10:00
275.70833,-0.66,1096614000.0,2004-10-01 17:00:00+10:00
275.71875,-0.62,1096614900.0,2004-10-01 17:15:00+10:00
275.72917,-0.6,1096615800.0,2004-10-01 17:30:00+10:00
275.73958,-0.56,1096616700.0,2004-10-01 17:45:00+10:00
275.75,-0.49,1096617600.0,2004-10-01 18:00:00+10:00
275.76042,-0.43,1096618500.0,2004-10-01 18:15:00+10:00
275.77083,-0.36,1096619400.0,2004-10-01 18:30:00+10:00
275.78125,-0.35,1096620300.0,2004-10-01 18:45:00+10:00
275.79167,-0.24,1096621200.0,2004-10-01 19:00:00+10:00
275.80208,-0.22,1096622100.0,2004-10-01 19:15:00+10:00
275.8125,-0.15,1096623000.0,2004-10-01 19:30:00+10:00
275.82292,-0.07,1096623900.0,2004-10-01 19:45:00+10:00
275.83333,-0.05,1096624800.0,2004-10-01 20:00:00+10:00
275.84375,0.04,1096625700.0,2004-10-01 20:15:00+10:00
275.85417,0.05,1096626600.0,2004-10-01 20:30:00+10:00
275.86458,0.07,1096627500.0,2004-10-01 20:45:00+10:00
275.875,0.16,1096628400.0,2004-10-01 21:00:00+10:00
275.88542,0.17,1096629300.0,2004-10-01 21:15:00+10:00
275.89583,0.2,1096630200.0,2004-10-01 21:30:00+10:00
275.90625,0.22,1096631100.0,2004-10-01 21:45:00+10:00
275.91667,0.2,1096632000.0,2004-10-01 22:00:00+10:00
275.92708,0.24,1096632900.0,2004-10-01 22:15:00+10:00
275.9375,0.25,1096633800.0,2004-10-01 22:30:00+10:00
275.94792,0.21,1096634700.0,2004-10-01 22:45:00+10:00
275.95833,0.19,1096635600.0,2004-10-01 23:00:00+10:00
275.96875,0.15,1096636500.0,2004-10-01 23:15:00+10:00
275.97917,0.16,1096637400.0,2004-10-01 23:30:00+10:00
275.98958,0.12,1096638300.0,2004-10-01 23:45:00+10:00
276.0,0.05,1096639200.0,2004-10-02 00:00:00+10:00
276.01042,-0.03,1096640100.0,2004-10-02 00:15:00+10:00
276.02083,-0.04,1096641000.0,2004-10-02 00:30:00+10:00
276.03125,-0.1,1096641900.0,2004-10-02 00:45:00+10:00
276.04167,-0.17,1096642800.0,2004-10-02 01:00:00+10:00
276.05208,-0.24,1096643700.0,2004-10-02 01:15:00+10:00
276.0625,-0.31,1096644600.0,2004-10-02 01:30:00+10:00
276.07292,-0.31,1096645500.0,2004-10-02 01:45:00+10:00
276.08333,-0.37,1096646400.0,2004-10-02 02:00:00+10:00
276.09375,-0.42,1096647300.0,2004-10-02 02:15:00+10:00
276.10417,-0.48,1096648200.0,2004-10-02 02:30:00+10:00
276.11458,-0.51,1096649100.0,2004-10-02 02:45:00+10:00
276.125,-0.54,1096650000.0,2004-10-02 03:00:00+10:00
276.13542,-0.56,1096650900.0,2004-10-02 03:15:00+10:00
276.14583,-0.56,1096651800.0,2004-10-02 03:30:00+10:00
276.15625,-0.62,1096652700.0,2004-10-02 03:45:00+10:00
276.16667,-0.59,1096653600.0,2004-10-02 04:00:00+10:00
276.17708,-0.6,1096654500.0,2004-10-02 04:15:00+10:00
276.1875,-0.59,1096655400.0,2004-10-02 04:30:00+10:00
276.19792,-0.55,1096656300.0,2004-10-02 04:45:00+10:00
276.20833,-0.54,1096657200.0,2004-10-02 05:00:00+10:00
276.21875,-0.5,1096658100.0,2004-10-02 05:15:00+10:00
276.22917,-0.48,1096659000.0,2004-10-02 05:30:00+10:00
276.23958,-0.4,1096659900.0,2004-10-02 05:45:00+10:00
276.25,-0.37,1096660800.0,2004-10-02 06:00:00+10:00
276.26042,-0.35,1096661700.0,2004-10-02 06:15:00+10:00
276.27083,-0.23,1096662600.0,2004-10-02 06:30:00+10:00
276.28125,-0.21,1096663500.0,2004-10-02 06:45:00+10:00
276.29167,-0.15,1096664400.0,2004-10-02 07:00:00+10:00
276.30208,-0.05,1096665300.0,2004-10-02 07:15:00+10:00
276.3125,-0.01,1096666200.0,2004-10-02 07:30:00+10:00
276.32292,0.05,1096667100.0,2004-10-02 07:45:00+10:00
276.33333,0.12,1096668000.0,2004-10-02 08:00:00+10:00
276.34375,0.19,1096668900.0,2004-10-02 08:15:00+10:00
276.35417,0.22,1096669800.0,2004-10-02 08:30:00+10:00
276.36458,0.3,1096670700.0,2004-10-02 08:45:00+10:00
276.375,0.32,1096671600.0,2004-10-02 09:00:00+10:00
276.38542,0.35,1096672500.0,2004-10-02 09:15:00+10:00
276.39583,0.42,1096673400.0,2004-10-02 09:30:00+10:00
276.40625,0.42,1096674300.0,2004-10-02 09:45:00+10:00
276.41667,0.43,1096675200.0,2004-10-02 10:00:00+10:00
276.42708,0.46,1096676100.0,2004-10-02 10:15:00+10:00
276.4375,0.45,1096677000.0,2004-10-02 10:30:00+10:00
276.44792,0.44,1096677900.0,2004-10-02 10:45:00+10:00
276.45833,0.43,1096678800.0,2004-10-02 11:00:00+10:00
276.46875,0.4,1096679700.0,2004-10-02 11:15:00+10:00
276.47917,0.37,1096680600.0,2004-10-02 11:30:00+10:00
276.48958,0.32,1096681500.0,2004-10-02 11:45:00+10:00
276.5,0.29,1096682400.0,2004-10-02 12:00:00+10:00
276.51042,0.24,1096683300.0,2004-10-02 12:15:00+10:00
276.52083,0.16,1096684200.0,2004-10-02 12:30:00+10:00
276.53125,0.1,1096685100.0,2004-10-02 12:45:00+10:00
276.54167,0.03,1096686000.0,2004-10-02 13:00:00+10:00
276.55208,-0.04,1096686900.0,2004-10-02 13:15:00+10:00
276.5625,-0.1,1096687800.0,2004-10-02 13:30:00+10:00
276.57292,-0.18,1096688700.0,2004-10-02 13:45:00+10:00
276.58333,-0.26,1096689600.0,2004-10-02 14:00:00+10:00
276.59375,-0.29,1096690500.0,2004-10-02 14:15:00+10:00
276.60417,-0.37,1096691400.0,2004-10-02 14:30:00+10:00
276.61458,-0.42,1096692300.0,2004-10-02 14:45:00+10:00
276.625,-0.47,1096693200.0,2004-10-02 15:00:00+10:00
276.63542,-0.53,1096694100.0,2004-10-02 15:15:00+10:00
276.64583,-0.58,1096695000.0,2004-10-02 15:30:00+10:00
276.65625,-0.59,1096695900.0,2004-10-02 15:45:00+10:00
276.66667,-0.64,1096696800.0,2004-10-02 16:00:00+10:00
276.67708,-0.68,1096697700.0,2004-10-02 16:15:00+10:00
276.6875,-0.66,1096698600.0,2004-10-02 16:30:00+10:00
276.69792,-0.68,1096699500.0,2004-10-02 16:45:00+10:00
276.70833,-0.69,1096700400.0,2004-10-02 17:00:00+10:00
276.71875,-0.68,1096701300.0,2004-10-02 17:15:00+10:00
276.72917,-0.68,1096702200.0,2004-10-02 17:30:00+10:00
276.73958,-0.65,1096703100.0,2004-10-02 17:45:00+10:00
276.75,-0.63,1096704000.0,2004-10-02 18:00:00+10:00
276.76042,-0.59,1096704900.0,2004-10-02 18:15:00+10:00
276.77083,-0.58,1096705800.0,2004-10-02 18:30:00+10:00
276.78125,-0.51,1096706700.0,2004-10-02 18:45:00+10:00
276.79167,-0.46,1096707600.0,2004-10-02 19:00:00+10:00
276.80208,-0.42,1096708500.0,2004-10-02 19:15:00+10:00
276.8125,-0.39,1096709400.0,2004-10-02 19:30:00+10:00
276.82292,-0.33,1096710300.0,2004-10-02 19:45:00+10:00
276.83333,-0.26,1096711200.0,2004-10-02 20:00:00+10:00
276.84375,-0.23,1096712100.0,2004-10-02 20:15:00+10:00
276.85417,-0.18,1096713000.0,2004-10-02 20:30:00+10:00
276.86458,-0.15,1096713900.0,2004-10-02 20:45:00+10:00
276.875,-0.12,1096714800.0,2004-10-02 21:00:00+10:00
276.88542,-0.03,1096715700.0,2004-10-02 21:15:00+10:00
276.89583,-0.02,1096716600.0,2004-10-02 21:30:00+10:00
276.90625,-0.01,1096717500.0,2004-10-02 21:45:00+10:00
276.91667,0.04,1096718400.0,2004-10-02 22:00:00+10:00
276.92708,0.07,1096719300.0,2004-10-02 22:15:00+10:00
276.9375,0.06,1096720200.0,2004-10-02 22:30:00+10:00
276.94792,0.12,1096721100.0,2004-10-02 22:45:00+10:00
276.95833,0.06,1096722000.0,2004-10-02 23:00:00+10:00
276.96875,0.09,1096722900.0,2004-10-02 23:15:00+10:00
276.97917,0.12,1096723800.0,2004-10-02 23:30:00+10:00
276.98958,0.02,1096724700.0,2004-10-02 23:45:00+10:00
277.0,0.02,1096725600.0,2004-10-03 00:00:00+10:00
277.01042,0.01,1096726500.0,2004-10-03 00:15:00+10:00
277.02083,-0.04,1096727400.0,2004-10-03 00:30:00+10:00
277.03125,-0.05,1096728300.0,2004-10-03 00:45:00+10:00
277.04167,-0.12,1096729200.0,2004-10-03 01:00:00+10:00
277.05208,-0.18,1096730100.0,2004-10-03 01:15:00+10:00
277.0625,-0.18,1096731000.0,2004-10-03 01:30:00+10:00
277.07292,-0.27,1096731900.0,2004-10-03 01:45:00+10:00
277.08333,-0.28,1096732800.0,2004-10-03 02:00:00+10:00
277.09375,-0.33,1096733700.0,2004-10-03 02:15:00+10:00
277.10417,-0.4,1096734600.0,2004-10-03 02:30:00+10:00
277.11458,-0.4,1096735500.0,2004-10-03 02:45:00+10:00
277.125,-0.44,1096736400.0,2004-10-03 03:00:00+10:00
277.13542,-0.48,1096737300.0,2004-10-03 03:15:00+10:00
277.14583,-0.49,1096738200.0,2004-10-03 03:30:00+10:00
277.15625,-0.51,1096739100.0,2004-10-03 03:45:00+10:00
277.16667,-0.52,1096740000.0,2004-10-03 04:00:00+10:00
277.17708,-0.55,1096740900.0,2004-10-03 04:15:00+10:00
277.1875,-0.53,1096741800.0,2004-10-03 04:30:00+10:00
277.19792,-0.51,1096742700.0,2004-10-03 04:45:00+10:00
277.20833,-0.53,1096743600.0,2004-10-03 05:00:00+10:00
277.21875,-0.5,1096744500.0,2004-10-03 05:15:00+10:00
277.22917,-0.49,1096745400.0,2004-10-03 05:30:00+10:00
277.23958,-0.45,1096746300.0,2004-10-03 05:45:00+10:00
277.25,-0.43,1096747200.0,2004-10-03 06:00:00+10:00
277.26042,-0.37,1096748100.0,2004-10-03 06:15:00+10:00
277.27083,-0.34,1096749000.0,2004-10-03 06:30:00+10:00
277.28125,-0.3,1096749900.0,2004-10-03 06:45:00+10:00
277.29167,-0.22,1096750800.0,2004-10-03 07:00:00+10:00
277.30208,-0.19,1096751700.0,2004-10-03 07:15:00+10:00
277.3125,-0.1,1096752600.0,2004-10-03 07:30:00+10:00
277.32292,-0.05,1096753500.0,2004-10-03 07:45:00+10:00
277.33333,0.01,1096754400.0,2004-10-03 08:00:00+10:00
277.34375,0.06,1096755300.0,2004-10-03 08:15:00+10:00
277.35417,0.11,1096756200.0,2004-10-03 08:30:00+10:00
277.36458,0.19,1096757100.0,2004-10-03 08:45:00+10:00
277.375,0.24,1096758000.0,2004-10-03 09:00:00+10:00
277.38542,0.3,1096758900.0,2004-10-03 09:15:00+10:00
277.39583,0.31,1096759800.0,2004-10-03 09:30:00+10:00
277.40625,0.33,1096760700.0,2004-10-03 09:45:00+10:00
277.41667,0.41,1096761600.0,2004-10-03 10:00:00+10:00
277.42708,0.43,1096762500.0,2004-10-03 10:15:00+10:00
277.4375,0.43,1096763400.0,2004-10-03 10:30:00+10:00
277.44792,0.45,1096764300.0,2004-10-03 10:45:00+10:00
277.45833,0.44,1096765200.0,2004-10-03 11:00:00+10:00
277.46875,0.48,1096766100.0,2004-10-03 11:15:00+10:00
277.47917,0.46,1096767000.0,2004-10-03 11:30:00+10:00
277.48958,0.42,1096767900.0,2004-10-03 11:45:00+10:00
277.5,0.39,1096768800.0,2004-10-03 12:00:00+10:00
277.51042,0.37,1096769700.0,2004-10-03 12:15:00+10:00
277.52083,0.36,1096770600.0,2004-10-03 12:30:00+10:00
277.53125,0.29,1096771500.0,2004-10-03 12:45:00+10:00
277.54167,0.21,1096772400.0,2004-10-03 13:00:00+10:00
277.55208,0.18,1096773300.0,2004-10-03 13:15:00+10:00
277.5625,0.14,1096774200.0,2004-10-03 13:30:00+10:00
277.57292,0.08,1096775100.0,2004-10-03 13:45:00+10:00
277.58333,-0.01,1096776000.0,2004-10-03 14:00:00+10:00
277.59375,-0.08,1096776900.0,2004-10-03 14:15:00+10:00
277.60417,-0.12,1096777800.0,2004-10-03 14:30:00+10:00
277.61458,-0.15,1096778700.0,2004-10-03 14:45:00+10:00
277.625,-0.22,1096779600.0,2004-10-03 15:00:00+10:00
277.63542,-0.3,1096780500.0,2004-10-03 15:15:00+10:00
277.64583,-0.35,1096781400.0,2004-10-03 15:30:00+10:00
277.65625,-0.37,1096782300.0,2004-10-03 15:45:00+10:00
277.66667,-0.42,1096783200.0,2004-10-03 16:00:00+10:00
277.67708,-0.46,1096784100.0,2004-10-03 16:15:00+10:00
277.6875,-0.51,1096785000.0,2004-10-03 16:30:00+10:00
277.69792,-0.54,1096785900.0,2004-10-03 16:45:00+10:00
277.70833,-0.54,1096786800.0,2004-10-03 17:00:00+10:00
277.71875,-0.55,1096787700.0,2004-10-03 17:15:00+10:00
277.72917,-0.57,1096788600.0,2004-10-03 17:30:00+10:00
277.73958,-0.59,1096789500.0,2004-10-03 17:45:00+10:00
277.75,-0.57,1096790400.0,2004-10-03 18:00:00+10:00
277.76042,-0.56,1096791300.0,2004-10-03 18:15:00+10:00
277.77083,-0.57,1096792200.0,2004-10-03 18:30:00+10:00
277.78125,-0.54,1096793100.0,2004-10-03 18:45:00+10:00
277.79167,-0.54,1096794000.0,2004-10-03 19:00:00+10:00
277.80208,-0.47,1096794900.0,2004-10-03 19:15:00+10:00
277.8125,-0.46,1096795800.0,2004-10-03 19:30:00+10:00
277.82292,-0.45,1096796700.0,2004-10-03 19:45:00+10:00
277.83333,-0.36,1096797600.0,2004-10-03 20:00:00+10:00
277.84375,-0.36,1096798500.0,2004-10-03 20:15:00+10:00
277.85417,-0.3,1096799400.0,2004-10-03 20:30:00+10:00
277.86458,-0.26,1096800300.0,2004-10-03 20:45:00+10:00
277.875,-0.25,1096801200.0,2004-10-03 21:00:00+10:00
277.88542,-0.16,1096802100.0,2004-10-03 21:15:00+10:00
277.89583,-0.15,1096803000.0,2004-10-03 21:30:00+10:00
277.90625,-0.13,1096803900.0,2004-10-03 21:45:00+10:00
277.91667,-0.03,1096804800.0,2004-10-03 22:00:00+10:00
277.92708,-0.04,1096805700.0,2004-10-03 22:15:00+10:00
277.9375,-0.03,1096806600.0,2004-10-03 22:30:00+10:00
277.94792,0.02,1096807500.0,2004-10-03 22:45:00+10:00
277.95833,0.04,1096808400.0,2004-10-03 23:00:00+10:00
277.96875,0.02,1096809300.0,2004-10-03 23:15:00+10:00
277.97917,0.05,1096810200.0,2004-10-03 23:30:00+10:00
277.98958,0.06,1096811100.0,2004-10-03 23:45:00+10:00
278.0,0.03,1096812000.0,2004-10-04 00:00:00+10:00
278.01042,0.07,1096812900.0,2004-10-04 00:15:00+10:00
278.02083,0.03,1096813800.0,2004-10-04 00:30:00+10:00
278.03125,-0.02,1096814700.0,2004-10-04 00:45:00+10:00
278.04167,-0.01,1096815600.0,2004-10-04 01:00:00+10:00
278.05208,-0.03,1096816500.0,2004-10-04 01:15:00+10:00
278.0625,-0.08,1096817400.0,2004-10-04 01:30:00+10:00
278.07292,-0.1,1096818300.0,2004-10-04 01:45:00+10:00
278.08333,-0.16,1096819200.0,2004-10-04 02:00:00+10:00
278.09375,-0.18,1096820100.0,2004-10-04 02:15:00+10:00
278.10417,-0.18,1096821000.0,2004-10-04 02:30:00+10:00
278.11458,-0.24,1096821900.0,2004-10-04 02:45:00+10:00
278.125,-0.29,1096822800.0,2004-10-04 03:00:00+10:00
278.13542,-0.32,1096823700.0,2004-10-04 03:15:00+10:00
278.14583,-0.32,1096824600.0,2004-10-04 03:30:00+10:00
278.15625,-0.33,1096825500.0,2004-10-04 03:45:00+10:00
278.16667,-0.39,1096826400.0,2004-10-04 04:00:00+10:00
278.17708,-0.38,1096827300.0,2004-10-04 04:15:00+10:00
278.1875,-0.4,1096828200.0,2004-10-04 04:30:00+10:00
278.19792,-0.39,1096829100.0,2004-10-04 04:45:00+10:00
278.20833,-0.38,1096830000.0,2004-10-04 05:00:00+10:00
278.21875,-0.42,1096830900.0,2004-10-04 05:15:00+10:00
278.22917,-0.41,1096831800.0,2004-10-04 05:30:00+10:00
278.23958,-0.38,1096832700.0,2004-10-04 05:45:00+10:00
278.25,-0.35,1096833600.0,2004-10-04 06:00:00+10:00
278.26042,-0.36,1096834500.0,2004-10-04 06:15:00+10:00
278.27083,-0.35,1096835400.0,2004-10-04 06:30:00+10:00
278.28125,-0.3,1096836300.0,2004-10-04 06:45:00+10:00
278.29167,-0.26,1096837200.0,2004-10-04 07:00:00+10:00
278.30208,-0.22,1096838100.0,2004-10-04 07:15:00+10:00
278.3125,-0.2,1096839000.0,2004-10-04 07:30:00+10:00
278.32292,-0.13,1096839900.0,2004-10-04 07:45:00+10:00
278.33333,-0.08,1096840800.0,2004-10-04 08:00:00+10:00
278.34375,-0.03,1096841700.0,2004-10-04 08:15:00+10:00
278.35417,0.02,1096842600.0,2004-10-04 08:30:00+10:00
278.36458,0.05,1096843500.0,2004-10-04 08:45:00+10:00
278.375,0.1,1096844400.0,2004-10-04 09:00:00+10:00
278.38542,0.19,1096845300.0,2004-10-04 09:15:00+10:00
278.39583,0.22,1096846200.0,2004-10-04 09:30:00+10:00
278.40625,0.24,1096847100.0,2004-10-04 09:45:00+10:00
278.41667,0.27,1096848000.0,2004-10-04 10:00:00+10:00
278.42708,0.31,1096848900.0,2004-10-04 10:15:00+10:00
278.4375,0.38,1096849800.0,2004-10-04 10:30:00+10:00
278.44792,0.37,1096850700.0,2004-10-04 10:45:00+10:00
278.45833,0.37,1096851600.0,2004-10-04 11:00:00+10:00
278.46875,0.41,1096852500.0,2004-10-04 11:15:00+10:00
278.47917,0.45,1096853400.0,2004-10-04 11:30:00+10:00
278.48958,0.43,1096854300.0,2004-10-04 11:45:00+10:00
278.5,0.42,1096855200.0,2004-10-04 12:00:00+10:00
278.51042,0.42,1096856100.0,2004-10-04 12:15:00+10:00
278.52083,0.41,1096857000.0,2004-10-04 12:30:00+10:00
278.53125,0.4,1096857900.0,2004-10-04 12:45:00+10:00
278.54167,0.36,1096858800.0,2004-10-04 13:00:00+10:00
278.55208,0.3,1096859700.0,2004-10-04 13:15:00+10:00
278.5625,0.29,1096860600.0,2004-10-04 13:30:00+10:00
278.57292,0.24,1096861500.0,2004-10-04 13:45:00+10:00
278.58333,0.2,1096862400.0,2004-10-04 14:00:00+10:00
278.59375,0.15,1096863300.0,2004-10-04 14:15:00+10:00
278.60417,0.09,1096864200.0,2004-10-04 14:30:00+10:00
278.61458,0.05,1096865100.0,2004-10-04 14:45:00+10:00
278.625,0.02,1096866000.0,2004-10-04 15:00:00+10:00
278.63542,-0.06,1096866900.0,2004-10-04 15:15:00+10:00
278.64583,-0.1,1096867800.0,2004-10-04 15:30:00+10:00
278.65625,-0.13,1096868700.0,2004-10-04 15:45:00+10:00
278.66667,-0.18,1096869600.0,2004-10-04 16:00:00+10:00
278.67708,-0.21,1096870500.0,2004-10-04 16:15:00+10:00
278.6875,-0.3,1096871400.0,2004-10-04 16:30:00+10:00
278.69792,-0.32,1096872300.0,2004-10-04 16:45:00+10:00
278.70833,-0.34,1096873200.0,2004-10-04 17:00:00+10:00
278.71875,-0.4,1096874100.0,2004-10-04 17:15:00+10:00
278.72917,-0.42,1096875000.0,2004-10-04 17:30:00+10:00
278.73958,-0.46,1096875900.0,2004-10-04 17:45:00+10:00
278.75,-0.46,1096876800.0,2004-10-04 18:00:00+10:00
278.76042,-0.47,1096877700.0,2004-10-04 18:15:00+10:00
278.77083,-0.5,1096878600.0,2004-10-04 18:30:00+10:00
278.78125,-0.5,1096879500.0,2004-10-04 18:45:00+10:00
278.79167,-0.5,1096880400.0,2004-10-04 19:00:00+10:00
278.80208,-0.46,1096881300.0,2004-10-04 19:15:00+10:00
278.8125,-0.47,1096882200.0,2004-10-04 19:30:00+10:00
278.82292,-0.45,1096883100.0,2004-10-04 19:45:00+10:00
278.83333,-0.45,1096884000.0,2004-10-04 20:00:00+10:00
278.84375,-0.43,1096884900.0,2004-10-04 20:15:00+10:00
278.85417,-0.37,1096885800.0,2004-10-04 20:30:00+10:00
278.86458,-0.37,1096886700.0,2004-10-04 20:45:00+10:00
278.875,-0.34,1096887600.0,2004-10-04 21:00:00+10:00
278.88542,-0.3,1096888500.0,2004-10-04 21:15:00+10:00
278.89583,-0.28,1096889400.0,2004-10-04 21:30:00+10:00
278.90625,-0.23,1096890300.0,2004-10-04 21:45:00+10:00
278.91667,-0.21,1096891200.0,2004-10-04 22:00:00+10:00
278.92708,-0.18,1096892100.0,2004-10-04 22:15:00+10:00
278.9375,-0.12,1096893000.0,2004-10-04 22:30:00+10:00
278.94792,-0.11,1096893900.0,2004-10-04 22:45:00+10:00
278.95833,-0.11,1096894800.0,2004-10-04 23:00:00+10:00
278.96875,-0.07,1096895700.0,2004-10-04 23:15:00+10:00
278.97917,-0.02,1096896600.0,2004-10-04 23:30:00+10:00
278.98958,-0.03,1096897500.0,2004-10-04 23:45:00+10:00
279.0,-0.02,1096898400.0,2004-10-05 00:00:00+10:00
279.01042,-0.01,1096899300.0,2004-10-05 00:15:00+10:00
279.02083,-0.01,1096900200.0,2004-10-05 00:30:00+10:00
279.03125,0.02,1096901100.0,2004-10-05 00:45:00+10:00
279.04167,0.01,1096902000.0,2004-10-05 01:00:00+10:00
279.05208,-0.02,1096902900.0,2004-10-05 01:15:00+10:00
279.0625,-0.02,1096903800.0,2004-10-05 01:30:00+10:00
279.07292,-0.04,1096904700.0,2004-10-05 01:45:00+10:00
279.08333,-0.03,1096905600.0,2004-10-05 02:00:00+10:00
279.09375,-0.05,1096906500.0,2004-10-05 02:15:00+10:00
279.10417,-0.1,1096907400.0,2004-10-05 02:30:00+10:00
279.11458,-0.12,1096908300.0,2004-10-05 02:45:00+10:00
279.125,-0.12,1096909200.0,2004-10-05 03:00:00+10:00
279.13542,-0.14,1096910100.0,2004-10-05 03:15:00+10:00
279.14583,-0.18,1096911000.0,2004-10-05 03:30:00+10:00
279.15625,-0.19,1096911900.0,2004-10-05 03:45:00+10:00
279.16667,-0.22,1096912800.0,2004-10-05 04:00:00+10:00
279.17708,-0.24,1096913700.0,2004-10-05 04:15:00+10:00
279.1875,-0.24,1096914600.0,2004-10-05 04:30:00+10:00
279.19792,-0.25,1096915500.0,2004-10-05 04:45:00+10:00
279.20833,-0.28,1096916400.0,2004-10-05 05:00:00+10:00
279.21875,-0.3,1096917300.0,2004-10-05 05:15:00+10:00
279.22917,-0.28,1096918200.0,2004-10-05 05:30:00+10:00
279.23958,-0.3,1096919100.0,2004-10-05 05:45:00+10:00
279.25,-0.3,1096920000.0,2004-10-05 06:00:00+10:00
279.26042,-0.29,1096920900.0,2004-10-05 06:15:00+10:00
279.27083,-0.28,1096921800.0,2004-10-05 06:30:00+10:00
279.28125,-0.28,1096922700.0,2004-10-05 06:45:00+10:00
279.29167,-0.26,1096923600.0,2004-10-05 07:00:00+10:00
279.30208,-0.24,1096924500.0,2004-10-05 07:15:00+10:00
279.3125,-0.2,1096925400.0,2004-10-05 07:30:00+10:00
279.32292,-0.17,1096926300.0,2004-10-05 07:45:00+10:00
279.33333,-0.14,1096927200.0,2004-10-05 08:00:00+10:00
279.34375,-0.1,1096928100.0,2004-10-05 08:15:00+10:00
279.35417,-0.08,1096929000.0,2004-10-05 08:30:00+10:00
279.36458,-0.02,1096929900.0,2004-10-05 08:45:00+10:00
279.375,0.02,1096930800.0,2004-10-05 09:00:00+10:00
279.38542,0.06,1096931700.0,2004-10-05 09:15:00+10:00
279.39583,0.09,1096932600.0,2004-10-05 09:30:00+10:00
279.40625,0.17,1096933500.0,2004-10-05 09:45:00+10:00
279.41667,0.2,1096934400.0,2004-10-05 10:00:00+10:00
279.42708,0.23,1096935300.0,2004-10-05 10:15:00+10:00
279.4375,0.26,1096936200.0,2004-10-05 10:30:00+10:00
279.44792,0.28,1096937100.0,2004-10-05 10:45:00+10:00
279.45833,0.33,1096938000.0,2004-10-05 11:00:00+10:00
279.46875,0.36,1096938900.0,2004-10-05 11:15:00+10:00
279.47917,0.37,1096939800.0,2004-10-05 11:30:00+10:00
279.48958,0.39,1096940700.0,2004-10-05 11:45:00+10:00
279.5,0.41,1096941600.0,2004-10-05 12:00:00+10:00
279.51042,0.42,1096942500.0,2004-10-05 12:15:00+10:00
279.52083,0.42,1096943400.0,2004-10-05 12:30:00+10:00
279.53125,0.4,1096944300.0,2004-10-05 12:45:00+10:00
279.54167,0.39,1096945200.0,2004-10-05 13:00:00+10:00
279.55208,0.4,1096946100.0,2004-10-05 13:15:00+10:00
279.5625,0.36,1096947000.0,2004-10-05 13:30:00+10:00
279.57292,0.33,1096947900.0,2004-10-05 13:45:00+10:00
279.58333,0.27,1096948800.0,2004-10-05 14:00:00+10:00
279.59375,0.29,1096949700.0,2004-10-05 14:15:00+10:00
279.60417,0.24,1096950600.0,2004-10-05 14:30:00+10:00
279.61458,0.18,1096951500.0,2004-10-05 14:45:00+10:00
279.625,0.12,1096952400.0,2004-10-05 15:00:00+10:00
279.63542,0.09,1096953300.0,2004-10-05 15:15:00+10:00
279.64583,0.07,1096954200.0,2004-10-05 15:30:00+10:00
279.65625,0.01,1096955100.0,2004-10-05 15:45:00+10:00
279.66667,-0.03,1096956000.0,2004-10-05 16:00:00+10:00
279.67708,-0.12,1096956900.0,2004-10-05 16:15:00+10:00
279.6875,-0.12,1096957800.0,2004-10-05 16:30:00+10:00
279.69792,-0.17,1096958700.0,2004-10-05 16:45:00+10:00
279.70833,-0.23,1096959600.0,2004-10-05 17:00:00+10:00
279.71875,-0.26,1096960500.0,2004-10-05 17:15:00+10:00
279.72917,-0.33,1096961400.0,2004-10-05 17:30:00+10:00
279.73958,-0.33,1096962300.0,2004-10-05 17:45:00+10:00
279.75,-0.35,1096963200.0,2004-10-05 18:00:00+10:00
279.76042,-0.41,1096964100.0,2004-10-05 18:15:00+10:00
279.77083,-0.47,1096965000.0,2004-10-05 18:30:00+10:00
279.78125,-0.46,1096965900.0,2004-10-05 18:45:00+10:00
279.79167,-0.45,1096966800.0,2004-10-05 19:00:00+10:00
279.80208,-0.48,1096967700.0,2004-10-05 19:15:00+10:00
279.8125,-0.5,1096968600.0,2004-10-05 19:30:00+10:00
279.82292,-0.51,1096969500.0,2004-10-05 19:45:00+10:00
279.83333,-0.48,1096970400.0,2004-10-05 20:00:00+10:00
279.84375,-0.47,1096971300.0,2004-10-05 20:15:00+10:00
279.85417,-0.51,1096972200.0,2004-10-05 20:30:00+10:00
279.86458,-0.46,1096973100.0,2004-10-05 20:45:00+10:00
279.875,-0.46,1096974000.0,2004-10-05 21:00:00+10:00
279.88542,-0.42,1096974900.0,2004-10-05 21:15:00+10:00
279.89583,-0.39,1096975800.0,2004-10-05 21:30:00+10:00
279.90625,-0.39,1096976700.0,2004-10-05 21:45:00+10:00
279.91667,-0.35,1096977600.0,2004-10-05 22:00:00+10:00
279.92708,-0.31,1096978500.0,2004-10-05 22:15:00+10:00
279.9375,-0.28,1096979400.0,2004-10-05 22:30:00+10:00
279.94792,-0.26,1096980300.0,2004-10-05 22:45:00+10:00
279.95833,-0.23,1096981200.0,2004-10-05 23:00:00+10:00
279.96875,-0.17,1096982100.0,2004-10-05 23:15:00+10:00
279.97917,-0.17,1096983000.0,2004-10-05 23:30:00+10:00
279.98958,-0.18,1096983900.0,2004-10-05 23:45:00+10:00
280.0,-0.09,1096984800.0,2004-10-06 00:00:00+10:00
280.01042,-0.06,1096985700.0,2004-10-06 00:15:00+10:00
280.02083,-0.09,1096986600.0,2004-10-06 00:30:00+10:00
280.03125,-0.06,1096987500.0,2004-10-06 00:45:00+10:00
280.04167,-0.04,1096988400.0,2004-10-06 01:00:00+10:00
280.05208,-0.04,1096989300.0,2004-10-06 01:15:00+10:00
280.0625,-0.01,1096990200.0,2004-10-06 01:30:00+10:00
280.07292,-0.03,1096991100.0,2004-10-06 01:45:00+10:00
280.08333,-0.04,1096992000.0,2004-10-06 02:00:00+10:00
280.09375,-0.01,1096992900.0,2004-10-06 02:15:00+10:00
280.10417,-0.01,1096993800.0,2004-10-06 02:30:00+10:00
280.11458,-0.04,1096994700.0,2004-10-06 02:45:00+10:00
280.125,-0.06,1096995600.0,2004-10-06 03:00:00+10:00
280.13542,-0.07,1096996500.0,2004-10-06 03:15:00+10:00
280.14583,-0.05,1096997400.0,2004-10-06 03:30:00+10:00
280.15625,-0.08,1096998300.0,2004-10-06 03:45:00+10:00
280.16667,-0.11,1096999200.0,2004-10-06 04:00:00+10:00
280.17708,-0.12,1097000100.0,2004-10-06 04:15:00+10:00
280.1875,-0.14,1097001000.0,2004-10-06 04:30:00+10:00
280.19792,-0.12,1097001900.0,2004-10-06 04:45:00+10:00
280.20833,-0.15,1097002800.0,2004-10-06 05:00:00+10:00
280.21875,-0.2,1097003700.0,2004-10-06 05:15:00+10:00
280.22917,-0.2,1097004600.0,2004-10-06 05:30:00+10:00
280.23958,-0.19,1097005500.0,2004-10-06 05:45:00+10:00
280.25,-0.2,1097006400.0,2004-10-06 06:00:00+10:00
280.26042,-0.23,1097007300.0,2004-10-06 06:15:00+10:00
280.27083,-0.24,1097008200.0,2004-10-06 06:30:00+10:00
280.28125,-0.23,1097009100.0,2004-10-06 06:45:00+10:00
280.29167,-0.21,1097010000.0,2004-10-06 07:00:00+10:00
280.30208,-0.2,1097010900.0,2004-10-06 07:15:00+10:00
280.3125,-0.2,1097011800.0,2004-10-06 07:30:00+10:00
280.32292,-0.19,1097012700.0,2004-10-06 07:45:00+10:00
280.33333,-0.18,1097013600.0,2004-10-06 08:00:00+10:00
280.34375,-0.13,1097014500.0,2004-10-06 08:15:00+10:00
280.35417,-0.11,1097015400.0,2004-10-06 08:30:00+10:00
280.36458,-0.11,1097016300.0,2004-10-06 08:45:00+10:00
280.375,-0.09,1097017200.0,2004-10-06 09:00:00+10:00
280.38542,-0.04,1097018100.0,2004-10-06 09:15:00+10:00
280.39583,0.01,1097019000.0,2004-10-06 09:30:00+10:00
280.40625,0.01,1097019900.0,2004-10-06 09:45:00+10:00
280.41667,0.07,1097020800.0,2004-10-06 10:00:00+10:00
280.42708,0.1,1097021700.0,2004-10-06 10:15:00+10:00
280.4375,0.12,1097022600.0,2004-10-06 10:30:00+10:00
280.44792,0.19,1097023500.0,2004-10-06 10:45:00+10:00
280.45833,0.21,1097024400.0,2004-10-06 11:00:00+10:00
280.46875,0.24,1097025300.0,2004-10-06 11:15:00+10:00
280.47917,0.29,1097026200.0,2004-10-06 11:30:00+10:00
280.48958,0.33,1097027100.0,2004-10-06 11:45:00+10:00
280.5,0.33,1097028000.0,2004-10-06 12:00:00+10:00
280.51042,0.36,1097028900.0,2004-10-06 12:15:00+10:00
280.52083,0.38,1097029800.0,2004-10-06 12:30:00+10:00
280.53125,0.38,1097030700.0,2004-10-06 12:45:00+10:00
280.54167,0.41,1097031600.0,2004-10-06 13:00:00+10:00
280.55208,0.39,1097032500.0,2004-10-06 13:15:00+10:00
280.5625,0.39,1097033400.0,2004-10-06 13:30:00+10:00
280.57292,0.4,1097034300.0,2004-10-06 13:45:00+10:00
280.58333,0.39,1097035200.0,2004-10-06 14:00:00+10:00
280.59375,0.37,1097036100.0,2004-10-06 14:15:00+10:00
280.60417,0.33,1097037000.0,2004-10-06 14:30:00+10:00
280.61458,0.31,1097037900.0,2004-10-06 14:45:00+10:00
280.625,0.32,1097038800.0,2004-10-06 15:00:00+10:00
280.63542,0.29,1097039700.0,2004-10-06 15:15:00+10:00
280.64583,0.22,1097040600.0,2004-10-06 15:30:00+10:00
280.65625,0.19,1097041500.0,2004-10-06 15:45:00+10:00
280.66667,0.16,1097042400.0,2004-10-06 16:00:00+10:00
280.67708,0.11,1097043300.0,2004-10-06 16:15:00+10:00
280.6875,0.07,1097044200.0,2004-10-06 16:30:00+10:00
280.69792,0.01,1097045100.0,2004-10-06 16:45:00+10:00
280.70833,-0.02,1097046000.0,2004-10-06 17:00:00+10:00
280.71875,-0.07,1097046900.0,2004-10-06 17:15:00+10:00
280.72917,-0.11,1097047800.0,2004-10-06 17:30:00+10:00
280.73958,-0.18,1097048700.0,2004-10-06 17:45:00+10:00
280.75,-0.22,1097049600.0,2004-10-06 18:00:00+10:00
280.76042,-0.25,1097050500.0,2004-10-06 18:15:00+10:00
280.77083,-0.3,1097051400.0,2004-10-06 18:30:00+10:00
280.78125,-0.33,1097052300.0,2004-10-06 18:45:00+10:00
280.79167,-0.35,1097053200.0,2004-10-06 19:00:00+10:00
280.80208,-0.41,1097054100.0,2004-10-06 19:15:00+10:00
280.8125,-0.43,1097055000.0,2004-10-06 19:30:00+10:00
280.82292,-0.4,1097055900.0,2004-10-06 19:45:00+10:00
280.83333,-0.46,1097056800.0,2004-10-06 20:00:00+10:00
280.84375,-0.48,1097057700.0,2004-10-06 20:15:00+10:00
280.85417,-0.47,1097058600.0,2004-10-06 20:30:00+10:00
280.86458,-0.48,1097059500.0,2004-10-06 20:45:00+10:00
280.875,-0.48,1097060400.0,2004-10-06 21:00:00+10:00
280.88542,-0.47,1097061300.0,2004-10-06 21:15:00+10:00
280.89583,-0.5,1097062200.0,2004-10-06 21:30:00+10:00
280.90625,-0.47,1097063100.0,2004-10-06 21:45:00+10:00
280.91667,-0.44,1097064000.0,2004-10-06 22:00:00+10:00
280.92708,-0.43,1097064900.0,2004-10-06 22:15:00+10:00
280.9375,-0.41,1097065800.0,2004-10-06 22:30:00+10:00
280.94792,-0.39,1097066700.0,2004-10-06 22:45:00+10:00
280.95833,-0.36,1097067600.0,2004-10-06 23:00:00+10:00
280.96875,-0.32,1097068500.0,2004-10-06 23:15:00+10:00
280.97917,-0.31,1097069400.0,2004-10-06 23:30:00+10:00
280.98958,-0.27,1097070300.0,2004-10-06 23:45:00+10:00
281.0,-0.25,1097071200.0,2004-10-07 00:00:00+10:00
281.01042,-0.22,1097072100.0,2004-10-07 00:15:00+10:00
281.02083,-0.17,1097073000.0,2004-10-07 00:30:00+10:00
281.03125,-0.16,1097073900.0,2004-10-07 00:45:00+10:00
281.04167,-0.15,1097074800.0,2004-10-07 01:00:00+10:00
281.05208,-0.12,1097075700.0,2004-10-07 01:15:00+10:00
281.0625,-0.09,1097076600.0,2004-10-07 01:30:00+10:00
281.07292,-0.06,1097077500.0,2004-10-07 01:45:00+10:00
281.08333,-0.06,1097078400.0,2004-10-07 02:00:00+10:00
281.09375,-0.08,1097079300.0,2004-10-07 02:15:00+10:00
281.10417,-0.06,1097080200.0,2004-10-07 02:30:00+10:00
281.11458,-0.01,1097081100.0,2004-10-07 02:45:00+10:00
281.125,-0.03,1097082000.0,2004-10-07 03:00:00+10:00
281.13542,-0.05,1097082900.0,2004-10-07 03:15:00+10:00
281.14583,-0.06,1097083800.0,2004-10-07 03:30:00+10:00
281.15625,-0.06,1097084700.0,2004-10-07 03:45:00+10:00
281.16667,-0.03,1097085600.0,2004-10-07 04:00:00+10:00
281.17708,-0.06,1097086500.0,2004-10-07 04:15:00+10:00
281.1875,-0.09,1097087400.0,2004-10-07 04:30:00+10:00
281.19792,-0.11,1097088300.0,2004-10-07 04:45:00+10:00
281.20833,-0.09,1097089200.0,2004-10-07 05:00:00+10:00
281.21875,-0.11,1097090100.0,2004-10-07 05:15:00+10:00
281.22917,-0.13,1097091000.0,2004-10-07 05:30:00+10:00
281.23958,-0.17,1097091900.0,2004-10-07 05:45:00+10:00
281.25,-0.2,1097092800.0,2004-10-07 06:00:00+10:00
281.26042,-0.18,1097093700.0,2004-10-07 06:15:00+10:00
281.27083,-0.2,1097094600.0,2004-10-07 06:30:00+10:00
281.28125,-0.21,1097095500.0,2004-10-07 06:45:00+10:00
281.29167,-0.24,1097096400.0,2004-10-07 07:00:00+10:00
281.30208,-0.27,1097097300.0,2004-10-07 07:15:00+10:00
281.3125,-0.22,1097098200.0,2004-10-07 07:30:00+10:00
281.32292,-0.24,1097099100.0,2004-10-07 07:45:00+10:00
281.33333,-0.26,1097100000.0,2004-10-07 08:00:00+10:00
281.34375,-0.27,1097100900.0,2004-10-07 08:15:00+10:00
281.35417,-0.24,1097101800.0,2004-10-07 08:30:00+10:00
281.36458,-0.19,1097102700.0,2004-10-07 08:45:00+10:00
281.375,-0.19,1097103600.0,2004-10-07 09:00:00+10:00
281.38542,-0.23,1097104500.0,2004-10-07 09:15:00+10:00
281.39583,-0.19,1097105400.0,2004-10-07 09:30:00+10:00
281.40625,-0.12,1097106300.0,2004-10-07 09:45:00+10:00
281.41667,-0.1,1097107200.0,2004-10-07 10:00:00+10:00
281.42708,-0.14,1097108100.0,2004-10-07 10:15:00+10:00
281.4375,-0.09,1097109000.0,2004-10-07 10:30:00+10:00
281.44792,-0.05,1097109900.0,2004-10-07 10:45:00+10:00
281.45833,0.02,1097110800.0,2004-10-07 11:00:00+10:00
281.46875,0.04,1097111700.0,2004-10-07 11:15:00+10:00
281.47917,0.06,1097112600.0,2004-10-07 11:30:00+10:00
281.48958,0.1,1097113500.0,2004-10-07 11:45:00+10:00
281.5,0.13,1097114400.0,2004-10-07 12:00:00+10:00
281.51042,0.22,1097115300.0,2004-10-07 12:15:00+10:00
281.52083,0.15,1097116200.0,2004-10-07 12:30:00+10:00
281.53125,0.25,1097117100.0,2004-10-07 12:45:00+10:00
281.54167,0.27,1097118000.0,2004-10-07 13:00:00+10:00
281.55208,0.2,1097118900.0,2004-10-07 13:15:00+10:00
281.5625,0.33,1097119800.0,2004-10-07 13:30:00+10:00
281.57292,0.31,1097120700.0,2004-10-07 13:45:00+10:00
281.58333,0.29,1097121600.0,2004-10-07 14:00:00+10:00
281.59375,0.3,1097122500.0,2004-10-07 14:15:00+10:00
281.60417,0.28,1097123400.0,2004-10-07 14:30:00+10:00
281.61458,0.32,1097124300.0,2004-10-07 14:45:00+10:00
281.625,0.33,1097125200.0,2004-10-07 15:00:00+10:00
281.63542,0.31,1097126100.0,2004-10-07 15:15:00+10:00
281.64583,0.25,1097127000.0,2004-10-07 15:30:00+10:00
281.65625,0.34,1097127900.0,2004-10-07 15:45:00+10:00
281.66667,0.28,1097128800.0,2004-10-07 16:00:00+10:00
281.67708,0.22,1097129700.0,2004-10-07 16:15:00+10:00
281.6875,0.23,1097130600.0,2004-10-07 16:30:00+10:00
281.69792,0.18,1097131500.0,2004-10-07 16:45:00+10:00
281.70833,0.17,1097132400.0,2004-10-07 17:00:00+10:00
281.71875,0.1,1097133300.0,2004-10-07 17:15:00+10:00
281.72917,0.03,1097134200.0,2004-10-07 17:30:00+10:00
281.73958,0.03,1097135100.0,2004-10-07 17:45:00+10:00
281.75,0.01,1097136000.0,2004-10-07 18:00:00+10:00
281.76042,0.0,1097136900.0,2004-10-07 18:15:00+10:00
281.77083,-0.15,1097137800.0,2004-10-07 18:30:00+10:00
281.78125,-0.19,1097138700.0,2004-10-07 18:45:00+10:00
281.79167,-0.1,1097139600.0,2004-10-07 19:00:00+10:00
281.80208,-0.24,1097140500.0,2004-10-07 19:15:00+10:00
281.8125,-0.28,1097141400.0,2004-10-07 19:30:00+10:00
281.82292,-0.31,1097142300.0,2004-10-07 19:45:00+10:00
281.83333,-0.35,1097143200.0,2004-10-07 20:00:00+10:00
281.84375,-0.39,1097144100.0,2004-10-07 20:15:00+10:00
281.85417,-0.37,1097145000.0,2004-10-07 20:30:00+10:00
281.86458,-0.5,1097145900.0,2004-10-07 20:45:00+10:00
281.875,-0.6,1097146800.0,2004-10-07 21:00:00+10:00
281.88542,-0.37,1097147700.0,2004-10-07 21:15:00+10:00
281.89583,-0.58,1097148600.0,2004-10-07 21:30:00+10:00
281.90625,-0.53,1097149500.0,2004-10-07 21:45:00+10:00
281.91667,-0.45,1097150400.0,2004-10-07 22:00:00+10:00
281.92708,-0.66,1097151300.0,2004-10-07 22:15:00+10:00
281.9375,-0.39,1097152200.0,2004-10-07 22:30:00+10:00
281.94792,-0.51,1097153100.0,2004-10-07 22:45:00+10:00
281.95833,-0.54,1097154000.0,2004-10-07 23:00:00+10:00
281.96875,-0.46,1097154900.0,2004-10-07 23:15:00+10:00
281.97917,-0.45,1097155800.0,2004-10-07 23:30:00+10:00
281.98958,-0.36,1097156700.0,2004-10-07 23:45:00+10:00
282.0,-0.45,1097157600.0,2004-10-08 00:00:00+10:00
282.01042,-0.31,1097158500.0,2004-10-08 00:15:00+10:00
282.02083,-0.35,1097159400.0,2004-10-08 00:30:00+10:00
282.03125,-0.3,1097160300.0,2004-10-08 00:45:00+10:00
282.04167,-0.23,1097161200.0,2004-10-08 01:00:00+10:00
282.05208,-0.26,1097162100.0,2004-10-08 01:15:00+10:00
282.0625,-0.17,1097163000.0,2004-10-08 01:30:00+10:00
282.07292,-0.18,1097163900.0,2004-10-08 01:45:00+10:00
282.08333,-0.06,1097164800.0,2004-10-08 02:00:00+10:00
282.09375,-0.11,1097165700.0,2004-10-08 02:15:00+10:00
282.10417,-0.11,1097166600.0,2004-10-08 02:30:00+10:00
282.11458,0.02,1097167500.0,2004-10-08 02:45:00+10:00
282.125,-0.04,1097168400.0,2004-10-08 03:00:00+10:00
282.13542,-0.03,1097169300.0,2004-10-08 03:15:00+10:00
282.14583,0.05,1097170200.0,2004-10-08 03:30:00+10:00
282.15625,-0.01,1097171100.0,2004-10-08 03:45:00+10:00
282.16667,0.04,1097172000.0,2004-10-08 04:00:00+10:00
282.17708,0.07,1097172900.0,2004-10-08 04:15:00+10:00
282.1875,0.0,1097173800.0,2004-10-08 04:30:00+10:00
282.19792,0.02,1097174700.0,2004-10-08 04:45:00+10:00
282.20833,0.06,1097175600.0,2004-10-08 05:00:00+10:00
282.21875,0.05,1097176500.0,2004-10-08 05:15:00+10:00
282.22917,-0.03,1097177400.0,2004-10-08 05:30:00+10:00
282.23958,0.0,1097178300.0,2004-10-08 05:45:00+10:00
282.25,-0.07,1097179200.0,2004-10-08 06:00:00+10:00
282.26042,-0.03,1097180100.0,2004-10-08 06:15:00+10:00
282.27083,-0.05,1097181000.0,2004-10-08 06:30:00+10:00
282.28125,-0.12,1097181900.0,2004-10-08 06:45:00+10:00
282.29167,-0.08,1097182800.0,2004-10-08 07:00:00+10:00
282.30208,-0.15,1097183700.0,2004-10-08 07:15:00+10:00
282.3125,-0.11,1097184600.0,2004-10-08 07:30:00+10:00
282.32292,-0.15,1097185500.0,2004-10-08 07:45:00+10:00
282.33333,-0.2,1097186400.0,2004-10-08 08:00:00+10:00
282.34375,-0.16,1097187300.0,2004-10-08 08:15:00+10:00
282.35417,-0.21,1097188200.0,2004-10-08 08:30:00+10:00
282.36458,-0.19,1097189100.0,2004-10-08 08:45:00+10:00
282.375,-0.23,1097190000.0,2004-10-08 09:00:00+10:00
282.38542,-0.19,1097190900.0,2004-10-08 09:15:00+10:00
282.39583,-0.23,1097191800.0,2004-10-08 09:30:00+10:00
282.40625,-0.21,1097192700.0,2004-10-08 09:45:00+10:00
282.41667,-0.18,1097193600.0,2004-10-08 10:00:00+10:00
282.42708,-0.22,1097194500.0,2004-10-08 10:15:00+10:00
282.4375,-0.14,1097195400.0,2004-10-08 10:30:00+10:00
282.44792,-0.13,1097196300.0,2004-10-08 10:45:00+10:00
282.45833,-0.1,1097197200.0,2004-10-08 11:00:00+10:00
282.46875,-0.08,1097198100.0,2004-10-08 11:15:00+10:00
282.47917,-0.05,1097199000.0,2004-10-08 11:30:00+10:00
282.48958,-0.01,1097199900.0,2004-10-08 11:45:00+10:00
282.5,0.03,1097200800.0,2004-10-08 12:00:00+10:00
282.51042,0.07,1097201700.0,2004-10-08 12:15:00+10:00
282.52083,0.12,1097202600.0,2004-10-08 12:30:00+10:00
282.53125,0.16,1097203500.0,2004-10-08 12:45:00+10:00
282.54167,0.21,1097204400.0,2004-10-08 13:00:00+10:00
282.55208,0.26,1097205300.0,2004-10-08 13:15:00+10:00
282.5625,0.28,1097206200.0,2004-10-08 13:30:00+10:00
282.57292,0.3,1097207100.0,2004-10-08 13:45:00+10:00
282.58333,0.4,1097208000.0,2004-10-08 14:00:00+10:00
282.59375,0.39,1097208900.0,2004-10-08 14:15:00+10:00
282.60417,0.41,1097209800.0,2004-10-08 14:30:00+10:00
282.61458,0.48,1097210700.0,2004-10-08 14:45:00+10:00
282.625,0.46,1097211600.0,2004-10-08 15:00:00+10:00
282.63542,0.48,1097212500.0,2004-10-08 15:15:00+10:00
282.64583,0.52,1097213400.0,2004-10-08 15:30:00+10:00
282.65625,0.51,1097214300.0,2004-10-08 15:45:00+10:00
282.66667,0.5,1097215200.0,2004-10-08 16:00:00+10:00
282.67708,0.5,1097216100.0,2004-10-08 16:15:00+10:00
282.6875,0.48,1097217000.0,2004-10-08 16:30:00+10:00
282.69792,0.48,1097217900.0,2004-10-08 16:45:00+10:00
282.70833,0.49,1097218800.0,2004-10-08 17:00:00+10:00
282.71875,0.41,1097219700.0,2004-10-08 17:15:00+10:00
282.72917,0.37,1097220600.0,2004-10-08 17:30:00+10:00
282.73958,0.39,1097221500.0,2004-10-08 17:45:00+10:00
282.75,0.34,1097222400.0,2004-10-08 18:00:00+10:00
282.76042,0.3,1097223300.0,2004-10-08 18:15:00+10:00
282.77083,0.22,1097224200.0,2004-10-08 18:30:00+10:00
282.78125,0.21,1097225100.0,2004-10-08 18:45:00+10:00
282.79167,0.19,1097226000.0,2004-10-08 19:00:00+10:00
282.80208,0.09,1097226900.0,2004-10-08 19:15:00+10:00
282.8125,0.07,1097227800.0,2004-10-08 19:30:00+10:00
282.82292,0.0,1097228700.0,2004-10-08 19:45:00+10:00
282.83333,-0.07,1097229600.0,2004-10-08 20:00:00+10:00
282.84375,-0.07,1097230500.0,2004-10-08 20:15:00+10:00
282.85417,-0.12,1097231400.0,2004-10-08 20:30:00+10:00
282.86458,-0.17,1097232300.0,2004-10-08 20:45:00+10:00
282.875,-0.26,1097233200.0,2004-10-08 21:00:00+10:00
282.88542,-0.22,1097234100.0,2004-10-08 21:15:00+10:00
282.89583,-0.26,1097235000.0,2004-10-08 21:30:00+10:00
282.90625,-0.31,1097235900.0,2004-10-08 21:45:00+10:00
282.91667,-0.3,1097236800.0,2004-10-08 22:00:00+10:00
282.92708,-0.34,1097237700.0,2004-10-08 22:15:00+10:00
282.9375,-0.34,1097238600.0,2004-10-08 22:30:00+10:00
282.94792,-0.34,1097239500.0,2004-10-08 22:45:00+10:00
282.95833,-0.32,1097240400.0,2004-10-08 23:00:00+10:00
282.96875,-0.37,1097241300.0,2004-10-08 23:15:00+10:00
282.97917,-0.34,1097242200.0,2004-10-08 23:30:00+10:00
282.98958,-0.28,1097243100.0,2004-10-08 23:45:00+10:00
283.0,-0.32,1097244000.0,2004-10-09 00:00:00+10:00
283.01042,-0.27,1097244900.0,2004-10-09 00:15:00+10:00
283.02083,-0.26,1097245800.0,2004-10-09 00:30:00+10:00
283.03125,-0.23,1097246700.0,2004-10-09 00:45:00+10:00
283.04167,-0.18,1097247600.0,2004-10-09 01:00:00+10:00
283.05208,-0.15,1097248500.0,2004-10-09 01:15:00+10:00
283.0625,-0.1,1097249400.0,2004-10-09 01:30:00+10:00
283.07292,-0.08,1097250300.0,2004-10-09 01:45:00+10:00
283.08333,-0.02,1097251200.0,2004-10-09 02:00:00+10:00
283.09375,0.01,1097252100.0,2004-10-09 02:15:00+10:00
283.10417,0.04,1097253000.0,2004-10-09 02:30:00+10:00
283.11458,0.08,1097253900.0,2004-10-09 02:45:00+10:00
283.125,0.12,1097254800.0,2004-10-09 03:00:00+10:00
283.13542,0.15,1097255700.0,2004-10-09 03:15:00+10:00
283.14583,0.15,1097256600.0,2004-10-09 03:30:00+10:00
283.15625,0.21,1097257500.0,2004-10-09 03:45:00+10:00
283.16667,0.2,1097258400.0,2004-10-09 04:00:00+10:00
283.17708,0.21,1097259300.0,2004-10-09 04:15:00+10:00
283.1875,0.25,1097260200.0,2004-10-09 04:30:00+10:00
283.19792,0.23,1097261100.0,2004-10-09 04:45:00+10:00
283.20833,0.24,1097262000.0,2004-10-09 05:00:00+10:00
283.21875,0.23,1097262900.0,2004-10-09 05:15:00+10:00
283.22917,0.22,1097263800.0,2004-10-09 05:30:00+10:00
283.23958,0.2,1097264700.0,2004-10-09 05:45:00+10:00
283.25,0.2,1097265600.0,2004-10-09 06:00:00+10:00
283.26042,0.18,1097266500.0,2004-10-09 06:15:00+10:00
283.27083,0.12,1097267400.0,2004-10-09 06:30:00+10:00
283.28125,0.12,1097268300.0,2004-10-09 06:45:00+10:00
283.29167,0.08,1097269200.0,2004-10-09 07:00:00+10:00
283.30208,0.04,1097270100.0,2004-10-09 07:15:00+10:00
283.3125,0.03,1097271000.0,2004-10-09 07:30:00+10:00
283.32292,-0.02,1097271900.0,2004-10-09 07:45:00+10:00
283.33333,-0.06,1097272800.0,2004-10-09 08:00:00+10:00
283.34375,-0.09,1097273700.0,2004-10-09 08:15:00+10:00
283.35417,-0.13,1097274600.0,2004-10-09 08:30:00+10:00
283.36458,-0.15,1097275500.0,2004-10-09 08:45:00+10:00
283.375,-0.17,1097276400.0,2004-10-09 09:00:00+10:00
283.38542,-0.19,1097277300.0,2004-10-09 09:15:00+10:00
283.39583,-0.23,1097278200.0,2004-10-09 09:30:00+10:00
283.40625,-0.24,1097279100.0,2004-10-09 09:45:00+10:00
283.41667,-0.26,1097280000.0,2004-10-09 10:00:00+10:00
283.42708,-0.27,1097280900.0,2004-10-09 10:15:00+10:00
283.4375,-0.27,1097281800.0,2004-10-09 10:30:00+10:00
283.44792,-0.27,1097282700.0,2004-10-09 10:45:00+10:00
283.45833,-0.27,1097283600.0,2004-10-09 11:00:00+10:00
283.46875,-0.25,1097284500.0,2004-10-09 11:15:00+10:00
283.47917,-0.22,1097285400.0,2004-10-09 11:30:00+10:00
283.48958,-0.23,1097286300.0,2004-10-09 11:45:00+10:00
283.5,-0.2,1097287200.0,2004-10-09 12:00:00+10:00
283.51042,-0.16,1097288100.0,2004-10-09 12:15:00+10:00
283.52083,-0.12,1097289000.0,2004-10-09 12:30:00+10:00
283.53125,-0.1,1097289900.0,2004-10-09 12:45:00+10:00
283.54167,-0.05,1097290800.0,2004-10-09 13:00:00+10:00
283.55208,-0.03,1097291700.0,2004-10-09 13:15:00+10:00
283.5625,0.01,1097292600.0,2004-10-09 13:30:00+10:00
283.57292,0.08,1097293500.0,2004-10-09 13:45:00+10:00
283.58333,0.12,1097294400.0,2004-10-09 14:00:00+10:00
283.59375,0.14,1097295300.0,2004-10-09 14:15:00+10:00
283.60417,0.18,1097296200.0,2004-10-09 14:30:00+10:00
283.61458,0.23,1097297100.0,2004-10-09 14:45:00+10:00
283.625,0.29,1097298000.0,2004-10-09 15:00:00+10:00
283.63542,0.29,1097298900.0,2004-10-09 15:15:00+10:00
283.64583,0.31,1097299800.0,2004-10-09 15:30:00+10:00
283.65625,0.33,1097300700.0,2004-10-09 15:45:00+10:00
283.66667,0.36,1097301600.0,2004-10-09 16:00:00+10:00
283.67708,0.38,1097302500.0,2004-10-09 16:15:00+10:00
283.6875,0.37,1097303400.0,2004-10-09 16:30:00+10:00
283.69792,0.36,1097304300.0,2004-10-09 16:45:00+10:00
283.70833,0.36,1097305200.0,2004-10-09 17:00:00+10:00
283.71875,0.37,1097306100.0,2004-10-09 17:15:00+10:00
283.72917,0.34,1097307000.0,2004-10-09 17:30:00+10:00
283.73958,0.3,1097307900.0,2004-10-09 17:45:00+10:00
283.75,0.28,1097308800.0,2004-10-09 18:00:00+10:00
283.76042,0.25,1097309700.0,2004-10-09 18:15:00+10:00
283.77083,0.22,1097310600.0,2004-10-09 18:30:00+10:00
283.78125,0.17,1097311500.0,2004-10-09 18:45:00+10:00
283.79167,0.11,1097312400.0,2004-10-09 19:00:00+10:00
283.80208,0.04,1097313300.0,2004-10-09 19:15:00+10:00
283.8125,0.0,1097314200.0,2004-10-09 19:30:00+10:00
283.82292,-0.06,1097315100.0,2004-10-09 19:45:00+10:00
283.83333,-0.13,1097316000.0,2004-10-09 20:00:00+10:00
283.84375,-0.2,1097316900.0,2004-10-09 20:15:00+10:00
283.85417,-0.25,1097317800.0,2004-10-09 20:30:00+10:00
283.86458,-0.32,1097318700.0,2004-10-09 20:45:00+10:00
283.875,-0.36,1097319600.0,2004-10-09 21:00:00+10:00
283.88542,-0.42,1097320500.0,2004-10-09 21:15:00+10:00
283.89583,-0.48,1097321400.0,2004-10-09 21:30:00+10:00
283.90625,-0.52,1097322300.0,2004-10-09 21:45:00+10:00
283.91667,-0.56,1097323200.0,2004-10-09 22:00:00+10:00
283.92708,-0.59,1097324100.0,2004-10-09 22:15:00+10:00
283.9375,-0.61,1097325000.0,2004-10-09 22:30:00+10:00
283.94792,-0.65,1097325900.0,2004-10-09 22:45:00+10:00
283.95833,-0.69,1097326800.0,2004-10-09 23:00:00+10:00
283.96875,-0.68,1097327700.0,2004-10-09 23:15:00+10:00
283.97917,-0.67,1097328600.0,2004-10-09 23:30:00+10:00
283.98958,-0.68,1097329500.0,2004-10-09 23:45:00+10:00
284.0,-0.68,1097330400.0,2004-10-10 00:00:00+10:00
284.01042,-0.66,1097331300.0,2004-10-10 00:15:00+10:00
284.02083,-0.63,1097332200.0,2004-10-10 00:30:00+10:00
284.03125,-0.61,1097333100.0,2004-10-10 00:45:00+10:00
284.04167,-0.57,1097334000.0,2004-10-10 01:00:00+10:00
284.05208,-0.55,1097334900.0,2004-10-10 01:15:00+10:00
284.0625,-0.52,1097335800.0,2004-10-10 01:30:00+10:00
284.07292,-0.44,1097336700.0,2004-10-10 01:45:00+10:00
284.08333,-0.41,1097337600.0,2004-10-10 02:00:00+10:00
284.09375,-0.35,1097338500.0,2004-10-10 02:15:00+10:00
284.10417,-0.3,1097339400.0,2004-10-10 02:30:00+10:00
284.11458,-0.27,1097340300.0,2004-10-10 02:45:00+10:00
284.125,-0.2,1097341200.0,2004-10-10 03:00:00+10:00
284.13542,-0.16,1097342100.0,2004-10-10 03:15:00+10:00
284.14583,-0.11,1097343000.0,2004-10-10 03:30:00+10:00
284.15625,-0.07,1097343900.0,2004-10-10 03:45:00+10:00
284.16667,-0.03,1097344800.0,2004-10-10 04:00:00+10:00
284.17708,0.0,1097345700.0,2004-10-10 04:15:00+10:00
284.1875,0.05,1097346600.0,2004-10-10 04:30:00+10:00
284.19792,0.07,1097347500.0,2004-10-10 04:45:00+10:00
284.20833,0.07,1097348400.0,2004-10-10 05:00:00+10:00
284.21875,0.11,1097349300.0,2004-10-10 05:15:00+10:00
284.22917,0.1,1097350200.0,2004-10-10 05:30:00+10:00
284.23958,0.12,1097351100.0,2004-10-10 05:45:00+10:00
284.25,0.1,1097352000.0,2004-10-10 06:00:00+10:00
284.26042,0.07,1097352900.0,2004-10-10 06:15:00+10:00
284.27083,0.09,1097353800.0,2004-10-10 06:30:00+10:00
284.28125,0.06,1097354700.0,2004-10-10 06:45:00+10:00
284.29167,0.04,1097355600.0,2004-10-10 07:00:00+10:00
284.30208,0.0,1097356500.0,2004-10-10 07:15:00+10:00
284.3125,-0.03,1097357400.0,2004-10-10 07:30:00+10:00
284.32292,-0.06,1097358300.0,2004-10-10 07:45:00+10:00
284.33333,-0.09,1097359200.0,2004-10-10 08:00:00+10:00
284.34375,-0.15,1097360100.0,2004-10-10 08:15:00+10:00
284.35417,-0.18,1097361000.0,2004-10-10 08:30:00+10:00
284.36458,-0.21,1097361900.0,2004-10-10 08:45:00+10:00
284.375,-0.25,1097362800.0,2004-10-10 09:00:00+10:00
284.38542,-0.3,1097363700.0,2004-10-10 09:15:00+10:00
284.39583,-0.32,1097364600.0,2004-10-10 09:30:00+10:00
284.40625,-0.35,1097365500.0,2004-10-10 09:45:00+10:00
284.41667,-0.39,1097366400.0,2004-10-10 10:00:00+10:00
284.42708,-0.4,1097367300.0,2004-10-10 10:15:00+10:00
284.4375,-0.43,1097368200.0,2004-10-10 10:30:00+10:00
284.44792,-0.44,1097369100.0,2004-10-10 10:45:00+10:00
284.45833,-0.45,1097370000.0,2004-10-10 11:00:00+10:00
284.46875,-0.44,1097370900.0,2004-10-10 11:15:00+10:00
284.47917,-0.44,1097371800.0,2004-10-10 11:30:00+10:00
284.48958,-0.43,1097372700.0,2004-10-10 11:45:00+10:00
284.5,-0.43,1097373600.0,2004-10-10 12:00:00+10:00
284.51042,-0.39,1097374500.0,2004-10-10 12:15:00+10:00
284.52083,-0.38,1097375400.0,2004-10-10 12:30:00+10:00
284.53125,-0.34,1097376300.0,2004-10-10 12:45:00+10:00
284.54167,-0.31,1097377200.0,2004-10-10 13:00:00+10:00
284.55208,-0.27,1097378100.0,2004-10-10 13:15:00+10:00
284.5625,-0.2,1097379000.0,2004-10-10 13:30:00+10:00
284.57292,-0.17,1097379900.0,2004-10-10 13:45:00+10:00
284.58333,-0.12,1097380800.0,2004-10-10 14:00:00+10:00
284.59375,-0.07,1097381700.0,2004-10-10 14:15:00+10:00
284.60417,-0.02,1097382600.0,2004-10-10 14:30:00+10:00
284.61458,0.05,1097383500.0,2004-10-10 14:45:00+10:00
284.625,0.07,1097384400.0,2004-10-10 15:00:00+10:00
284.63542,0.16,1097385300.0,2004-10-10 15:15:00+10:00
284.64583,0.18,1097386200.0,2004-10-10 15:30:00+10:00
284.65625,0.24,1097387100.0,2004-10-10 15:45:00+10:00
284.66667,0.26,1097388000.0,2004-10-10 16:00:00+10:00
284.67708,0.31,1097388900.0,2004-10-10 16:15:00+10:00
284.6875,0.34,1097389800.0,2004-10-10 16:30:00+10:00
284.69792,0.34,1097390700.0,2004-10-10 16:45:00+10:00
284.70833,0.41,1097391600.0,2004-10-10 17:00:00+10:00
284.71875,0.37,1097392500.0,2004-10-10 17:15:00+10:00
284.72917,0.38,1097393400.0,2004-10-10 17:30:00+10:00
284.73958,0.4,1097394300.0,2004-10-10 17:45:00+10:00
284.75,0.37,1097395200.0,2004-10-10 18:00:00+10:00
284.76042,0.35,1097396100.0,2004-10-10 18:15:00+10:00
284.77083,0.32,1097397000.0,2004-10-10 18:30:00+10:00
284.78125,0.29,1097397900.0,2004-10-10 18:45:00+10:00
284.79167,0.27,1097398800.0,2004-10-10 19:00:00+10:00
284.80208,0.21,1097399700.0,2004-10-10 19:15:00+10:00
284.8125,0.14,1097400600.0,2004-10-10 19:30:00+10:00
284.82292,0.11,1097401500.0,2004-10-10 19:45:00+10:00
284.83333,0.06,1097402400.0,2004-10-10 20:00:00+10:00
284.84375,-0.02,1097403300.0,2004-10-10 20:15:00+10:00
284.85417,-0.09,1097404200.0,2004-10-10 20:30:00+10:00
284.86458,-0.19,1097405100.0,2004-10-10 20:45:00+10:00
284.875,-0.23,1097406000.0,2004-10-10 21:00:00+10:00
284.88542,-0.29,1097406900.0,2004-10-10 21:15:00+10:00
284.89583,-0.39,1097407800.0,2004-10-10 21:30:00+10:00
284.90625,-0.43,1097408700.0,2004-10-10 21:45:00+10:00
284.91667,-0.5,1097409600.0,2004-10-10 22:00:00+10:00
284.92708,-0.56,1097410500.0,2004-10-10 22:15:00+10:00
284.9375,-0.57,1097411400.0,2004-10-10 22:30:00+10:00
284.94792,-0.65,1097412300.0,2004-10-10 22:45:00+10:00
284.95833,-0.69,1097413200.0,2004-10-10 23:00:00+10:00
284.96875,-0.71,1097414100.0,2004-10-10 23:15:00+10:00
284.97917,-0.72,1097415000.0,2004-10-10 23:30:00+10:00
284.98958,-0.74,1097415900.0,2004-10-10 23:45:00+10:00
285.0,-0.76,1097416800.0,2004-10-11 00:00:00+10:00
285.01042,-0.77,1097417700.0,2004-10-11 00:15:00+10:00
285.02083,-0.76,1097418600.0,2004-10-11 00:30:00+10:00
285.03125,-0.73,1097419500.0,2004-10-11 00:45:00+10:00
285.04167,-0.68,1097420400.0,2004-10-11 01:00:00+10:00
285.05208,-0.69,1097421300.0,2004-10-11 01:15:00+10:00
285.0625,-0.66,1097422200.0,2004-10-11 01:30:00+10:00
285.07292,-0.61,1097423100.0,2004-10-11 01:45:00+10:00
285.08333,-0.54,1097424000.0,2004-10-11 02:00:00+10:00
285.09375,-0.5,1097424900.0,2004-10-11 02:15:00+10:00
285.10417,-0.48,1097425800.0,2004-10-11 02:30:00+10:00
285.11458,-0.4,1097426700.0,2004-10-11 02:45:00+10:00
285.125,-0.35,1097427600.0,2004-10-11 03:00:00+10:00
285.13542,-0.26,1097428500.0,2004-10-11 03:15:00+10:00
285.14583,-0.22,1097429400.0,2004-10-11 03:30:00+10:00
285.15625,-0.18,1097430300.0,2004-10-11 03:45:00+10:00
285.16667,-0.12,1097431200.0,2004-10-11 04:00:00+10:00
285.17708,-0.03,1097432100.0,2004-10-11 04:15:00+10:00
285.1875,0.0,1097433000.0,2004-10-11 04:30:00+10:00
285.19792,0.02,1097433900.0,2004-10-11 04:45:00+10:00
285.20833,0.08,1097434800.0,2004-10-11 05:00:00+10:00
285.21875,0.1,1097435700.0,2004-10-11 05:15:00+10:00
285.22917,0.17,1097436600.0,2004-10-11 05:30:00+10:00
285.23958,0.17,1097437500.0,2004-10-11 05:45:00+10:00
285.25,0.16,1097438400.0,2004-10-11 06:00:00+10:00
285.26042,0.17,1097439300.0,2004-10-11 06:15:00+10:00
285.27083,0.19,1097440200.0,2004-10-11 06:30:00+10:00
285.28125,0.18,1097441100.0,2004-10-11 06:45:00+10:00
285.29167,0.15,1097442000.0,2004-10-11 07:00:00+10:00
285.30208,0.13,1097442900.0,2004-10-11 07:15:00+10:00
285.3125,0.1,1097443800.0,2004-10-11 07:30:00+10:00
285.32292,0.08,1097444700.0,2004-10-11 07:45:00+10:00
285.33333,0.05,1097445600.0,2004-10-11 08:00:00+10:00
285.34375,-0.03,1097446500.0,2004-10-11 08:15:00+10:00
285.35417,-0.08,1097447400.0,2004-10-11 08:30:00+10:00
285.36458,-0.09,1097448300.0,2004-10-11 08:45:00+10:00
285.375,-0.13,1097449200.0,2004-10-11 09:00:00+10:00
285.38542,-0.21,1097450100.0,2004-10-11 09:15:00+10:00
285.39583,-0.3,1097451000.0,2004-10-11 09:30:00+10:00
285.40625,-0.31,1097451900.0,2004-10-11 09:45:00+10:00
285.41667,-0.33,1097452800.0,2004-10-11 10:00:00+10:00
285.42708,-0.37,1097453700.0,2004-10-11 10:15:00+10:00
285.4375,-0.45,1097454600.0,2004-10-11 10:30:00+10:00
285.44792,-0.49,1097455500.0,2004-10-11 10:45:00+10:00
285.45833,-0.47,1097456400.0,2004-10-11 11:00:00+10:00
285.46875,-0.49,1097457300.0,2004-10-11 11:15:00+10:00
285.47917,-0.48,1097458200.0,2004-10-11 11:30:00+10:00
285.48958,-0.56,1097459100.0,2004-10-11 11:45:00+10:00
285.5,-0.53,1097460000.0,2004-10-11 12:00:00+10:00
285.51042,-0.48,1097460900.0,2004-10-11 12:15:00+10:00
285.52083,-0.49,1097461800.0,2004-10-11 12:30:00+10:00
285.53125,-0.5,1097462700.0,2004-10-11 12:45:00+10:00
285.54167,-0.46,1097463600.0,2004-10-11 13:00:00+10:00
285.55208,-0.42,1097464500.0,2004-10-11 13:15:00+10:00
285.5625,-0.39,1097465400.0,2004-10-11 13:30:00+10:00
285.57292,-0.34,1097466300.0,2004-10-11 13:45:00+10:00
285.58333,-0.3,1097467200.0,2004-10-11 14:00:00+10:00
285.59375,-0.26,1097468100.0,2004-10-11 14:15:00+10:00
285.60417,-0.16,1097469000.0,2004-10-11 14:30:00+10:00
285.61458,-0.12,1097469900.0,2004-10-11 14:45:00+10:00
285.625,-0.06,1097470800.0,2004-10-11 15:00:00+10:00
285.63542,0.01,1097471700.0,2004-10-11 15:15:00+10:00
285.64583,0.08,1097472600.0,2004-10-11 15:30:00+10:00
285.65625,0.14,1097473500.0,2004-10-11 15:45:00+10:00
285.66667,0.19,1097474400.0,2004-10-11 16:00:00+10:00
285.67708,0.25,1097475300.0,2004-10-11 16:15:00+10:00
285.6875,0.28,1097476200.0,2004-10-11 16:30:00+10:00
285.69792,0.34,1097477100.0,2004-10-11 16:45:00+10:00
285.70833,0.4,1097478000.0,2004-10-11 17:00:00+10:00
285.71875,0.38,1097478900.0,2004-10-11 17:15:00+10:00
285.72917,0.45,1097479800.0,2004-10-11 17:30:00+10:00
285.73958,0.48,1097480700.0,2004-10-11 17:45:00+10:00
285.75,0.47,1097481600.0,2004-10-11 18:00:00+10:00
285.76042,0.48,1097482500.0,2004-10-11 18:15:00+10:00
285.77083,0.46,1097483400.0,2004-10-11 18:30:00+10:00
285.78125,0.45,1097484300.0,2004-10-11 18:45:00+10:00
285.79167,0.45,1097485200.0,2004-10-11 19:00:00+10:00
285.80208,0.4,1097486100.0,2004-10-11 19:15:00+10:00
285.8125,0.34,1097487000.0,2004-10-11 19:30:00+10:00
285.82292,0.31,1097487900.0,2004-10-11 19:45:00+10:00
285.83333,0.27,1097488800.0,2004-10-11 20:00:00+10:00
285.84375,0.2,1097489700.0,2004-10-11 20:15:00+10:00
285.85417,0.1,1097490600.0,2004-10-11 20:30:00+10:00
285.86458,0.04,1097491500.0,2004-10-11 20:45:00+10:00
285.875,-0.02,1097492400.0,2004-10-11 21:00:00+10:00
285.88542,-0.1,1097493300.0,2004-10-11 21:15:00+10:00
285.89583,-0.19,1097494200.0,2004-10-11 21:30:00+10:00
285.90625,-0.26,1097495100.0,2004-10-11 21:45:00+10:00
285.91667,-0.35,1097496000.0,2004-10-11 22:00:00+10:00
285.92708,-0.38,1097496900.0,2004-10-11 22:15:00+10:00
285.9375,-0.48,1097497800.0,2004-10-11 22:30:00+10:00
285.94792,-0.52,1097498700.0,2004-10-11 22:45:00+10:00
285.95833,-0.58,1097499600.0,2004-10-11 23:00:00+10:00
285.96875,-0.64,1097500500.0,2004-10-11 23:15:00+10:00
285.97917,-0.66,1097501400.0,2004-10-11 23:30:00+10:00
285.98958,-0.71,1097502300.0,2004-10-11 23:45:00+10:00
286.0,-0.72,1097503200.0,2004-10-12 00:00:00+10:00
286.01042,-0.76,1097504100.0,2004-10-12 00:15:00+10:00
286.02083,-0.76,1097505000.0,2004-10-12 00:30:00+10:00
286.03125,-0.75,1097505900.0,2004-10-12 00:45:00+10:00
286.04167,-0.77,1097506800.0,2004-10-12 01:00:00+10:00
286.05208,-0.74,1097507700.0,2004-10-12 01:15:00+10:00
286.0625,-0.73,1097508600.0,2004-10-12 01:30:00+10:00
286.07292,-0.69,1097509500.0,2004-10-12 01:45:00+10:00
286.08333,-0.67,1097510400.0,2004-10-12 02:00:00+10:00
286.09375,-0.63,1097511300.0,2004-10-12 02:15:00+10:00
286.10417,-0.55,1097512200.0,2004-10-12 02:30:00+10:00
286.11458,-0.5,1097513100.0,2004-10-12 02:45:00+10:00
286.125,-0.46,1097514000.0,2004-10-12 03:00:00+10:00
286.13542,-0.38,1097514900.0,2004-10-12 03:15:00+10:00
286.14583,-0.33,1097515800.0,2004-10-12 03:30:00+10:00
286.15625,-0.25,1097516700.0,2004-10-12 03:45:00+10:00
286.16667,-0.17,1097517600.0,2004-10-12 04:00:00+10:00
286.17708,-0.13,1097518500.0,2004-10-12 04:15:00+10:00
286.1875,-0.08,1097519400.0,2004-10-12 04:30:00+10:00
286.19792,0.0,1097520300.0,2004-10-12 04:45:00+10:00
286.20833,0.07,1097521200.0,2004-10-12 05:00:00+10:00
286.21875,0.09,1097522100.0,2004-10-12 05:15:00+10:00
286.22917,0.16,1097523000.0,2004-10-12 05:30:00+10:00
286.23958,0.19,1097523900.0,2004-10-12 05:45:00+10:00
286.25,0.24,1097524800.0,2004-10-12 06:00:00+10:00
286.26042,0.25,1097525700.0,2004-10-12 06:15:00+10:00
286.27083,0.26,1097526600.0,2004-10-12 06:30:00+10:00
286.28125,0.28,1097527500.0,2004-10-12 06:45:00+10:00
286.29167,0.28,1097528400.0,2004-10-12 07:00:00+10:00
286.30208,0.28,1097529300.0,2004-10-12 07:15:00+10:00
286.3125,0.26,1097530200.0,2004-10-12 07:30:00+10:00
286.32292,0.24,1097531100.0,2004-10-12 07:45:00+10:00
286.33333,0.23,1097532000.0,2004-10-12 08:00:00+10:00
286.34375,0.18,1097532900.0,2004-10-12 08:15:00+10:00
286.35417,0.14,1097533800.0,2004-10-12 08:30:00+10:00
286.36458,0.08,1097534700.0,2004-10-12 08:45:00+10:00
286.375,0.06,1097535600.0,2004-10-12 09:00:00+10:00
286.38542,-0.03,1097536500.0,2004-10-12 09:15:00+10:00
286.39583,-0.08,1097537400.0,2004-10-12 09:30:00+10:00
286.40625,-0.13,1097538300.0,2004-10-12 09:45:00+10:00
286.41667,-0.23,1097539200.0,2004-10-12 10:00:00+10:00
286.42708,-0.23,1097540100.0,2004-10-12 10:15:00+10:00
286.4375,-0.31,1097541000.0,2004-10-12 10:30:00+10:00
286.44792,-0.4,1097541900.0,2004-10-12 10:45:00+10:00
286.45833,-0.41,1097542800.0,2004-10-12 11:00:00+10:00
286.46875,-0.47,1097543700.0,2004-10-12 11:15:00+10:00
286.47917,-0.49,1097544600.0,2004-10-12 11:30:00+10:00
286.48958,-0.51,1097545500.0,2004-10-12 11:45:00+10:00
286.5,-0.56,1097546400.0,2004-10-12 12:00:00+10:00
286.51042,-0.58,1097547300.0,2004-10-12 12:15:00+10:00
286.52083,-0.56,1097548200.0,2004-10-12 12:30:00+10:00
286.53125,-0.57,1097549100.0,2004-10-12 12:45:00+10:00
286.54167,-0.6,1097550000.0,2004-10-12 13:00:00+10:00
286.55208,-0.57,1097550900.0,2004-10-12 13:15:00+10:00
286.5625,-0.53,1097551800.0,2004-10-12 13:30:00+10:00
286.57292,-0.53,1097552700.0,2004-10-12 13:45:00+10:00
286.58333,-0.47,1097553600.0,2004-10-12 14:00:00+10:00
286.59375,-0.45,1097554500.0,2004-10-12 14:15:00+10:00
286.60417,-0.39,1097555400.0,2004-10-12 14:30:00+10:00
286.61458,-0.33,1097556300.0,2004-10-12 14:45:00+10:00
286.625,-0.27,1097557200.0,2004-10-12 15:00:00+10:00
286.63542,-0.21,1097558100.0,2004-10-12 15:15:00+10:00
286.64583,-0.15,1097559000.0,2004-10-12 15:30:00+10:00
286.65625,-0.06,1097559900.0,2004-10-12 15:45:00+10:00
286.66667,-0.02,1097560800.0,2004-10-12 16:00:00+10:00
286.67708,0.06,1097561700.0,2004-10-12 16:15:00+10:00
286.6875,0.14,1097562600.0,2004-10-12 16:30:00+10:00
286.69792,0.2,1097563500.0,2004-10-12 16:45:00+10:00
286.70833,0.25,1097564400.0,2004-10-12 17:00:00+10:00
286.71875,0.3,1097565300.0,2004-10-12 17:15:00+10:00
286.72917,0.35,1097566200.0,2004-10-12 17:30:00+10:00
286.73958,0.4,1097567100.0,2004-10-12 17:45:00+10:00
286.75,0.46,1097568000.0,2004-10-12 18:00:00+10:00
286.76042,0.45,1097568900.0,2004-10-12 18:15:00+10:00
286.77083,0.46,1097569800.0,2004-10-12 18:30:00+10:00
286.78125,0.51,1097570700.0,2004-10-12 18:45:00+10:00
286.79167,0.5,1097571600.0,2004-10-12 19:00:00+10:00
286.80208,0.51,1097572500.0,2004-10-12 19:15:00+10:00
286.8125,0.46,1097573400.0,2004-10-12 19:30:00+10:00
286.82292,0.41,1097574300.0,2004-10-12 19:45:00+10:00
286.83333,0.43,1097575200.0,2004-10-12 20:00:00+10:00
286.84375,0.37,1097576100.0,2004-10-12 20:15:00+10:00
286.85417,0.28,1097577000.0,2004-10-12 20:30:00+10:00
286.86458,0.24,1097577900.0,2004-10-12 20:45:00+10:00
286.875,0.16,1097578800.0,2004-10-12 21:00:00+10:00
286.88542,0.12,1097579700.0,2004-10-12 21:15:00+10:00
286.89583,0.05,1097580600.0,2004-10-12 21:30:00+10:00
286.90625,-0.07,1097581500.0,2004-10-12 21:45:00+10:00
286.91667,-0.13,1097582400.0,2004-10-12 22:00:00+10:00
286.92708,-0.19,1097583300.0,2004-10-12 22:15:00+10:00
286.9375,-0.26,1097584200.0,2004-10-12 22:30:00+10:00
286.94792,-0.33,1097585100.0,2004-10-12 22:45:00+10:00
286.95833,-0.42,1097586000.0,2004-10-12 23:00:00+10:00
286.96875,-0.5,1097586900.0,2004-10-12 23:15:00+10:00
286.97917,-0.51,1097587800.0,2004-10-12 23:30:00+10:00
286.98958,-0.57,1097588700.0,2004-10-12 23:45:00+10:00
287.0,-0.66,1097589600.0,2004-10-13 00:00:00+10:00
287.01042,-0.69,1097590500.0,2004-10-13 00:15:00+10:00
287.02083,-0.71,1097591400.0,2004-10-13 00:30:00+10:00
287.03125,-0.74,1097592300.0,2004-10-13 00:45:00+10:00
287.04167,-0.73,1097593200.0,2004-10-13 01:00:00+10:00
287.05208,-0.77,1097594100.0,2004-10-13 01:15:00+10:00
287.0625,-0.76,1097595000.0,2004-10-13 01:30:00+10:00
287.07292,-0.74,1097595900.0,2004-10-13 01:45:00+10:00
287.08333,-0.71,1097596800.0,2004-10-13 02:00:00+10:00
287.09375,-0.69,1097597700.0,2004-10-13 02:15:00+10:00
287.10417,-0.67,1097598600.0,2004-10-13 02:30:00+10:00
287.11458,-0.6,1097599500.0,2004-10-13 02:45:00+10:00
287.125,-0.54,1097600400.0,2004-10-13 03:00:00+10:00
287.13542,-0.49,1097601300.0,2004-10-13 03:15:00+10:00
287.14583,-0.42,1097602200.0,2004-10-13 03:30:00+10:00
287.15625,-0.36,1097603100.0,2004-10-13 03:45:00+10:00
287.16667,-0.29,1097604000.0,2004-10-13 04:00:00+10:00
287.17708,-0.19,1097604900.0,2004-10-13 04:15:00+10:00
287.1875,-0.11,1097605800.0,2004-10-13 04:30:00+10:00
287.19792,-0.08,1097606700.0,2004-10-13 04:45:00+10:00
287.20833,0.0,1097607600.0,2004-10-13 05:00:00+10:00
287.21875,0.09,1097608500.0,2004-10-13 05:15:00+10:00
287.22917,0.14,1097609400.0,2004-10-13 05:30:00+10:00
287.23958,0.2,1097610300.0,2004-10-13 05:45:00+10:00
287.25,0.24,1097611200.0,2004-10-13 06:00:00+10:00
287.26042,0.28,1097612100.0,2004-10-13 06:15:00+10:00
287.27083,0.34,1097613000.0,2004-10-13 06:30:00+10:00
287.28125,0.38,1097613900.0,2004-10-13 06:45:00+10:00
287.29167,0.38,1097614800.0,2004-10-13 07:00:00+10:00
287.30208,0.38,1097615700.0,2004-10-13 07:15:00+10:00
287.3125,0.39,1097616600.0,2004-10-13 07:30:00+10:00
287.32292,0.42,1097617500.0,2004-10-13 07:45:00+10:00
287.33333,0.37,1097618400.0,2004-10-13 08:00:00+10:00
287.34375,0.35,1097619300.0,2004-10-13 08:15:00+10:00
287.35417,0.34,1097620200.0,2004-10-13 08:30:00+10:00
287.36458,0.27,1097621100.0,2004-10-13 08:45:00+10:00
287.375,0.26,1097622000.0,2004-10-13 09:00:00+10:00
287.38542,0.2,1097622900.0,2004-10-13 09:15:00+10:00
287.39583,0.09,1097623800.0,2004-10-13 09:30:00+10:00
287.40625,0.06,1097624700.0,2004-10-13 09:45:00+10:00
287.41667,-0.01,1097625600.0,2004-10-13 10:00:00+10:00
287.42708,-0.09,1097626500.0,2004-10-13 10:15:00+10:00
287.4375,-0.16,1097627400.0,2004-10-13 10:30:00+10:00
287.44792,-0.23,1097628300.0,2004-10-13 10:45:00+10:00
287.45833,-0.3,1097629200.0,2004-10-13 11:00:00+10:00
287.46875,-0.36,1097630100.0,2004-10-13 11:15:00+10:00
287.47917,-0.41,1097631000.0,2004-10-13 11:30:00+10:00
287.48958,-0.49,1097631900.0,2004-10-13 11:45:00+10:00
287.5,-0.53,1097632800.0,2004-10-13 12:00:00+10:00
287.51042,-0.59,1097633700.0,2004-10-13 12:15:00+10:00
287.52083,-0.6,1097634600.0,2004-10-13 12:30:00+10:00
287.53125,-0.62,1097635500.0,2004-10-13 12:45:00+10:00
287.54167,-0.72,1097636400.0,2004-10-13 13:00:00+10:00
287.55208,-0.66,1097637300.0,2004-10-13 13:15:00+10:00
287.5625,-0.67,1097638200.0,2004-10-13 13:30:00+10:00
287.57292,-0.68,1097639100.0,2004-10-13 13:45:00+10:00
287.58333,-0.68,1097640000.0,2004-10-13 14:00:00+10:00
287.59375,-0.66,1097640900.0,2004-10-13 14:15:00+10:00
287.60417,-0.55,1097641800.0,2004-10-13 14:30:00+10:00
287.61458,-0.58,1097642700.0,2004-10-13 14:45:00+10:00
287.625,-0.51,1097643600.0,2004-10-13 15:00:00+10:00
287.63542,-0.49,1097644500.0,2004-10-13 15:15:00+10:00
287.64583,-0.41,1097645400.0,2004-10-13 15:30:00+10:00
287.65625,-0.28,1097646300.0,2004-10-13 15:45:00+10:00
287.66667,-0.24,1097647200.0,2004-10-13 16:00:00+10:00
287.67708,-0.23,1097648100.0,2004-10-13 16:15:00+10:00
287.6875,-0.13,1097649000.0,2004-10-13 16:30:00+10:00
287.69792,0.0,1097649900.0,2004-10-13 16:45:00+10:00
287.70833,0.06,1097650800.0,2004-10-13 17:00:00+10:00
287.71875,0.09,1097651700.0,2004-10-13 17:15:00+10:00
287.72917,0.18,1097652600.0,2004-10-13 17:30:00+10:00
287.73958,0.22,1097653500.0,2004-10-13 17:45:00+10:00
287.75,0.33,1097654400.0,2004-10-13 18:00:00+10:00
287.76042,0.4,1097655300.0,2004-10-13 18:15:00+10:00
287.77083,0.39,1097656200.0,2004-10-13 18:30:00+10:00
287.78125,0.42,1097657100.0,2004-10-13 18:45:00+10:00
287.79167,0.51,1097658000.0,2004-10-13 19:00:00+10:00
287.80208,0.53,1097658900.0,2004-10-13 19:15:00+10:00
287.8125,0.49,1097659800.0,2004-10-13 19:30:00+10:00
287.82292,0.52,1097660700.0,2004-10-13 19:45:00+10:00
287.83333,0.49,1097661600.0,2004-10-13 20:00:00+10:00
287.84375,0.48,1097662500.0,2004-10-13 20:15:00+10:00
287.85417,0.46,1097663400.0,2004-10-13 20:30:00+10:00
287.86458,0.37,1097664300.0,2004-10-13 20:45:00+10:00
287.875,0.34,1097665200.0,2004-10-13 21:00:00+10:00
287.88542,0.3,1097666100.0,2004-10-13 21:15:00+10:00
287.89583,0.24,1097667000.0,2004-10-13 21:30:00+10:00
287.90625,0.17,1097667900.0,2004-10-13 21:45:00+10:00
287.91667,0.06,1097668800.0,2004-10-13 22:00:00+10:00
287.92708,0.02,1097669700.0,2004-10-13 22:15:00+10:00
287.9375,-0.06,1097670600.0,2004-10-13 22:30:00+10:00
287.94792,-0.16,1097671500.0,2004-10-13 22:45:00+10:00
287.95833,-0.25,1097672400.0,2004-10-13 23:00:00+10:00
287.96875,-0.34,1097673300.0,2004-10-13 23:15:00+10:00
287.97917,-0.37,1097674200.0,2004-10-13 23:30:00+10:00
287.98958,-0.44,1097675100.0,2004-10-13 23:45:00+10:00
288.0,-0.51,1097676000.0,2004-10-14 00:00:00+10:00
288.01042,-0.61,1097676900.0,2004-10-14 00:15:00+10:00
288.02083,-0.62,1097677800.0,2004-10-14 00:30:00+10:00
288.03125,-0.66,1097678700.0,2004-10-14 00:45:00+10:00
288.04167,-0.73,1097679600.0,2004-10-14 01:00:00+10:00
288.05208,-0.72,1097680500.0,2004-10-14 01:15:00+10:00
288.0625,-0.79,1097681400.0,2004-10-14 01:30:00+10:00
288.07292,-0.76,1097682300.0,2004-10-14 01:45:00+10:00
288.08333,-0.74,1097683200.0,2004-10-14 02:00:00+10:00
288.09375,-0.77,1097684100.0,2004-10-14 02:15:00+10:00
288.10417,-0.69,1097685000.0,2004-10-14 02:30:00+10:00
288.11458,-0.71,1097685900.0,2004-10-14 02:45:00+10:00
288.125,-0.65,1097686800.0,2004-10-14 03:00:00+10:00
288.13542,-0.55,1097687700.0,2004-10-14 03:15:00+10:00
288.14583,-0.56,1097688600.0,2004-10-14 03:30:00+10:00
288.15625,-0.48,1097689500.0,2004-10-14 03:45:00+10:00
288.16667,-0.37,1097690400.0,2004-10-14 04:00:00+10:00
288.17708,-0.34,1097691300.0,2004-10-14 04:15:00+10:00
288.1875,-0.22,1097692200.0,2004-10-14 04:30:00+10:00
288.19792,-0.16,1097693100.0,2004-10-14 04:45:00+10:00
288.20833,-0.12,1097694000.0,2004-10-14 05:00:00+10:00
288.21875,0.03,1097694900.0,2004-10-14 05:15:00+10:00
288.22917,0.08,1097695800.0,2004-10-14 05:30:00+10:00
288.23958,0.14,1097696700.0,2004-10-14 05:45:00+10:00
288.25,0.22,1097697600.0,2004-10-14 06:00:00+10:00
288.26042,0.28,1097698500.0,2004-10-14 06:15:00+10:00
288.27083,0.32,1097699400.0,2004-10-14 06:30:00+10:00
288.28125,0.43,1097700300.0,2004-10-14 06:45:00+10:00
288.29167,0.42,1097701200.0,2004-10-14 07:00:00+10:00
288.30208,0.5,1097702100.0,2004-10-14 07:15:00+10:00
288.3125,0.51,1097703000.0,2004-10-14 07:30:00+10:00
288.32292,0.52,1097703900.0,2004-10-14 07:45:00+10:00
288.33333,0.57,1097704800.0,2004-10-14 08:00:00+10:00
288.34375,0.54,1097705700.0,2004-10-14 08:15:00+10:00
288.35417,0.52,1097706600.0,2004-10-14 08:30:00+10:00
288.36458,0.57,1097707500.0,2004-10-14 08:45:00+10:00
288.375,0.47,1097708400.0,2004-10-14 09:00:00+10:00
288.38542,0.43,1097709300.0,2004-10-14 09:15:00+10:00
288.39583,0.46,1097710200.0,2004-10-14 09:30:00+10:00
288.40625,0.31,1097711100.0,2004-10-14 09:45:00+10:00
288.41667,0.27,1097712000.0,2004-10-14 10:00:00+10:00
288.42708,0.23,1097712900.0,2004-10-14 10:15:00+10:00
288.4375,0.09,1097713800.0,2004-10-14 10:30:00+10:00
288.44792,0.08,1097714700.0,2004-10-14 10:45:00+10:00
288.45833,-0.05,1097715600.0,2004-10-14 11:00:00+10:00
288.46875,-0.1,1097716500.0,2004-10-14 11:15:00+10:00
288.47917,-0.18,1097717400.0,2004-10-14 11:30:00+10:00
288.48958,-0.25,1097718300.0,2004-10-14 11:45:00+10:00
288.5,-0.32,1097719200.0,2004-10-14 12:00:00+10:00
288.51042,-0.39,1097720100.0,2004-10-14 12:15:00+10:00
288.52083,-0.44,1097721000.0,2004-10-14 12:30:00+10:00
288.53125,-0.51,1097721900.0,2004-10-14 12:45:00+10:00
288.54167,-0.52,1097722800.0,2004-10-14 13:00:00+10:00
288.55208,-0.63,1097723700.0,2004-10-14 13:15:00+10:00
288.5625,-0.6,1097724600.0,2004-10-14 13:30:00+10:00
288.57292,-0.63,1097725500.0,2004-10-14 13:45:00+10:00
288.58333,-0.68,1097726400.0,2004-10-14 14:00:00+10:00
288.59375,-0.62,1097727300.0,2004-10-14 14:15:00+10:00
288.60417,-0.71,1097728200.0,2004-10-14 14:30:00+10:00
288.61458,-0.63,1097729100.0,2004-10-14 14:45:00+10:00
288.625,-0.57,1097730000.0,2004-10-14 15:00:00+10:00
288.63542,-0.61,1097730900.0,2004-10-14 15:15:00+10:00
288.64583,-0.52,1097731800.0,2004-10-14 15:30:00+10:00
288.65625,-0.48,1097732700.0,2004-10-14 15:45:00+10:00
288.66667,-0.42,1097733600.0,2004-10-14 16:00:00+10:00
288.67708,-0.33,1097734500.0,2004-10-14 16:15:00+10:00
288.6875,-0.29,1097735400.0,2004-10-14 16:30:00+10:00
288.69792,-0.25,1097736300.0,2004-10-14 16:45:00+10:00
288.70833,-0.12,1097737200.0,2004-10-14 17:00:00+10:00
288.71875,-0.05,1097738100.0,2004-10-14 17:15:00+10:00
288.72917,0.01,1097739000.0,2004-10-14 17:30:00+10:00
288.73958,0.07,1097739900.0,2004-10-14 17:45:00+10:00
288.75,0.14,1097740800.0,2004-10-14 18:00:00+10:00
288.76042,0.26,1097741700.0,2004-10-14 18:15:00+10:00
288.77083,0.31,1097742600.0,2004-10-14 18:30:00+10:00
288.78125,0.31,1097743500.0,2004-10-14 18:45:00+10:00
288.79167,0.39,1097744400.0,2004-10-14 19:00:00+10:00
288.80208,0.46,1097745300.0,2004-10-14 19:15:00+10:00
288.8125,0.48,1097746200.0,2004-10-14 19:30:00+10:00
288.82292,0.51,1097747100.0,2004-10-14 19:45:00+10:00
288.83333,0.49,1097748000.0,2004-10-14 20:00:00+10:00
288.84375,0.49,1097748900.0,2004-10-14 20:15:00+10:00
288.85417,0.56,1097749800.0,2004-10-14 20:30:00+10:00
288.86458,0.5,1097750700.0,2004-10-14 20:45:00+10:00
288.875,0.47,1097751600.0,2004-10-14 21:00:00+10:00
288.88542,0.4,1097752500.0,2004-10-14 21:15:00+10:00
288.89583,0.41,1097753400.0,2004-10-14 21:30:00+10:00
288.90625,0.36,1097754300.0,2004-10-14 21:45:00+10:00
288.91667,0.3,1097755200.0,2004-10-14 22:00:00+10:00
288.92708,0.16,1097756100.0,2004-10-14 22:15:00+10:00
288.9375,0.14,1097757000.0,2004-10-14 22:30:00+10:00
288.94792,0.14,1097757900.0,2004-10-14 22:45:00+10:00
288.95833,-0.06,1097758800.0,2004-10-14 23:00:00+10:00
288.96875,-0.05,1097759700.0,2004-10-14 23:15:00+10:00
288.97917,-0.24,1097760600.0,2004-10-14 23:30:00+10:00
288.98958,-0.23,1097761500.0,2004-10-14 23:45:00+10:00
289.0,-0.27,1097762400.0,2004-10-15 00:00:00+10:00
289.01042,-0.42,1097763300.0,2004-10-15 00:15:00+10:00
289.02083,-0.48,1097764200.0,2004-10-15 00:30:00+10:00
289.03125,-0.57,1097765100.0,2004-10-15 00:45:00+10:00
289.04167,-0.48,1097766000.0,2004-10-15 01:00:00+10:00
289.05208,-0.65,1097766900.0,2004-10-15 01:15:00+10:00
289.0625,-0.69,1097767800.0,2004-10-15 01:30:00+10:00
289.07292,-0.66,1097768700.0,2004-10-15 01:45:00+10:00
289.08333,-0.68,1097769600.0,2004-10-15 02:00:00+10:00
289.09375,-0.65,1097770500.0,2004-10-15 02:15:00+10:00
289.10417,-0.74,1097771400.0,2004-10-15 02:30:00+10:00
289.11458,-0.72,1097772300.0,2004-10-15 02:45:00+10:00
289.125,-0.63,1097773200.0,2004-10-15 03:00:00+10:00
289.13542,-0.64,1097774100.0,2004-10-15 03:15:00+10:00
289.14583,-0.6,1097775000.0,2004-10-15 03:30:00+10:00
289.15625,-0.58,1097775900.0,2004-10-15 03:45:00+10:00
289.16667,-0.5,1097776800.0,2004-10-15 04:00:00+10:00
289.17708,-0.42,1097777700.0,2004-10-15 04:15:00+10:00
289.1875,-0.35,1097778600.0,2004-10-15 04:30:00+10:00
289.19792,-0.3,1097779500.0,2004-10-15 04:45:00+10:00
289.20833,-0.25,1097780400.0,2004-10-15 05:00:00+10:00
289.21875,-0.11,1097781300.0,2004-10-15 05:15:00+10:00
289.22917,0.02,1097782200.0,2004-10-15 05:30:00+10:00
289.23958,0.04,1097783100.0,2004-10-15 05:45:00+10:00
289.25,0.09,1097784000.0,2004-10-15 06:00:00+10:00
289.26042,0.2,1097784900.0,2004-10-15 06:15:00+10:00
289.27083,0.3,1097785800.0,2004-10-15 06:30:00+10:00
289.28125,0.39,1097786700.0,2004-10-15 06:45:00+10:00
289.29167,0.38,1097787600.0,2004-10-15 07:00:00+10:00
289.30208,0.47,1097788500.0,2004-10-15 07:15:00+10:00
289.3125,0.54,1097789400.0,2004-10-15 07:30:00+10:00
289.32292,0.59,1097790300.0,2004-10-15 07:45:00+10:00
289.33333,0.62,1097791200.0,2004-10-15 08:00:00+10:00
289.34375,0.63,1097792100.0,2004-10-15 08:15:00+10:00
289.35417,0.64,1097793000.0,2004-10-15 08:30:00+10:00
289.36458,0.69,1097793900.0,2004-10-15 08:45:00+10:00
289.375,0.64,1097794800.0,2004-10-15 09:00:00+10:00
289.38542,0.61,1097795700.0,2004-10-15 09:15:00+10:00
289.39583,0.61,1097796600.0,2004-10-15 09:30:00+10:00
289.40625,0.59,1097797500.0,2004-10-15 09:45:00+10:00
289.41667,0.5,1097798400.0,2004-10-15 10:00:00+10:00
289.42708,0.45,1097799300.0,2004-10-15 10:15:00+10:00
289.4375,0.39,1097800200.0,2004-10-15 10:30:00+10:00
289.44792,0.29,1097801100.0,2004-10-15 10:45:00+10:00
289.45833,0.29,1097802000.0,2004-10-15 11:00:00+10:00
289.46875,0.17,1097802900.0,2004-10-15 11:15:00+10:00
289.47917,0.02,1097803800.0,2004-10-15 11:30:00+10:00
289.48958,0.02,1097804700.0,2004-10-15 11:45:00+10:00
289.5,-0.08,1097805600.0,2004-10-15 12:00:00+10:00
289.51042,-0.16,1097806500.0,2004-10-15 12:15:00+10:00
289.52083,-0.27,1097807400.0,2004-10-15 12:30:00+10:00
289.53125,-0.35,1097808300.0,2004-10-15 12:45:00+10:00
289.54167,-0.41,1097809200.0,2004-10-15 13:00:00+10:00
289.55208,-0.45,1097810100.0,2004-10-15 13:15:00+10:00
289.5625,-0.48,1097811000.0,2004-10-15 13:30:00+10:00
289.57292,-0.62,1097811900.0,2004-10-15 13:45:00+10:00
289.58333,-0.61,1097812800.0,2004-10-15 14:00:00+10:00
289.59375,-0.63,1097813700.0,2004-10-15 14:15:00+10:00
289.60417,-0.69,1097814600.0,2004-10-15 14:30:00+10:00
289.61458,-0.71,1097815500.0,2004-10-15 14:45:00+10:00
289.625,-0.68,1097816400.0,2004-10-15 15:00:00+10:00
289.63542,-0.69,1097817300.0,2004-10-15 15:15:00+10:00
289.64583,-0.67,1097818200.0,2004-10-15 15:30:00+10:00
289.65625,-0.64,1097819100.0,2004-10-15 15:45:00+10:00
289.66667,-0.63,1097820000.0,2004-10-15 16:00:00+10:00
289.67708,-0.58,1097820900.0,2004-10-15 16:15:00+10:00
289.6875,-0.47,1097821800.0,2004-10-15 16:30:00+10:00
289.69792,-0.47,1097822700.0,2004-10-15 16:45:00+10:00
289.70833,-0.43,1097823600.0,2004-10-15 17:00:00+10:00
289.71875,-0.33,1097824500.0,2004-10-15 17:15:00+10:00
289.72917,-0.26,1097825400.0,2004-10-15 17:30:00+10:00
289.73958,-0.18,1097826300.0,2004-10-15 17:45:00+10:00
289.75,-0.13,1097827200.0,2004-10-15 18:00:00+10:00
289.76042,-0.08,1097828100.0,2004-10-15 18:15:00+10:00
289.77083,0.03,1097829000.0,2004-10-15 18:30:00+10:00
289.78125,0.13,1097829900.0,2004-10-15 18:45:00+10:00
289.79167,0.16,1097830800.0,2004-10-15 19:00:00+10:00
289.80208,0.2,1097831700.0,2004-10-15 19:15:00+10:00
289.8125,0.3,1097832600.0,2004-10-15 19:30:00+10:00
289.82292,0.36,1097833500.0,2004-10-15 19:45:00+10:00
289.83333,0.36,1097834400.0,2004-10-15 20:00:00+10:00
289.84375,0.41,1097835300.0,2004-10-15 20:15:00+10:00
289.85417,0.43,1097836200.0,2004-10-15 20:30:00+10:00
289.86458,0.48,1097837100.0,2004-10-15 20:45:00+10:00
289.875,0.46,1097838000.0,2004-10-15 21:00:00+10:00
289.88542,0.47,1097838900.0,2004-10-15 21:15:00+10:00
289.89583,0.42,1097839800.0,2004-10-15 21:30:00+10:00
289.90625,0.44,1097840700.0,2004-10-15 21:45:00+10:00
289.91667,0.44,1097841600.0,2004-10-15 22:00:00+10:00
289.92708,0.36,1097842500.0,2004-10-15 22:15:00+10:00
289.9375,0.31,1097843400.0,2004-10-15 22:30:00+10:00
289.94792,0.25,1097844300.0,2004-10-15 22:45:00+10:00
289.95833,0.25,1097845200.0,2004-10-15 23:00:00+10:00
289.96875,0.14,1097846100.0,2004-10-15 23:15:00+10:00
289.97917,0.05,1097847000.0,2004-10-15 23:30:00+10:00
289.98958,-0.01,1097847900.0,2004-10-15 23:45:00+10:00
290.0,-0.08,1097848800.0,2004-10-16 00:00:00+10:00
290.01042,-0.1,1097849700.0,2004-10-16 00:15:00+10:00
290.02083,-0.22,1097850600.0,2004-10-16 00:30:00+10:00
290.03125,-0.31,1097851500.0,2004-10-16 00:45:00+10:00
290.04167,-0.36,1097852400.0,2004-10-16 01:00:00+10:00
290.05208,-0.39,1097853300.0,2004-10-16 01:15:00+10:00
290.0625,-0.43,1097854200.0,2004-10-16 01:30:00+10:00
290.07292,-0.53,1097855100.0,2004-10-16 01:45:00+10:00
290.08333,-0.56,1097856000.0,2004-10-16 02:00:00+10:00
290.09375,-0.56,1097856900.0,2004-10-16 02:15:00+10:00
290.10417,-0.57,1097857800.0,2004-10-16 02:30:00+10:00
290.11458,-0.61,1097858700.0,2004-10-16 02:45:00+10:00
290.125,-0.64,1097859600.0,2004-10-16 03:00:00+10:00
290.13542,-0.62,1097860500.0,2004-10-16 03:15:00+10:00
290.14583,-0.58,1097861400.0,2004-10-16 03:30:00+10:00
290.15625,-0.57,1097862300.0,2004-10-16 03:45:00+10:00
290.16667,-0.52,1097863200.0,2004-10-16 04:00:00+10:00
290.17708,-0.52,1097864100.0,2004-10-16 04:15:00+10:00
290.1875,-0.46,1097865000.0,2004-10-16 04:30:00+10:00
290.19792,-0.36,1097865900.0,2004-10-16 04:45:00+10:00
290.20833,-0.32,1097866800.0,2004-10-16 05:00:00+10:00
290.21875,-0.27,1097867700.0,2004-10-16 05:15:00+10:00
290.22917,-0.19,1097868600.0,2004-10-16 05:30:00+10:00
290.23958,-0.1,1097869500.0,2004-10-16 05:45:00+10:00
290.25,-0.03,1097870400.0,2004-10-16 06:00:00+10:00
290.26042,0.05,1097871300.0,2004-10-16 06:15:00+10:00
290.27083,0.1,1097872200.0,2004-10-16 06:30:00+10:00
290.28125,0.2,1097873100.0,2004-10-16 06:45:00+10:00
290.29167,0.27,1097874000.0,2004-10-16 07:00:00+10:00
290.30208,0.33,1097874900.0,2004-10-16 07:15:00+10:00
290.3125,0.42,1097875800.0,2004-10-16 07:30:00+10:00
290.32292,0.48,1097876700.0,2004-10-16 07:45:00+10:00
290.33333,0.53,1097877600.0,2004-10-16 08:00:00+10:00
290.34375,0.56,1097878500.0,2004-10-16 08:15:00+10:00
290.35417,0.6,1097879400.0,2004-10-16 08:30:00+10:00
290.36458,0.65,1097880300.0,2004-10-16 08:45:00+10:00
290.375,0.66,1097881200.0,2004-10-16 09:00:00+10:00
290.38542,0.64,1097882100.0,2004-10-16 09:15:00+10:00
290.39583,0.63,1097883000.0,2004-10-16 09:30:00+10:00
290.40625,0.64,1097883900.0,2004-10-16 09:45:00+10:00
290.41667,0.61,1097884800.0,2004-10-16 10:00:00+10:00
290.42708,0.57,1097885700.0,2004-10-16 10:15:00+10:00
290.4375,0.51,1097886600.0,2004-10-16 10:30:00+10:00
290.44792,0.45,1097887500.0,2004-10-16 10:45:00+10:00
290.45833,0.42,1097888400.0,2004-10-16 11:00:00+10:00
290.46875,0.36,1097889300.0,2004-10-16 11:15:00+10:00
290.47917,0.27,1097890200.0,2004-10-16 11:30:00+10:00
290.48958,0.16,1097891100.0,2004-10-16 11:45:00+10:00
290.5,0.1,1097892000.0,2004-10-16 12:00:00+10:00
290.51042,0.05,1097892900.0,2004-10-16 12:15:00+10:00
290.52083,-0.07,1097893800.0,2004-10-16 12:30:00+10:00
290.53125,-0.18,1097894700.0,2004-10-16 12:45:00+10:00
290.54167,-0.25,1097895600.0,2004-10-16 13:00:00+10:00
290.55208,-0.34,1097896500.0,2004-10-16 13:15:00+10:00
290.5625,-0.36,1097897400.0,2004-10-16 13:30:00+10:00
290.57292,-0.47,1097898300.0,2004-10-16 13:45:00+10:00
290.58333,-0.57,1097899200.0,2004-10-16 14:00:00+10:00
290.59375,-0.62,1097900100.0,2004-10-16 14:15:00+10:00
290.60417,-0.63,1097901000.0,2004-10-16 14:30:00+10:00
290.61458,-0.69,1097901900.0,2004-10-16 14:45:00+10:00
290.625,-0.74,1097902800.0,2004-10-16 15:00:00+10:00
290.63542,-0.76,1097903700.0,2004-10-16 15:15:00+10:00
290.64583,-0.79,1097904600.0,2004-10-16 15:30:00+10:00
290.65625,-0.77,1097905500.0,2004-10-16 15:45:00+10:00
290.66667,-0.78,1097906400.0,2004-10-16 16:00:00+10:00
290.67708,-0.8,1097907300.0,2004-10-16 16:15:00+10:00
290.6875,-0.76,1097908200.0,2004-10-16 16:30:00+10:00
290.69792,-0.74,1097909100.0,2004-10-16 16:45:00+10:00
290.70833,-0.68,1097910000.0,2004-10-16 17:00:00+10:00
290.71875,-0.66,1097910900.0,2004-10-16 17:15:00+10:00
290.72917,-0.62,1097911800.0,2004-10-16 17:30:00+10:00
290.73958,-0.55,1097912700.0,2004-10-16 17:45:00+10:00
290.75,-0.49,1097913600.0,2004-10-16 18:00:00+10:00
290.76042,-0.41,1097914500.0,2004-10-16 18:15:00+10:00
290.77083,-0.34,1097915400.0,2004-10-16 18:30:00+10:00
290.78125,-0.29,1097916300.0,2004-10-16 18:45:00+10:00
290.79167,-0.22,1097917200.0,2004-10-16 19:00:00+10:00
290.80208,-0.14,1097918100.0,2004-10-16 19:15:00+10:00
290.8125,-0.09,1097919000.0,2004-10-16 19:30:00+10:00
290.82292,-0.02,1097919900.0,2004-10-16 19:45:00+10:00
290.83333,0.08,1097920800.0,2004-10-16 20:00:00+10:00
290.84375,0.09,1097921700.0,2004-10-16 20:15:00+10:00
290.85417,0.13,1097922600.0,2004-10-16 20:30:00+10:00
290.86458,0.2,1097923500.0,2004-10-16 20:45:00+10:00
290.875,0.24,1097924400.0,2004-10-16 21:00:00+10:00
290.88542,0.26,1097925300.0,2004-10-16 21:15:00+10:00
290.89583,0.26,1097926200.0,2004-10-16 21:30:00+10:00
290.90625,0.26,1097927100.0,2004-10-16 21:45:00+10:00
290.91667,0.31,1097928000.0,2004-10-16 22:00:00+10:00
290.92708,0.3,1097928900.0,2004-10-16 22:15:00+10:00
290.9375,0.26,1097929800.0,2004-10-16 22:30:00+10:00
290.94792,0.23,1097930700.0,2004-10-16 22:45:00+10:00
290.95833,0.18,1097931600.0,2004-10-16 23:00:00+10:00
290.96875,0.18,1097932500.0,2004-10-16 23:15:00+10:00
290.97917,0.12,1097933400.0,2004-10-16 23:30:00+10:00
290.98958,0.04,1097934300.0,2004-10-16 23:45:00+10:00
291.0,-0.02,1097935200.0,2004-10-17 00:00:00+10:00
291.01042,-0.08,1097936100.0,2004-10-17 00:15:00+10:00
291.02083,-0.15,1097937000.0,2004-10-17 00:30:00+10:00
291.03125,-0.18,1097937900.0,2004-10-17 00:45:00+10:00
291.04167,-0.26,1097938800.0,2004-10-17 01:00:00+10:00
291.05208,-0.34,1097939700.0,2004-10-17 01:15:00+10:00
291.0625,-0.38,1097940600.0,2004-10-17 01:30:00+10:00
291.07292,-0.44,1097941500.0,2004-10-17 01:45:00+10:00
291.08333,-0.49,1097942400.0,2004-10-17 02:00:00+10:00
291.09375,-0.55,1097943300.0,2004-10-17 02:15:00+10:00
291.10417,-0.56,1097944200.0,2004-10-17 02:30:00+10:00
291.11458,-0.61,1097945100.0,2004-10-17 02:45:00+10:00
291.125,-0.63,1097946000.0,2004-10-17 03:00:00+10:00
291.13542,-0.67,1097946900.0,2004-10-17 03:15:00+10:00
291.14583,-0.66,1097947800.0,2004-10-17 03:30:00+10:00
291.15625,-0.66,1097948700.0,2004-10-17 03:45:00+10:00
291.16667,-0.69,1097949600.0,2004-10-17 04:00:00+10:00
291.17708,-0.63,1097950500.0,2004-10-17 04:15:00+10:00
291.1875,-0.63,1097951400.0,2004-10-17 04:30:00+10:00
291.19792,-0.6,1097952300.0,2004-10-17 04:45:00+10:00
291.20833,-0.53,1097953200.0,2004-10-17 05:00:00+10:00
291.21875,-0.5,1097954100.0,2004-10-17 05:15:00+10:00
291.22917,-0.44,1097955000.0,2004-10-17 05:30:00+10:00
291.23958,-0.38,1097955900.0,2004-10-17 05:45:00+10:00
291.25,-0.3,1097956800.0,2004-10-17 06:00:00+10:00
291.26042,-0.25,1097957700.0,2004-10-17 06:15:00+10:00
291.27083,-0.16,1097958600.0,2004-10-17 06:30:00+10:00
291.28125,-0.1,1097959500.0,2004-10-17 06:45:00+10:00
291.29167,-0.01,1097960400.0,2004-10-17 07:00:00+10:00
291.30208,0.06,1097961300.0,2004-10-17 07:15:00+10:00
291.3125,0.13,1097962200.0,2004-10-17 07:30:00+10:00
291.32292,0.23,1097963100.0,2004-10-17 07:45:00+10:00
291.33333,0.28,1097964000.0,2004-10-17 08:00:00+10:00
291.34375,0.35,1097964900.0,2004-10-17 08:15:00+10:00
291.35417,0.41,1097965800.0,2004-10-17 08:30:00+10:00
291.36458,0.44,1097966700.0,2004-10-17 08:45:00+10:00
291.375,0.52,1097967600.0,2004-10-17 09:00:00+10:00
291.38542,0.55,1097968500.0,2004-10-17 09:15:00+10:00
291.39583,0.57,1097969400.0,2004-10-17 09:30:00+10:00
291.40625,0.59,1097970300.0,2004-10-17 09:45:00+10:00
291.41667,0.61,1097971200.0,2004-10-17 10:00:00+10:00
291.42708,0.6,1097972100.0,2004-10-17 10:15:00+10:00
291.4375,0.57,1097973000.0,2004-10-17 10:30:00+10:00
291.44792,0.56,1097973900.0,2004-10-17 10:45:00+10:00
291.45833,0.52,1097974800.0,2004-10-17 11:00:00+10:00
291.46875,0.5,1097975700.0,2004-10-17 11:15:00+10:00
291.47917,0.43,1097976600.0,2004-10-17 11:30:00+10:00
291.48958,0.36,1097977500.0,2004-10-17 11:45:00+10:00
291.5,0.3,1097978400.0,2004-10-17 12:00:00+10:00
291.51042,0.24,1097979300.0,2004-10-17 12:15:00+10:00
291.52083,0.17,1097980200.0,2004-10-17 12:30:00+10:00
291.53125,0.04,1097981100.0,2004-10-17 12:45:00+10:00
291.54167,-0.03,1097982000.0,2004-10-17 13:00:00+10:00
291.55208,-0.09,1097982900.0,2004-10-17 13:15:00+10:00
291.5625,-0.18,1097983800.0,2004-10-17 13:30:00+10:00
291.57292,-0.28,1097984700.0,2004-10-17 13:45:00+10:00
291.58333,-0.35,1097985600.0,2004-10-17 14:00:00+10:00
291.59375,-0.45,1097986500.0,2004-10-17 14:15:00+10:00
291.60417,-0.49,1097987400.0,2004-10-17 14:30:00+10:00
291.61458,-0.55,1097988300.0,2004-10-17 14:45:00+10:00
291.625,-0.63,1097989200.0,2004-10-17 15:00:00+10:00
291.63542,-0.7,1097990100.0,2004-10-17 15:15:00+10:00
291.64583,-0.74,1097991000.0,2004-10-17 15:30:00+10:00
291.65625,-0.76,1097991900.0,2004-10-17 15:45:00+10:00
291.66667,-0.81,1097992800.0,2004-10-17 16:00:00+10:00
291.67708,-0.84,1097993700.0,2004-10-17 16:15:00+10:00
291.6875,-0.87,1097994600.0,2004-10-17 16:30:00+10:00
291.69792,-0.86,1097995500.0,2004-10-17 16:45:00+10:00
291.70833,-0.84,1097996400.0,2004-10-17 17:00:00+10:00
291.71875,-0.85,1097997300.0,2004-10-17 17:15:00+10:00
291.72917,-0.84,1097998200.0,2004-10-17 17:30:00+10:00
291.73958,-0.8,1097999100.0,2004-10-17 17:45:00+10:00
291.75,-0.75,1098000000.0,2004-10-17 18:00:00+10:00
291.76042,-0.71,1098000900.0,2004-10-17 18:15:00+10:00
291.77083,-0.68,1098001800.0,2004-10-17 18:30:00+10:00
291.78125,-0.62,1098002700.0,2004-10-17 18:45:00+10:00
291.79167,-0.56,1098003600.0,2004-10-17 19:00:00+10:00
291.80208,-0.49,1098004500.0,2004-10-17 19:15:00+10:00
291.8125,-0.43,1098005400.0,2004-10-17 19:30:00+10:00
291.82292,-0.39,1098006300.0,2004-10-17 19:45:00+10:00
291.83333,-0.31,1098007200.0,2004-10-17 20:00:00+10:00
291.84375,-0.25,1098008100.0,2004-10-17 20:15:00+10:00
291.85417,-0.21,1098009000.0,2004-10-17 20:30:00+10:00
291.86458,-0.12,1098009900.0,2004-10-17 20:45:00+10:00
291.875,-0.09,1098010800.0,2004-10-17 21:00:00+10:00
291.88542,-0.06,1098011700.0,2004-10-17 21:15:00+10:00
291.89583,0.01,1098012600.0,2004-10-17 21:30:00+10:00
291.90625,0.05,1098013500.0,2004-10-17 21:45:00+10:00
291.91667,0.06,1098014400.0,2004-10-17 22:00:00+10:00
291.92708,0.09,1098015300.0,2004-10-17 22:15:00+10:00
291.9375,0.12,1098016200.0,2004-10-17 22:30:00+10:00
291.94792,0.12,1098017100.0,2004-10-17 22:45:00+10:00
291.95833,0.13,1098018000.0,2004-10-17 23:00:00+10:00
291.96875,0.1,1098018900.0,2004-10-17 23:15:00+10:00
291.97917,0.07,1098019800.0,2004-10-17 23:30:00+10:00
291.98958,0.06,1098020700.0,2004-10-17 23:45:00+10:00
292.0,0.04,1098021600.0,2004-10-18 00:00:00+10:00
292.01042,-0.03,1098022500.0,2004-10-18 00:15:00+10:00
292.02083,-0.08,1098023400.0,2004-10-18 00:30:00+10:00
292.03125,-0.1,1098024300.0,2004-10-18 00:45:00+10:00
292.04167,-0.15,1098025200.0,2004-10-18 01:00:00+10:00
292.05208,-0.21,1098026100.0,2004-10-18 01:15:00+10:00
292.0625,-0.28,1098027000.0,2004-10-18 01:30:00+10:00
292.07292,-0.33,1098027900.0,2004-10-18 01:45:00+10:00
292.08333,-0.35,1098028800.0,2004-10-18 02:00:00+10:00
292.09375,-0.4,1098029700.0,2004-10-18 02:15:00+10:00
292.10417,-0.46,1098030600.0,2004-10-18 02:30:00+10:00
292.11458,-0.52,1098031500.0,2004-10-18 02:45:00+10:00
292.125,-0.55,1098032400.0,2004-10-18 03:00:00+10:00
292.13542,-0.55,1098033300.0,2004-10-18 03:15:00+10:00
292.14583,-0.59,1098034200.0,2004-10-18 03:30:00+10:00
292.15625,-0.63,1098035100.0,2004-10-18 03:45:00+10:00
292.16667,-0.64,1098036000.0,2004-10-18 04:00:00+10:00
292.17708,-0.64,1098036900.0,2004-10-18 04:15:00+10:00
292.1875,-0.61,1098037800.0,2004-10-18 04:30:00+10:00
292.19792,-0.61,1098038700.0,2004-10-18 04:45:00+10:00
292.20833,-0.63,1098039600.0,2004-10-18 05:00:00+10:00
292.21875,-0.58,1098040500.0,2004-10-18 05:15:00+10:00
292.22917,-0.53,1098041400.0,2004-10-18 05:30:00+10:00
292.23958,-0.51,1098042300.0,2004-10-18 05:45:00+10:00
292.25,-0.49,1098043200.0,2004-10-18 06:00:00+10:00
292.26042,-0.42,1098044100.0,2004-10-18 06:15:00+10:00
292.27083,-0.37,1098045000.0,2004-10-18 06:30:00+10:00
292.28125,-0.29,1098045900.0,2004-10-18 06:45:00+10:00
292.29167,-0.23,1098046800.0,2004-10-18 07:00:00+10:00
292.30208,-0.2,1098047700.0,2004-10-18 07:15:00+10:00
292.3125,-0.09,1098048600.0,2004-10-18 07:30:00+10:00
292.32292,-0.03,1098049500.0,2004-10-18 07:45:00+10:00
292.33333,0.04,1098050400.0,2004-10-18 08:00:00+10:00
292.34375,0.11,1098051300.0,2004-10-18 08:15:00+10:00
292.35417,0.18,1098052200.0,2004-10-18 08:30:00+10:00
292.36458,0.24,1098053100.0,2004-10-18 08:45:00+10:00
292.375,0.29,1098054000.0,2004-10-18 09:00:00+10:00
292.38542,0.34,1098054900.0,2004-10-18 09:15:00+10:00
292.39583,0.39,1098055800.0,2004-10-18 09:30:00+10:00
292.40625,0.45,1098056700.0,2004-10-18 09:45:00+10:00
292.41667,0.48,1098057600.0,2004-10-18 10:00:00+10:00
292.42708,0.49,1098058500.0,2004-10-18 10:15:00+10:00
292.4375,0.49,1098059400.0,2004-10-18 10:30:00+10:00
292.44792,0.51,1098060300.0,2004-10-18 10:45:00+10:00
292.45833,0.55,1098061200.0,2004-10-18 11:00:00+10:00
292.46875,0.51,1098062100.0,2004-10-18 11:15:00+10:00
292.47917,0.46,1098063000.0,2004-10-18 11:30:00+10:00
292.48958,0.46,1098063900.0,2004-10-18 11:45:00+10:00
292.5,0.42,1098064800.0,2004-10-18 12:00:00+10:00
292.51042,0.37,1098065700.0,2004-10-18 12:15:00+10:00
292.52083,0.3,1098066600.0,2004-10-18 12:30:00+10:00
292.53125,0.22,1098067500.0,2004-10-18 12:45:00+10:00
292.54167,0.16,1098068400.0,2004-10-18 13:00:00+10:00
292.55208,0.1,1098069300.0,2004-10-18 13:15:00+10:00
292.5625,0.01,1098070200.0,2004-10-18 13:30:00+10:00
292.57292,-0.09,1098071100.0,2004-10-18 13:45:00+10:00
292.58333,-0.17,1098072000.0,2004-10-18 14:00:00+10:00
292.59375,-0.24,1098072900.0,2004-10-18 14:15:00+10:00
292.60417,-0.3,1098073800.0,2004-10-18 14:30:00+10:00
292.61458,-0.4,1098074700.0,2004-10-18 14:45:00+10:00
292.625,-0.49,1098075600.0,2004-10-18 15:00:00+10:00
292.63542,-0.53,1098076500.0,2004-10-18 15:15:00+10:00
292.64583,-0.6,1098077400.0,2004-10-18 15:30:00+10:00
292.65625,-0.67,1098078300.0,2004-10-18 15:45:00+10:00
292.66667,-0.72,1098079200.0,2004-10-18 16:00:00+10:00
292.67708,-0.79,1098080100.0,2004-10-18 16:15:00+10:00
292.6875,-0.83,1098081000.0,2004-10-18 16:30:00+10:00
292.69792,-0.85,1098081900.0,2004-10-18 16:45:00+10:00
292.70833,-0.91,1098082800.0,2004-10-18 17:00:00+10:00
292.71875,-0.95,1098083700.0,2004-10-18 17:15:00+10:00
292.72917,-0.93,1098084600.0,2004-10-18 17:30:00+10:00
292.73958,-0.95,1098085500.0,2004-10-18 17:45:00+10:00
292.75,-0.95,1098086400.0,2004-10-18 18:00:00+10:00
292.76042,-0.94,1098087300.0,2004-10-18 18:15:00+10:00
292.77083,-0.93,1098088200.0,2004-10-18 18:30:00+10:00
292.78125,-0.89,1098089100.0,2004-10-18 18:45:00+10:00
292.79167,-0.84,1098090000.0,2004-10-18 19:00:00+10:00
292.80208,-0.83,1098090900.0,2004-10-18 19:15:00+10:00
292.8125,-0.8,1098091800.0,2004-10-18 19:30:00+10:00
292.82292,-0.74,1098092700.0,2004-10-18 19:45:00+10:00
292.83333,-0.69,1098093600.0,2004-10-18 20:00:00+10:00
292.84375,-0.62,1098094500.0,2004-10-18 20:15:00+10:00
292.85417,-0.6,1098095400.0,2004-10-18 20:30:00+10:00
292.86458,-0.54,1098096300.0,2004-10-18 20:45:00+10:00
292.875,-0.47,1098097200.0,2004-10-18 21:00:00+10:00
292.88542,-0.43,1098098100.0,2004-10-18 21:15:00+10:00
292.89583,-0.37,1098099000.0,2004-10-18 21:30:00+10:00
292.90625,-0.31,1098099900.0,2004-10-18 21:45:00+10:00
292.91667,-0.28,1098100800.0,2004-10-18 22:00:00+10:00
292.92708,-0.22,1098101700.0,2004-10-18 22:15:00+10:00
292.9375,-0.19,1098102600.0,2004-10-18 22:30:00+10:00
292.94792,-0.15,1098103500.0,2004-10-18 22:45:00+10:00
292.95833,-0.11,1098104400.0,2004-10-18 23:00:00+10:00
292.96875,-0.11,1098105300.0,2004-10-18 23:15:00+10:00
292.97917,-0.09,1098106200.0,2004-10-18 23:30:00+10:00
292.98958,-0.08,1098107100.0,2004-10-18 23:45:00+10:00
293.0,-0.07,1098108000.0,2004-10-19 00:00:00+10:00
293.01042,-0.1,1098108900.0,2004-10-19 00:15:00+10:00
293.02083,-0.1,1098109800.0,2004-10-19 00:30:00+10:00
293.03125,-0.12,1098110700.0,2004-10-19 00:45:00+10:00
293.04167,-0.15,1098111600.0,2004-10-19 01:00:00+10:00
293.05208,-0.18,1098112500.0,2004-10-19 01:15:00+10:00
293.0625,-0.22,1098113400.0,2004-10-19 01:30:00+10:00
293.07292,-0.24,1098114300.0,2004-10-19 01:45:00+10:00
293.08333,-0.29,1098115200.0,2004-10-19 02:00:00+10:00
293.09375,-0.34,1098116100.0,2004-10-19 02:15:00+10:00
293.10417,-0.37,1098117000.0,2004-10-19 02:30:00+10:00
293.11458,-0.4,1098117900.0,2004-10-19 02:45:00+10:00
293.125,-0.48,1098118800.0,2004-10-19 03:00:00+10:00
293.13542,-0.49,1098119700.0,2004-10-19 03:15:00+10:00
293.14583,-0.51,1098120600.0,2004-10-19 03:30:00+10:00
293.15625,-0.54,1098121500.0,2004-10-19 03:45:00+10:00
293.16667,-0.6,1098122400.0,2004-10-19 04:00:00+10:00
293.17708,-0.62,1098123300.0,2004-10-19 04:15:00+10:00
293.1875,-0.63,1098124200.0,2004-10-19 04:30:00+10:00
293.19792,-0.64,1098125100.0,2004-10-19 04:45:00+10:00
293.20833,-0.63,1098126000.0,2004-10-19 05:00:00+10:00
293.21875,-0.66,1098126900.0,2004-10-19 05:15:00+10:00
293.22917,-0.66,1098127800.0,2004-10-19 05:30:00+10:00
293.23958,-0.64,1098128700.0,2004-10-19 05:45:00+10:00
293.25,-0.63,1098129600.0,2004-10-19 06:00:00+10:00
293.26042,-0.6,1098130500.0,2004-10-19 06:15:00+10:00
293.27083,-0.58,1098131400.0,2004-10-19 06:30:00+10:00
293.28125,-0.54,1098132300.0,2004-10-19 06:45:00+10:00
293.29167,-0.5,1098133200.0,2004-10-19 07:00:00+10:00
293.30208,-0.43,1098134100.0,2004-10-19 07:15:00+10:00
293.3125,-0.39,1098135000.0,2004-10-19 07:30:00+10:00
293.32292,-0.33,1098135900.0,2004-10-19 07:45:00+10:00
293.33333,-0.29,1098136800.0,2004-10-19 08:00:00+10:00
293.34375,-0.21,1098137700.0,2004-10-19 08:15:00+10:00
293.35417,-0.14,1098138600.0,2004-10-19 08:30:00+10:00
293.36458,-0.09,1098139500.0,2004-10-19 08:45:00+10:00
293.375,-0.02,1098140400.0,2004-10-19 09:00:00+10:00
293.38542,0.02,1098141300.0,2004-10-19 09:15:00+10:00
293.39583,0.07,1098142200.0,2004-10-19 09:30:00+10:00
293.40625,0.14,1098143100.0,2004-10-19 09:45:00+10:00
293.41667,0.18,1098144000.0,2004-10-19 10:00:00+10:00
293.42708,0.23,1098144900.0,2004-10-19 10:15:00+10:00
293.4375,0.26,1098145800.0,2004-10-19 10:30:00+10:00
293.44792,0.31,1098146700.0,2004-10-19 10:45:00+10:00
293.45833,0.32,1098147600.0,2004-10-19 11:00:00+10:00
293.46875,0.38,1098148500.0,2004-10-19 11:15:00+10:00
293.47917,0.36,1098149400.0,2004-10-19 11:30:00+10:00
293.48958,0.35,1098150300.0,2004-10-19 11:45:00+10:00
293.5,0.38,1098151200.0,2004-10-19 12:00:00+10:00
293.51042,0.36,1098152100.0,2004-10-19 12:15:00+10:00
293.52083,0.35,1098153000.0,2004-10-19 12:30:00+10:00
293.53125,0.29,1098153900.0,2004-10-19 12:45:00+10:00
293.54167,0.25,1098154800.0,2004-10-19 13:00:00+10:00
293.55208,0.22,1098155700.0,2004-10-19 13:15:00+10:00
293.5625,0.16,1098156600.0,2004-10-19 13:30:00+10:00
293.57292,0.11,1098157500.0,2004-10-19 13:45:00+10:00
293.58333,0.03,1098158400.0,2004-10-19 14:00:00+10:00
293.59375,-0.05,1098159300.0,2004-10-19 14:15:00+10:00
293.60417,-0.08,1098160200.0,2004-10-19 14:30:00+10:00
293.61458,-0.16,1098161100.0,2004-10-19 14:45:00+10:00
293.625,-0.26,1098162000.0,2004-10-19 15:00:00+10:00
293.63542,-0.32,1098162900.0,2004-10-19 15:15:00+10:00
293.64583,-0.39,1098163800.0,2004-10-19 15:30:00+10:00
293.65625,-0.44,1098164700.0,2004-10-19 15:45:00+10:00
293.66667,-0.5,1098165600.0,2004-10-19 16:00:00+10:00
293.67708,-0.61,1098166500.0,2004-10-19 16:15:00+10:00
293.6875,-0.68,1098167400.0,2004-10-19 16:30:00+10:00
293.69792,-0.69,1098168300.0,2004-10-19 16:45:00+10:00
293.70833,-0.76,1098169200.0,2004-10-19 17:00:00+10:00
293.71875,-0.85,1098170100.0,2004-10-19 17:15:00+10:00
293.72917,-0.87,1098171000.0,2004-10-19 17:30:00+10:00
293.73958,-0.9,1098171900.0,2004-10-19 17:45:00+10:00
293.75,-0.92,1098172800.0,2004-10-19 18:00:00+10:00
293.76042,-0.95,1098173700.0,2004-10-19 18:15:00+10:00
293.77083,-1.02,1098174600.0,2004-10-19 18:30:00+10:00
293.78125,-1.0,1098175500.0,2004-10-19 18:45:00+10:00
293.79167,-0.96,1098176400.0,2004-10-19 19:00:00+10:00
293.80208,-1.0,1098177300.0,2004-10-19 19:15:00+10:00
293.8125,-0.93,1098178200.0,2004-10-19 19:30:00+10:00
293.82292,-0.92,1098179100.0,2004-10-19 19:45:00+10:00
293.83333,-0.92,1098180000.0,2004-10-19 20:00:00+10:00
293.84375,-0.88,1098180900.0,2004-10-19 20:15:00+10:00
293.85417,-0.83,1098181800.0,2004-10-19 20:30:00+10:00
293.86458,-0.81,1098182700.0,2004-10-19 20:45:00+10:00
293.875,-0.77,1098183600.0,2004-10-19 21:00:00+10:00
293.88542,-0.69,1098184500.0,2004-10-19 21:15:00+10:00
293.89583,-0.69,1098185400.0,2004-10-19 21:30:00+10:00
293.90625,-0.64,1098186300.0,2004-10-19 21:45:00+10:00
293.91667,-0.55,1098187200.0,2004-10-19 22:00:00+10:00
293.92708,-0.52,1098188100.0,2004-10-19 22:15:00+10:00
293.9375,-0.46,1098189000.0,2004-10-19 22:30:00+10:00
293.94792,-0.43,1098189900.0,2004-10-19 22:45:00+10:00
293.95833,-0.37,1098190800.0,2004-10-19 23:00:00+10:00
293.96875,-0.32,1098191700.0,2004-10-19 23:15:00+10:00
293.97917,-0.27,1098192600.0,2004-10-19 23:30:00+10:00
293.98958,-0.24,1098193500.0,2004-10-19 23:45:00+10:00
294.0,-0.24,1098194400.0,2004-10-20 00:00:00+10:00
294.01042,-0.22,1098195300.0,2004-10-20 00:15:00+10:00
294.02083,-0.17,1098196200.0,2004-10-20 00:30:00+10:00
294.03125,-0.16,1098197100.0,2004-10-20 00:45:00+10:00
294.04167,-0.17,1098198000.0,2004-10-20 01:00:00+10:00
294.05208,-0.15,1098198900.0,2004-10-20 01:15:00+10:00
294.0625,-0.19,1098199800.0,2004-10-20 01:30:00+10:00
294.07292,-0.18,1098200700.0,2004-10-20 01:45:00+10:00
294.08333,-0.18,1098201600.0,2004-10-20 02:00:00+10:00
294.09375,-0.22,1098202500.0,2004-10-20 02:15:00+10:00
294.10417,-0.24,1098203400.0,2004-10-20 02:30:00+10:00
294.11458,-0.26,1098204300.0,2004-10-20 02:45:00+10:00
294.125,-0.31,1098205200.0,2004-10-20 03:00:00+10:00
294.13542,-0.31,1098206100.0,2004-10-20 03:15:00+10:00
294.14583,-0.35,1098207000.0,2004-10-20 03:30:00+10:00
294.15625,-0.42,1098207900.0,2004-10-20 03:45:00+10:00
294.16667,-0.43,1098208800.0,2004-10-20 04:00:00+10:00
294.17708,-0.44,1098209700.0,2004-10-20 04:15:00+10:00
294.1875,-0.48,1098210600.0,2004-10-20 04:30:00+10:00
294.19792,-0.49,1098211500.0,2004-10-20 04:45:00+10:00
294.20833,-0.55,1098212400.0,2004-10-20 05:00:00+10:00
294.21875,-0.56,1098213300.0,2004-10-20 05:15:00+10:00
294.22917,-0.57,1098214200.0,2004-10-20 05:30:00+10:00
294.23958,-0.57,1098215100.0,2004-10-20 05:45:00+10:00
294.25,-0.61,1098216000.0,2004-10-20 06:00:00+10:00
294.26042,-0.61,1098216900.0,2004-10-20 06:15:00+10:00
294.27083,-0.57,1098217800.0,2004-10-20 06:30:00+10:00
294.28125,-0.58,1098218700.0,2004-10-20 06:45:00+10:00
294.29167,-0.57,1098219600.0,2004-10-20 07:00:00+10:00
294.30208,-0.56,1098220500.0,2004-10-20 07:15:00+10:00
294.3125,-0.53,1098221400.0,2004-10-20 07:30:00+10:00
294.32292,-0.48,1098222300.0,2004-10-20 07:45:00+10:00
294.33333,-0.43,1098223200.0,2004-10-20 08:00:00+10:00
294.34375,-0.39,1098224100.0,2004-10-20 08:15:00+10:00
294.35417,-0.38,1098225000.0,2004-10-20 08:30:00+10:00
294.36458,-0.32,1098225900.0,2004-10-20 08:45:00+10:00
294.375,-0.24,1098226800.0,2004-10-20 09:00:00+10:00
294.38542,-0.18,1098227700.0,2004-10-20 09:15:00+10:00
294.39583,-0.17,1098228600.0,2004-10-20 09:30:00+10:00
294.40625,-0.12,1098229500.0,2004-10-20 09:45:00+10:00
294.41667,-0.03,1098230400.0,2004-10-20 10:00:00+10:00
294.42708,0.01,1098231300.0,2004-10-20 10:15:00+10:00
294.4375,0.06,1098232200.0,2004-10-20 10:30:00+10:00
294.44792,0.1,1098233100.0,2004-10-20 10:45:00+10:00
294.45833,0.15,1098234000.0,2004-10-20 11:00:00+10:00
294.46875,0.21,1098234900.0,2004-10-20 11:15:00+10:00
294.47917,0.27,1098235800.0,2004-10-20 11:30:00+10:00
294.48958,0.27,1098236700.0,2004-10-20 11:45:00+10:00
294.5,0.28,1098237600.0,2004-10-20 12:00:00+10:00
294.51042,0.37,1098238500.0,2004-10-20 12:15:00+10:00
294.52083,0.34,1098239400.0,2004-10-20 12:30:00+10:00
294.53125,0.34,1098240300.0,2004-10-20 12:45:00+10:00
294.54167,0.36,1098241200.0,2004-10-20 13:00:00+10:00
294.55208,0.34,1098242100.0,2004-10-20 13:15:00+10:00
294.5625,0.32,1098243000.0,2004-10-20 13:30:00+10:00
294.57292,0.3,1098243900.0,2004-10-20 13:45:00+10:00
294.58333,0.27,1098244800.0,2004-10-20 14:00:00+10:00
294.59375,0.23,1098245700.0,2004-10-20 14:15:00+10:00
294.60417,0.17,1098246600.0,2004-10-20 14:30:00+10:00
294.61458,0.17,1098247500.0,2004-10-20 14:45:00+10:00
294.625,0.08,1098248400.0,2004-10-20 15:00:00+10:00
294.63542,0.01,1098249300.0,2004-10-20 15:15:00+10:00
294.64583,-0.02,1098250200.0,2004-10-20 15:30:00+10:00
294.65625,-0.09,1098251100.0,2004-10-20 15:45:00+10:00
294.66667,-0.16,1098252000.0,2004-10-20 16:00:00+10:00
294.67708,-0.23,1098252900.0,2004-10-20 16:15:00+10:00
294.6875,-0.3,1098253800.0,2004-10-20 16:30:00+10:00
294.69792,-0.36,1098254700.0,2004-10-20 16:45:00+10:00
294.70833,-0.41,1098255600.0,2004-10-20 17:00:00+10:00
294.71875,-0.5,1098256500.0,2004-10-20 17:15:00+10:00
294.72917,-0.56,1098257400.0,2004-10-20 17:30:00+10:00
294.73958,-0.59,1098258300.0,2004-10-20 17:45:00+10:00
294.75,-0.64,1098259200.0,2004-10-20 18:00:00+10:00
294.76042,-0.7,1098260100.0,2004-10-20 18:15:00+10:00
294.77083,-0.76,1098261000.0,2004-10-20 18:30:00+10:00
294.78125,-0.79,1098261900.0,2004-10-20 18:45:00+10:00
294.79167,-0.82,1098262800.0,2004-10-20 19:00:00+10:00
294.80208,-0.83,1098263700.0,2004-10-20 19:15:00+10:00
294.8125,-0.85,1098264600.0,2004-10-20 19:30:00+10:00
294.82292,-0.91,1098265500.0,2004-10-20 19:45:00+10:00
294.83333,-0.91,1098266400.0,2004-10-20 20:00:00+10:00
294.84375,-0.86,1098267300.0,2004-10-20 20:15:00+10:00
294.85417,-0.88,1098268200.0,2004-10-20 20:30:00+10:00
294.86458,-0.87,1098269100.0,2004-10-20 20:45:00+10:00
294.875,-0.85,1098270000.0,2004-10-20 21:00:00+10:00
294.88542,-0.82,1098270900.0,2004-10-20 21:15:00+10:00
294.89583,-0.8,1098271800.0,2004-10-20 21:30:00+10:00
294.90625,-0.73,1098272700.0,2004-10-20 21:45:00+10:00
294.91667,-0.71,1098273600.0,2004-10-20 22:00:00+10:00
294.92708,-0.72,1098274500.0,2004-10-20 22:15:00+10:00
294.9375,-0.62,1098275400.0,2004-10-20 22:30:00+10:00
294.94792,-0.54,1098276300.0,2004-10-20 22:45:00+10:00
294.95833,-0.55,1098277200.0,2004-10-20 23:00:00+10:00
294.96875,-0.48,1098278100.0,2004-10-20 23:15:00+10:00
294.97917,-0.43,1098279000.0,2004-10-20 23:30:00+10:00
294.98958,-0.4,1098279900.0,2004-10-20 23:45:00+10:00
295.0,-0.33,1098280800.0,2004-10-21 00:00:00+10:00
295.01042,-0.31,1098281700.0,2004-10-21 00:15:00+10:00
295.02083,-0.26,1098282600.0,2004-10-21 00:30:00+10:00
295.03125,-0.21,1098283500.0,2004-10-21 00:45:00+10:00
295.04167,-0.22,1098284400.0,2004-10-21 01:00:00+10:00
295.05208,-0.15,1098285300.0,2004-10-21 01:15:00+10:00
295.0625,-0.13,1098286200.0,2004-10-21 01:30:00+10:00
295.07292,-0.12,1098287100.0,2004-10-21 01:45:00+10:00
295.08333,-0.12,1098288000.0,2004-10-21 02:00:00+10:00
295.09375,-0.11,1098288900.0,2004-10-21 02:15:00+10:00
295.10417,-0.11,1098289800.0,2004-10-21 02:30:00+10:00
295.11458,-0.11,1098290700.0,2004-10-21 02:45:00+10:00
295.125,-0.12,1098291600.0,2004-10-21 03:00:00+10:00
295.13542,-0.14,1098292500.0,2004-10-21 03:15:00+10:00
295.14583,-0.13,1098293400.0,2004-10-21 03:30:00+10:00
295.15625,-0.19,1098294300.0,2004-10-21 03:45:00+10:00
295.16667,-0.2,1098295200.0,2004-10-21 04:00:00+10:00
295.17708,-0.18,1098296100.0,2004-10-21 04:15:00+10:00
295.1875,-0.25,1098297000.0,2004-10-21 04:30:00+10:00
295.19792,-0.25,1098297900.0,2004-10-21 04:45:00+10:00
295.20833,-0.28,1098298800.0,2004-10-21 05:00:00+10:00
295.21875,-0.32,1098299700.0,2004-10-21 05:15:00+10:00
295.22917,-0.34,1098300600.0,2004-10-21 05:30:00+10:00
295.23958,-0.36,1098301500.0,2004-10-21 05:45:00+10:00
295.25,-0.4,1098302400.0,2004-10-21 06:00:00+10:00
295.26042,-0.42,1098303300.0,2004-10-21 06:15:00+10:00
295.27083,-0.42,1098304200.0,2004-10-21 06:30:00+10:00
295.28125,-0.47,1098305100.0,2004-10-21 06:45:00+10:00
295.29167,-0.47,1098306000.0,2004-10-21 07:00:00+10:00
295.30208,-0.47,1098306900.0,2004-10-21 07:15:00+10:00
295.3125,-0.47,1098307800.0,2004-10-21 07:30:00+10:00
295.32292,-0.45,1098308700.0,2004-10-21 07:45:00+10:00
295.33333,-0.45,1098309600.0,2004-10-21 08:00:00+10:00
295.34375,-0.44,1098310500.0,2004-10-21 08:15:00+10:00
295.35417,-0.4,1098311400.0,2004-10-21 08:30:00+10:00
295.36458,-0.38,1098312300.0,2004-10-21 08:45:00+10:00
295.375,-0.34,1098313200.0,2004-10-21 09:00:00+10:00
295.38542,-0.31,1098314100.0,2004-10-21 09:15:00+10:00
295.39583,-0.28,1098315000.0,2004-10-21 09:30:00+10:00
295.40625,-0.23,1098315900.0,2004-10-21 09:45:00+10:00
295.41667,-0.17,1098316800.0,2004-10-21 10:00:00+10:00
295.42708,-0.15,1098317700.0,2004-10-21 10:15:00+10:00
295.4375,-0.08,1098318600.0,2004-10-21 10:30:00+10:00
295.44792,-0.04,1098319500.0,2004-10-21 10:45:00+10:00
295.45833,-0.01,1098320400.0,2004-10-21 11:00:00+10:00
295.46875,0.08,1098321300.0,2004-10-21 11:15:00+10:00
295.47917,0.15,1098322200.0,2004-10-21 11:30:00+10:00
295.48958,0.16,1098323100.0,2004-10-21 11:45:00+10:00
295.5,0.22,1098324000.0,2004-10-21 12:00:00+10:00
295.51042,0.24,1098324900.0,2004-10-21 12:15:00+10:00
295.52083,0.3,1098325800.0,2004-10-21 12:30:00+10:00
295.53125,0.36,1098326700.0,2004-10-21 12:45:00+10:00
295.54167,0.35,1098327600.0,2004-10-21 13:00:00+10:00
295.55208,0.38,1098328500.0,2004-10-21 13:15:00+10:00
295.5625,0.39,1098329400.0,2004-10-21 13:30:00+10:00
295.57292,0.4,1098330300.0,2004-10-21 13:45:00+10:00
295.58333,0.43,1098331200.0,2004-10-21 14:00:00+10:00
295.59375,0.43,1098332100.0,2004-10-21 14:15:00+10:00
295.60417,0.37,1098333000.0,2004-10-21 14:30:00+10:00
295.61458,0.39,1098333900.0,2004-10-21 14:45:00+10:00
295.625,0.36,1098334800.0,2004-10-21 15:00:00+10:00
295.63542,0.34,1098335700.0,2004-10-21 15:15:00+10:00
295.64583,0.33,1098336600.0,2004-10-21 15:30:00+10:00
295.65625,0.24,1098337500.0,2004-10-21 15:45:00+10:00
295.66667,0.23,1098338400.0,2004-10-21 16:00:00+10:00
295.67708,0.17,1098339300.0,2004-10-21 16:15:00+10:00
295.6875,0.1,1098340200.0,2004-10-21 16:30:00+10:00
295.69792,0.07,1098341100.0,2004-10-21 16:45:00+10:00
295.70833,-0.03,1098342000.0,2004-10-21 17:00:00+10:00
295.71875,-0.08,1098342900.0,2004-10-21 17:15:00+10:00
295.72917,-0.13,1098343800.0,2004-10-21 17:30:00+10:00
295.73958,-0.22,1098344700.0,2004-10-21 17:45:00+10:00
295.75,-0.28,1098345600.0,2004-10-21 18:00:00+10:00
295.76042,-0.32,1098346500.0,2004-10-21 18:15:00+10:00
295.77083,-0.41,1098347400.0,2004-10-21 18:30:00+10:00
295.78125,-0.46,1098348300.0,2004-10-21 18:45:00+10:00
295.79167,-0.5,1098349200.0,2004-10-21 19:00:00+10:00
295.80208,-0.58,1098350100.0,2004-10-21 19:15:00+10:00
295.8125,-0.61,1098351000.0,2004-10-21 19:30:00+10:00
295.82292,-0.64,1098351900.0,2004-10-21 19:45:00+10:00
295.83333,-0.73,1098352800.0,2004-10-21 20:00:00+10:00
295.84375,-0.71,1098353700.0,2004-10-21 20:15:00+10:00
295.85417,-0.75,1098354600.0,2004-10-21 20:30:00+10:00
295.86458,-0.78,1098355500.0,2004-10-21 20:45:00+10:00
295.875,-0.78,1098356400.0,2004-10-21 21:00:00+10:00
295.88542,-0.8,1098357300.0,2004-10-21 21:15:00+10:00
295.89583,-0.78,1098358200.0,2004-10-21 21:30:00+10:00
295.90625,-0.75,1098359100.0,2004-10-21 21:45:00+10:00
295.91667,-0.76,1098360000.0,2004-10-21 22:00:00+10:00
295.92708,-0.73,1098360900.0,2004-10-21 22:15:00+10:00
295.9375,-0.7,1098361800.0,2004-10-21 22:30:00+10:00
295.94792,-0.68,1098362700.0,2004-10-21 22:45:00+10:00
295.95833,-0.61,1098363600.0,2004-10-21 23:00:00+10:00
295.96875,-0.59,1098364500.0,2004-10-21 23:15:00+10:00
295.97917,-0.55,1098365400.0,2004-10-21 23:30:00+10:00
295.98958,-0.48,1098366300.0,2004-10-21 23:45:00+10:00
296.0,-0.44,1098367200.0,2004-10-22 00:00:00+10:00
296.01042,-0.38,1098368100.0,2004-10-22 00:15:00+10:00
296.02083,-0.34,1098369000.0,2004-10-22 00:30:00+10:00
296.03125,-0.32,1098369900.0,2004-10-22 00:45:00+10:00
296.04167,-0.23,1098370800.0,2004-10-22 01:00:00+10:00
296.05208,-0.17,1098371700.0,2004-10-22 01:15:00+10:00
296.0625,-0.15,1098372600.0,2004-10-22 01:30:00+10:00
296.07292,-0.1,1098373500.0,2004-10-22 01:45:00+10:00
296.08333,-0.05,1098374400.0,2004-10-22 02:00:00+10:00
296.09375,-0.05,1098375300.0,2004-10-22 02:15:00+10:00
296.10417,0.01,1098376200.0,2004-10-22 02:30:00+10:00
296.11458,0.02,1098377100.0,2004-10-22 02:45:00+10:00
296.125,0.04,1098378000.0,2004-10-22 03:00:00+10:00
296.13542,0.06,1098378900.0,2004-10-22 03:15:00+10:00
296.14583,0.06,1098379800.0,2004-10-22 03:30:00+10:00
296.15625,0.06,1098380700.0,2004-10-22 03:45:00+10:00
296.16667,0.04,1098381600.0,2004-10-22 04:00:00+10:00
296.17708,0.04,1098382500.0,2004-10-22 04:15:00+10:00
296.1875,0.04,1098383400.0,2004-10-22 04:30:00+10:00
296.19792,0.0,1098384300.0,2004-10-22 04:45:00+10:00
296.20833,-0.02,1098385200.0,2004-10-22 05:00:00+10:00
296.21875,-0.03,1098386100.0,2004-10-22 05:15:00+10:00
296.22917,-0.06,1098387000.0,2004-10-22 05:30:00+10:00
296.23958,-0.1,1098387900.0,2004-10-22 05:45:00+10:00
296.25,-0.13,1098388800.0,2004-10-22 06:00:00+10:00
296.26042,-0.17,1098389700.0,2004-10-22 06:15:00+10:00
296.27083,-0.21,1098390600.0,2004-10-22 06:30:00+10:00
296.28125,-0.21,1098391500.0,2004-10-22 06:45:00+10:00
296.29167,-0.28,1098392400.0,2004-10-22 07:00:00+10:00
296.30208,-0.28,1098393300.0,2004-10-22 07:15:00+10:00
296.3125,-0.3,1098394200.0,2004-10-22 07:30:00+10:00
296.32292,-0.37,1098395100.0,2004-10-22 07:45:00+10:00
296.33333,-0.34,1098396000.0,2004-10-22 08:00:00+10:00
296.34375,-0.36,1098396900.0,2004-10-22 08:15:00+10:00
296.35417,-0.38,1098397800.0,2004-10-22 08:30:00+10:00
296.36458,-0.37,1098398700.0,2004-10-22 08:45:00+10:00
296.375,-0.38,1098399600.0,2004-10-22 09:00:00+10:00
296.38542,-0.38,1098400500.0,2004-10-22 09:15:00+10:00
296.39583,-0.35,1098401400.0,2004-10-22 09:30:00+10:00
296.40625,-0.33,1098402300.0,2004-10-22 09:45:00+10:00
296.41667,-0.32,1098403200.0,2004-10-22 10:00:00+10:00
296.42708,-0.29,1098404100.0,2004-10-22 10:15:00+10:00
296.4375,-0.26,1098405000.0,2004-10-22 10:30:00+10:00
296.44792,-0.22,1098405900.0,2004-10-22 10:45:00+10:00
296.45833,-0.16,1098406800.0,2004-10-22 11:00:00+10:00
296.46875,-0.14,1098407700.0,2004-10-22 11:15:00+10:00
296.47917,-0.09,1098408600.0,2004-10-22 11:30:00+10:00
296.48958,-0.05,1098409500.0,2004-10-22 11:45:00+10:00
296.5,0.01,1098410400.0,2004-10-22 12:00:00+10:00
296.51042,0.11,1098411300.0,2004-10-22 12:15:00+10:00
296.52083,0.12,1098412200.0,2004-10-22 12:30:00+10:00
296.53125,0.16,1098413100.0,2004-10-22 12:45:00+10:00
296.54167,0.23,1098414000.0,2004-10-22 13:00:00+10:00
296.55208,0.26,1098414900.0,2004-10-22 13:15:00+10:00
296.5625,0.31,1098415800.0,2004-10-22 13:30:00+10:00
296.57292,0.34,1098416700.0,2004-10-22 13:45:00+10:00
296.58333,0.39,1098417600.0,2004-10-22 14:00:00+10:00
296.59375,0.39,1098418500.0,2004-10-22 14:15:00+10:00
296.60417,0.45,1098419400.0,2004-10-22 14:30:00+10:00
296.61458,0.47,1098420300.0,2004-10-22 14:45:00+10:00
296.625,0.46,1098421200.0,2004-10-22 15:00:00+10:00
296.63542,0.47,1098422100.0,2004-10-22 15:15:00+10:00
296.64583,0.45,1098423000.0,2004-10-22 15:30:00+10:00
296.65625,0.49,1098423900.0,2004-10-22 15:45:00+10:00
296.66667,0.46,1098424800.0,2004-10-22 16:00:00+10:00
296.67708,0.39,1098425700.0,2004-10-22 16:15:00+10:00
296.6875,0.39,1098426600.0,2004-10-22 16:30:00+10:00
296.69792,0.37,1098427500.0,2004-10-22 16:45:00+10:00
296.70833,0.32,1098428400.0,2004-10-22 17:00:00+10:00
296.71875,0.27,1098429300.0,2004-10-22 17:15:00+10:00
296.72917,0.2,1098430200.0,2004-10-22 17:30:00+10:00
296.73958,0.14,1098431100.0,2004-10-22 17:45:00+10:00
296.75,0.12,1098432000.0,2004-10-22 18:00:00+10:00
296.76042,0.07,1098432900.0,2004-10-22 18:15:00+10:00
296.77083,-0.05,1098433800.0,2004-10-22 18:30:00+10:00
296.78125,-0.12,1098434700.0,2004-10-22 18:45:00+10:00
296.79167,-0.17,1098435600.0,2004-10-22 19:00:00+10:00
296.80208,-0.23,1098436500.0,2004-10-22 19:15:00+10:00
296.8125,-0.29,1098437400.0,2004-10-22 19:30:00+10:00
296.82292,-0.38,1098438300.0,2004-10-22 19:45:00+10:00
296.83333,-0.47,1098439200.0,2004-10-22 20:00:00+10:00
296.84375,-0.51,1098440100.0,2004-10-22 20:15:00+10:00
296.85417,-0.53,1098441000.0,2004-10-22 20:30:00+10:00
296.86458,-0.58,1098441900.0,2004-10-22 20:45:00+10:00
296.875,-0.68,1098442800.0,2004-10-22 21:00:00+10:00
296.88542,-0.71,1098443700.0,2004-10-22 21:15:00+10:00
296.89583,-0.7,1098444600.0,2004-10-22 21:30:00+10:00
296.90625,-0.73,1098445500.0,2004-10-22 21:45:00+10:00
296.91667,-0.76,1098446400.0,2004-10-22 22:00:00+10:00
296.92708,-0.78,1098447300.0,2004-10-22 22:15:00+10:00
296.9375,-0.8,1098448200.0,2004-10-22 22:30:00+10:00
296.94792,-0.72,1098449100.0,2004-10-22 22:45:00+10:00
296.95833,-0.72,1098450000.0,2004-10-22 23:00:00+10:00
296.96875,-0.73,1098450900.0,2004-10-22 23:15:00+10:00
296.97917,-0.73,1098451800.0,2004-10-22 23:30:00+10:00
296.98958,-0.66,1098452700.0,2004-10-22 23:45:00+10:00
297.0,-0.58,1098453600.0,2004-10-23 00:00:00+10:00
297.01042,-0.59,1098454500.0,2004-10-23 00:15:00+10:00
297.02083,-0.54,1098455400.0,2004-10-23 00:30:00+10:00
297.03125,-0.5,1098456300.0,2004-10-23 00:45:00+10:00
297.04167,-0.41,1098457200.0,2004-10-23 01:00:00+10:00
297.05208,-0.33,1098458100.0,2004-10-23 01:15:00+10:00
297.0625,-0.31,1098459000.0,2004-10-23 01:30:00+10:00
297.07292,-0.27,1098459900.0,2004-10-23 01:45:00+10:00
297.08333,-0.19,1098460800.0,2004-10-23 02:00:00+10:00
297.09375,-0.13,1098461700.0,2004-10-23 02:15:00+10:00
297.10417,-0.08,1098462600.0,2004-10-23 02:30:00+10:00
297.11458,-0.05,1098463500.0,2004-10-23 02:45:00+10:00
297.125,-0.02,1098464400.0,2004-10-23 03:00:00+10:00
297.13542,0.03,1098465300.0,2004-10-23 03:15:00+10:00
297.14583,0.09,1098466200.0,2004-10-23 03:30:00+10:00
297.15625,0.1,1098467100.0,2004-10-23 03:45:00+10:00
297.16667,0.11,1098468000.0,2004-10-23 04:00:00+10:00
297.17708,0.13,1098468900.0,2004-10-23 04:15:00+10:00
297.1875,0.13,1098469800.0,2004-10-23 04:30:00+10:00
297.19792,0.14,1098470700.0,2004-10-23 04:45:00+10:00
297.20833,0.16,1098471600.0,2004-10-23 05:00:00+10:00
297.21875,0.12,1098472500.0,2004-10-23 05:15:00+10:00
297.22917,0.09,1098473400.0,2004-10-23 05:30:00+10:00
297.23958,0.09,1098474300.0,2004-10-23 05:45:00+10:00
297.25,0.07,1098475200.0,2004-10-23 06:00:00+10:00
297.26042,0.02,1098476100.0,2004-10-23 06:15:00+10:00
297.27083,0.0,1098477000.0,2004-10-23 06:30:00+10:00
297.28125,-0.06,1098477900.0,2004-10-23 06:45:00+10:00
297.29167,-0.08,1098478800.0,2004-10-23 07:00:00+10:00
297.30208,-0.08,1098479700.0,2004-10-23 07:15:00+10:00
297.3125,-0.16,1098480600.0,2004-10-23 07:30:00+10:00
297.32292,-0.21,1098481500.0,2004-10-23 07:45:00+10:00
297.33333,-0.24,1098482400.0,2004-10-23 08:00:00+10:00
297.34375,-0.24,1098483300.0,2004-10-23 08:15:00+10:00
297.35417,-0.27,1098484200.0,2004-10-23 08:30:00+10:00
297.36458,-0.33,1098485100.0,2004-10-23 08:45:00+10:00
297.375,-0.35,1098486000.0,2004-10-23 09:00:00+10:00
297.38542,-0.37,1098486900.0,2004-10-23 09:15:00+10:00
297.39583,-0.38,1098487800.0,2004-10-23 09:30:00+10:00
297.40625,-0.39,1098488700.0,2004-10-23 09:45:00+10:00
297.41667,-0.41,1098489600.0,2004-10-23 10:00:00+10:00
297.42708,-0.4,1098490500.0,2004-10-23 10:15:00+10:00
297.4375,-0.38,1098491400.0,2004-10-23 10:30:00+10:00
297.44792,-0.36,1098492300.0,2004-10-23 10:45:00+10:00
297.45833,-0.36,1098493200.0,2004-10-23 11:00:00+10:00
297.46875,-0.34,1098494100.0,2004-10-23 11:15:00+10:00
297.47917,-0.31,1098495000.0,2004-10-23 11:30:00+10:00
297.48958,-0.24,1098495900.0,2004-10-23 11:45:00+10:00
297.5,-0.21,1098496800.0,2004-10-23 12:00:00+10:00
297.51042,-0.2,1098497700.0,2004-10-23 12:15:00+10:00
297.52083,-0.14,1098498600.0,2004-10-23 12:30:00+10:00
297.53125,-0.09,1098499500.0,2004-10-23 12:45:00+10:00
297.54167,-0.02,1098500400.0,2004-10-23 13:00:00+10:00
297.55208,0.03,1098501300.0,2004-10-23 13:15:00+10:00
297.5625,0.08,1098502200.0,2004-10-23 13:30:00+10:00
297.57292,0.11,1098503100.0,2004-10-23 13:45:00+10:00
297.58333,0.19,1098504000.0,2004-10-23 14:00:00+10:00
297.59375,0.26,1098504900.0,2004-10-23 14:15:00+10:00
297.60417,0.28,1098505800.0,2004-10-23 14:30:00+10:00
297.61458,0.32,1098506700.0,2004-10-23 14:45:00+10:00
297.625,0.37,1098507600.0,2004-10-23 15:00:00+10:00
297.63542,0.44,1098508500.0,2004-10-23 15:15:00+10:00
297.64583,0.45,1098509400.0,2004-10-23 15:30:00+10:00
297.65625,0.46,1098510300.0,2004-10-23 15:45:00+10:00
297.66667,0.5,1098511200.0,2004-10-23 16:00:00+10:00
297.67708,0.51,1098512100.0,2004-10-23 16:15:00+10:00
297.6875,0.51,1098513000.0,2004-10-23 16:30:00+10:00
297.69792,0.5,1098513900.0,2004-10-23 16:45:00+10:00
297.70833,0.47,1098514800.0,2004-10-23 17:00:00+10:00
297.71875,0.47,1098515700.0,2004-10-23 17:15:00+10:00
297.72917,0.43,1098516600.0,2004-10-23 17:30:00+10:00
297.73958,0.39,1098517500.0,2004-10-23 17:45:00+10:00
297.75,0.35,1098518400.0,2004-10-23 18:00:00+10:00
297.76042,0.3,1098519300.0,2004-10-23 18:15:00+10:00
297.77083,0.25,1098520200.0,2004-10-23 18:30:00+10:00
297.78125,0.2,1098521100.0,2004-10-23 18:45:00+10:00
297.79167,0.13,1098522000.0,2004-10-23 19:00:00+10:00
297.80208,0.04,1098522900.0,2004-10-23 19:15:00+10:00
297.8125,-0.02,1098523800.0,2004-10-23 19:30:00+10:00
297.82292,-0.09,1098524700.0,2004-10-23 19:45:00+10:00
297.83333,-0.16,1098525600.0,2004-10-23 20:00:00+10:00
297.84375,-0.25,1098526500.0,2004-10-23 20:15:00+10:00
297.85417,-0.35,1098527400.0,2004-10-23 20:30:00+10:00
297.86458,-0.35,1098528300.0,2004-10-23 20:45:00+10:00
297.875,-0.44,1098529200.0,2004-10-23 21:00:00+10:00
297.88542,-0.53,1098530100.0,2004-10-23 21:15:00+10:00
297.89583,-0.57,1098531000.0,2004-10-23 21:30:00+10:00
297.90625,-0.63,1098531900.0,2004-10-23 21:45:00+10:00
297.91667,-0.64,1098532800.0,2004-10-23 22:00:00+10:00
297.92708,-0.67,1098533700.0,2004-10-23 22:15:00+10:00
297.9375,-0.75,1098534600.0,2004-10-23 22:30:00+10:00
297.94792,-0.77,1098535500.0,2004-10-23 22:45:00+10:00
297.95833,-0.74,1098536400.0,2004-10-23 23:00:00+10:00
297.96875,-0.75,1098537300.0,2004-10-23 23:15:00+10:00
297.97917,-0.77,1098538200.0,2004-10-23 23:30:00+10:00
297.98958,-0.75,1098539100.0,2004-10-23 23:45:00+10:00
298.0,-0.76,1098540000.0,2004-10-24 00:00:00+10:00
298.01042,-0.7,1098540900.0,2004-10-24 00:15:00+10:00
298.02083,-0.65,1098541800.0,2004-10-24 00:30:00+10:00
298.03125,-0.66,1098542700.0,2004-10-24 00:45:00+10:00
298.04167,-0.6,1098543600.0,2004-10-24 01:00:00+10:00
298.05208,-0.53,1098544500.0,2004-10-24 01:15:00+10:00
298.0625,-0.47,1098545400.0,2004-10-24 01:30:00+10:00
298.07292,-0.43,1098546300.0,2004-10-24 01:45:00+10:00
298.08333,-0.37,1098547200.0,2004-10-24 02:00:00+10:00
298.09375,-0.29,1098548100.0,2004-10-24 02:15:00+10:00
298.10417,-0.23,1098549000.0,2004-10-24 02:30:00+10:00
298.11458,-0.18,1098549900.0,2004-10-24 02:45:00+10:00
298.125,-0.11,1098550800.0,2004-10-24 03:00:00+10:00
298.13542,-0.08,1098551700.0,2004-10-24 03:15:00+10:00
298.14583,-0.01,1098552600.0,2004-10-24 03:30:00+10:00
298.15625,0.05,1098553500.0,2004-10-24 03:45:00+10:00
298.16667,0.09,1098554400.0,2004-10-24 04:00:00+10:00
298.17708,0.12,1098555300.0,2004-10-24 04:15:00+10:00
298.1875,0.17,1098556200.0,2004-10-24 04:30:00+10:00
298.19792,0.19,1098557100.0,2004-10-24 04:45:00+10:00
298.20833,0.21,1098558000.0,2004-10-24 05:00:00+10:00
298.21875,0.23,1098558900.0,2004-10-24 05:15:00+10:00
298.22917,0.21,1098559800.0,2004-10-24 05:30:00+10:00
298.23958,0.23,1098560700.0,2004-10-24 05:45:00+10:00
298.25,0.22,1098561600.0,2004-10-24 06:00:00+10:00
298.26042,0.2,1098562500.0,2004-10-24 06:15:00+10:00
298.27083,0.16,1098563400.0,2004-10-24 06:30:00+10:00
298.28125,0.15,1098564300.0,2004-10-24 06:45:00+10:00
298.29167,0.12,1098565200.0,2004-10-24 07:00:00+10:00
298.30208,0.08,1098566100.0,2004-10-24 07:15:00+10:00
298.3125,0.03,1098567000.0,2004-10-24 07:30:00+10:00
298.32292,-0.04,1098567900.0,2004-10-24 07:45:00+10:00
298.33333,-0.05,1098568800.0,2004-10-24 08:00:00+10:00
298.34375,-0.11,1098569700.0,2004-10-24 08:15:00+10:00
298.35417,-0.17,1098570600.0,2004-10-24 08:30:00+10:00
298.36458,-0.22,1098571500.0,2004-10-24 08:45:00+10:00
298.375,-0.29,1098572400.0,2004-10-24 09:00:00+10:00
298.38542,-0.28,1098573300.0,2004-10-24 09:15:00+10:00
298.39583,-0.35,1098574200.0,2004-10-24 09:30:00+10:00
298.40625,-0.4,1098575100.0,2004-10-24 09:45:00+10:00
298.41667,-0.44,1098576000.0,2004-10-24 10:00:00+10:00
298.42708,-0.45,1098576900.0,2004-10-24 10:15:00+10:00
298.4375,-0.46,1098577800.0,2004-10-24 10:30:00+10:00
298.44792,-0.48,1098578700.0,2004-10-24 10:45:00+10:00
298.45833,-0.49,1098579600.0,2004-10-24 11:00:00+10:00
298.46875,-0.52,1098580500.0,2004-10-24 11:15:00+10:00
298.47917,-0.47,1098581400.0,2004-10-24 11:30:00+10:00
298.48958,-0.48,1098582300.0,2004-10-24 11:45:00+10:00
298.5,-0.46,1098583200.0,2004-10-24 12:00:00+10:00
298.51042,-0.42,1098584100.0,2004-10-24 12:15:00+10:00
298.52083,-0.42,1098585000.0,2004-10-24 12:30:00+10:00
298.53125,-0.35,1098585900.0,2004-10-24 12:45:00+10:00
298.54167,-0.3,1098586800.0,2004-10-24 13:00:00+10:00
298.55208,-0.29,1098587700.0,2004-10-24 13:15:00+10:00
298.5625,-0.23,1098588600.0,2004-10-24 13:30:00+10:00
298.57292,-0.16,1098589500.0,2004-10-24 13:45:00+10:00
298.58333,-0.1,1098590400.0,2004-10-24 14:00:00+10:00
298.59375,-0.03,1098591300.0,2004-10-24 14:15:00+10:00
298.60417,0.0,1098592200.0,2004-10-24 14:30:00+10:00
298.61458,0.07,1098593100.0,2004-10-24 14:45:00+10:00
298.625,0.14,1098594000.0,2004-10-24 15:00:00+10:00
298.63542,0.21,1098594900.0,2004-10-24 15:15:00+10:00
298.64583,0.27,1098595800.0,2004-10-24 15:30:00+10:00
298.65625,0.31,1098596700.0,2004-10-24 15:45:00+10:00
298.66667,0.33,1098597600.0,2004-10-24 16:00:00+10:00
298.67708,0.39,1098598500.0,2004-10-24 16:15:00+10:00
298.6875,0.42,1098599400.0,2004-10-24 16:30:00+10:00
298.69792,0.45,1098600300.0,2004-10-24 16:45:00+10:00
298.70833,0.47,1098601200.0,2004-10-24 17:00:00+10:00
298.71875,0.46,1098602100.0,2004-10-24 17:15:00+10:00
298.72917,0.48,1098603000.0,2004-10-24 17:30:00+10:00
298.73958,0.47,1098603900.0,2004-10-24 17:45:00+10:00
298.75,0.45,1098604800.0,2004-10-24 18:00:00+10:00
298.76042,0.41,1098605700.0,2004-10-24 18:15:00+10:00
298.77083,0.37,1098606600.0,2004-10-24 18:30:00+10:00
298.78125,0.35,1098607500.0,2004-10-24 18:45:00+10:00
298.79167,0.29,1098608400.0,2004-10-24 19:00:00+10:00
298.80208,0.24,1098609300.0,2004-10-24 19:15:00+10:00
298.8125,0.17,1098610200.0,2004-10-24 19:30:00+10:00
298.82292,0.11,1098611100.0,2004-10-24 19:45:00+10:00
298.83333,0.05,1098612000.0,2004-10-24 20:00:00+10:00
298.84375,-0.03,1098612900.0,2004-10-24 20:15:00+10:00
298.85417,-0.09,1098613800.0,2004-10-24 20:30:00+10:00
298.86458,-0.21,1098614700.0,2004-10-24 20:45:00+10:00
298.875,-0.26,1098615600.0,2004-10-24 21:00:00+10:00
298.88542,-0.32,1098616500.0,2004-10-24 21:15:00+10:00
298.89583,-0.39,1098617400.0,2004-10-24 21:30:00+10:00
298.90625,-0.45,1098618300.0,2004-10-24 21:45:00+10:00
298.91667,-0.56,1098619200.0,2004-10-24 22:00:00+10:00
298.92708,-0.58,1098620100.0,2004-10-24 22:15:00+10:00
298.9375,-0.62,1098621000.0,2004-10-24 22:30:00+10:00
298.94792,-0.69,1098621900.0,2004-10-24 22:45:00+10:00
298.95833,-0.73,1098622800.0,2004-10-24 23:00:00+10:00
298.96875,-0.75,1098623700.0,2004-10-24 23:15:00+10:00
298.97917,-0.8,1098624600.0,2004-10-24 23:30:00+10:00
298.98958,-0.78,1098625500.0,2004-10-24 23:45:00+10:00
299.0,-0.82,1098626400.0,2004-10-25 00:00:00+10:00
299.01042,-0.83,1098627300.0,2004-10-25 00:15:00+10:00
299.02083,-0.74,1098628200.0,2004-10-25 00:30:00+10:00
299.03125,-0.78,1098629100.0,2004-10-25 00:45:00+10:00
299.04167,-0.73,1098630000.0,2004-10-25 01:00:00+10:00
299.05208,-0.69,1098630900.0,2004-10-25 01:15:00+10:00
299.0625,-0.68,1098631800.0,2004-10-25 01:30:00+10:00
299.07292,-0.59,1098632700.0,2004-10-25 01:45:00+10:00
299.08333,-0.53,1098633600.0,2004-10-25 02:00:00+10:00
299.09375,-0.45,1098634500.0,2004-10-25 02:15:00+10:00
299.10417,-0.45,1098635400.0,2004-10-25 02:30:00+10:00
299.11458,-0.36,1098636300.0,2004-10-25 02:45:00+10:00
299.125,-0.27,1098637200.0,2004-10-25 03:00:00+10:00
299.13542,-0.22,1098638100.0,2004-10-25 03:15:00+10:00
299.14583,-0.15,1098639000.0,2004-10-25 03:30:00+10:00
299.15625,-0.11,1098639900.0,2004-10-25 03:45:00+10:00
299.16667,0.0,1098640800.0,2004-10-25 04:00:00+10:00
299.17708,0.05,1098641700.0,2004-10-25 04:15:00+10:00
299.1875,0.11,1098642600.0,2004-10-25 04:30:00+10:00
299.19792,0.15,1098643500.0,2004-10-25 04:45:00+10:00
299.20833,0.18,1098644400.0,2004-10-25 05:00:00+10:00
299.21875,0.26,1098645300.0,2004-10-25 05:15:00+10:00
299.22917,0.27,1098646200.0,2004-10-25 05:30:00+10:00
299.23958,0.28,1098647100.0,2004-10-25 05:45:00+10:00
299.25,0.3,1098648000.0,2004-10-25 06:00:00+10:00
299.26042,0.28,1098648900.0,2004-10-25 06:15:00+10:00
299.27083,0.28,1098649800.0,2004-10-25 06:30:00+10:00
299.28125,0.3,1098650700.0,2004-10-25 06:45:00+10:00
299.29167,0.24,1098651600.0,2004-10-25 07:00:00+10:00
299.30208,0.19,1098652500.0,2004-10-25 07:15:00+10:00
299.3125,0.2,1098653400.0,2004-10-25 07:30:00+10:00
299.32292,0.14,1098654300.0,2004-10-25 07:45:00+10:00
299.33333,0.11,1098655200.0,2004-10-25 08:00:00+10:00
299.34375,0.07,1098656100.0,2004-10-25 08:15:00+10:00
299.35417,-0.02,1098657000.0,2004-10-25 08:30:00+10:00
299.36458,-0.06,1098657900.0,2004-10-25 08:45:00+10:00
299.375,-0.14,1098658800.0,2004-10-25 09:00:00+10:00
299.38542,-0.18,1098659700.0,2004-10-25 09:15:00+10:00
299.39583,-0.22,1098660600.0,2004-10-25 09:30:00+10:00
299.40625,-0.34,1098661500.0,2004-10-25 09:45:00+10:00
299.41667,-0.35,1098662400.0,2004-10-25 10:00:00+10:00
299.42708,-0.39,1098663300.0,2004-10-25 10:15:00+10:00
299.4375,-0.46,1098664200.0,2004-10-25 10:30:00+10:00
299.44792,-0.49,1098665100.0,2004-10-25 10:45:00+10:00
299.45833,-0.54,1098666000.0,2004-10-25 11:00:00+10:00
299.46875,-0.58,1098666900.0,2004-10-25 11:15:00+10:00
299.47917,-0.54,1098667800.0,2004-10-25 11:30:00+10:00
299.48958,-0.59,1098668700.0,2004-10-25 11:45:00+10:00
299.5,-0.65,1098669600.0,2004-10-25 12:00:00+10:00
299.51042,-0.62,1098670500.0,2004-10-25 12:15:00+10:00
299.52083,-0.59,1098671400.0,2004-10-25 12:30:00+10:00
299.53125,-0.61,1098672300.0,2004-10-25 12:45:00+10:00
299.54167,-0.57,1098673200.0,2004-10-25 13:00:00+10:00
299.55208,-0.56,1098674100.0,2004-10-25 13:15:00+10:00
299.5625,-0.52,1098675000.0,2004-10-25 13:30:00+10:00
299.57292,-0.45,1098675900.0,2004-10-25 13:45:00+10:00
299.58333,-0.44,1098676800.0,2004-10-25 14:00:00+10:00
299.59375,-0.36,1098677700.0,2004-10-25 14:15:00+10:00
299.60417,-0.31,1098678600.0,2004-10-25 14:30:00+10:00
299.61458,-0.27,1098679500.0,2004-10-25 14:45:00+10:00
299.625,-0.16,1098680400.0,2004-10-25 15:00:00+10:00
299.63542,-0.1,1098681300.0,2004-10-25 15:15:00+10:00
299.64583,-0.07,1098682200.0,2004-10-25 15:30:00+10:00
299.65625,0.02,1098683100.0,2004-10-25 15:45:00+10:00
299.66667,0.07,1098684000.0,2004-10-25 16:00:00+10:00
299.67708,0.15,1098684900.0,2004-10-25 16:15:00+10:00
299.6875,0.21,1098685800.0,2004-10-25 16:30:00+10:00
299.69792,0.21,1098686700.0,2004-10-25 16:45:00+10:00
299.70833,0.28,1098687600.0,2004-10-25 17:00:00+10:00
299.71875,0.31,1098688500.0,2004-10-25 17:15:00+10:00
299.72917,0.34,1098689400.0,2004-10-25 17:30:00+10:00
299.73958,0.37,1098690300.0,2004-10-25 17:45:00+10:00
299.75,0.37,1098691200.0,2004-10-25 18:00:00+10:00
299.76042,0.38,1098692100.0,2004-10-25 18:15:00+10:00
299.77083,0.37,1098693000.0,2004-10-25 18:30:00+10:00
299.78125,0.38,1098693900.0,2004-10-25 18:45:00+10:00
299.79167,0.34,1098694800.0,2004-10-25 19:00:00+10:00
299.80208,0.32,1098695700.0,2004-10-25 19:15:00+10:00
299.8125,0.27,1098696600.0,2004-10-25 19:30:00+10:00
299.82292,0.21,1098697500.0,2004-10-25 19:45:00+10:00
299.83333,0.2,1098698400.0,2004-10-25 20:00:00+10:00
299.84375,0.1,1098699300.0,2004-10-25 20:15:00+10:00
299.85417,0.05,1098700200.0,2004-10-25 20:30:00+10:00
299.86458,-0.03,1098701100.0,2004-10-25 20:45:00+10:00
299.875,-0.11,1098702000.0,2004-10-25 21:00:00+10:00
299.88542,-0.16,1098702900.0,2004-10-25 21:15:00+10:00
299.89583,-0.26,1098703800.0,2004-10-25 21:30:00+10:00
299.90625,-0.3,1098704700.0,2004-10-25 21:45:00+10:00
299.91667,-0.39,1098705600.0,2004-10-25 22:00:00+10:00
299.92708,-0.44,1098706500.0,2004-10-25 22:15:00+10:00
299.9375,-0.52,1098707400.0,2004-10-25 22:30:00+10:00
299.94792,-0.58,1098708300.0,2004-10-25 22:45:00+10:00
299.95833,-0.62,1098709200.0,2004-10-25 23:00:00+10:00
299.96875,-0.7,1098710100.0,2004-10-25 23:15:00+10:00
299.97917,-0.7,1098711000.0,2004-10-25 23:30:00+10:00
299.98958,-0.78,1098711900.0,2004-10-25 23:45:00+10:00
300.0,-0.8,1098712800.0,2004-10-26 00:00:00+10:00
300.01042,-0.78,1098713700.0,2004-10-26 00:15:00+10:00
300.02083,-0.84,1098714600.0,2004-10-26 00:30:00+10:00
300.03125,-0.82,1098715500.0,2004-10-26 00:45:00+10:00
300.04167,-0.82,1098716400.0,2004-10-26 01:00:00+10:00
300.05208,-0.82,1098717300.0,2004-10-26 01:15:00+10:00
300.0625,-0.75,1098718200.0,2004-10-26 01:30:00+10:00
300.07292,-0.75,1098719100.0,2004-10-26 01:45:00+10:00
300.08333,-0.68,1098720000.0,2004-10-26 02:00:00+10:00
300.09375,-0.66,1098720900.0,2004-10-26 02:15:00+10:00
300.10417,-0.58,1098721800.0,2004-10-26 02:30:00+10:00
300.11458,-0.52,1098722700.0,2004-10-26 02:45:00+10:00
300.125,-0.46,1098723600.0,2004-10-26 03:00:00+10:00
300.13542,-0.38,1098724500.0,2004-10-26 03:15:00+10:00
300.14583,-0.34,1098725400.0,2004-10-26 03:30:00+10:00
300.15625,-0.21,1098726300.0,2004-10-26 03:45:00+10:00
300.16667,-0.17,1098727200.0,2004-10-26 04:00:00+10:00
300.17708,-0.1,1098728100.0,2004-10-26 04:15:00+10:00
300.1875,-0.01,1098729000.0,2004-10-26 04:30:00+10:00
300.19792,0.03,1098729900.0,2004-10-26 04:45:00+10:00
300.20833,0.13,1098730800.0,2004-10-26 05:00:00+10:00
300.21875,0.17,1098731700.0,2004-10-26 05:15:00+10:00
300.22917,0.22,1098732600.0,2004-10-26 05:30:00+10:00
300.23958,0.26,1098733500.0,2004-10-26 05:45:00+10:00
300.25,0.28,1098734400.0,2004-10-26 06:00:00+10:00
300.26042,0.36,1098735300.0,2004-10-26 06:15:00+10:00
300.27083,0.35,1098736200.0,2004-10-26 06:30:00+10:00
300.28125,0.34,1098737100.0,2004-10-26 06:45:00+10:00
300.29167,0.34,1098738000.0,2004-10-26 07:00:00+10:00
300.30208,0.37,1098738900.0,2004-10-26 07:15:00+10:00
300.3125,0.33,1098739800.0,2004-10-26 07:30:00+10:00
300.32292,0.31,1098740700.0,2004-10-26 07:45:00+10:00
300.33333,0.3,1098741600.0,2004-10-26 08:00:00+10:00
300.34375,0.21,1098742500.0,2004-10-26 08:15:00+10:00
300.35417,0.21,1098743400.0,2004-10-26 08:30:00+10:00
300.36458,0.14,1098744300.0,2004-10-26 08:45:00+10:00
300.375,0.07,1098745200.0,2004-10-26 09:00:00+10:00
300.38542,0.04,1098746100.0,2004-10-26 09:15:00+10:00
300.39583,-0.08,1098747000.0,2004-10-26 09:30:00+10:00
300.40625,-0.1,1098747900.0,2004-10-26 09:45:00+10:00
300.41667,-0.19,1098748800.0,2004-10-26 10:00:00+10:00
300.42708,-0.24,1098749700.0,2004-10-26 10:15:00+10:00
300.4375,-0.34,1098750600.0,2004-10-26 10:30:00+10:00
300.44792,-0.36,1098751500.0,2004-10-26 10:45:00+10:00
300.45833,-0.41,1098752400.0,2004-10-26 11:00:00+10:00
300.46875,-0.51,1098753300.0,2004-10-26 11:15:00+10:00
300.47917,-0.52,1098754200.0,2004-10-26 11:30:00+10:00
300.48958,-0.57,1098755100.0,2004-10-26 11:45:00+10:00
300.5,-0.61,1098756000.0,2004-10-26 12:00:00+10:00
300.51042,-0.61,1098756900.0,2004-10-26 12:15:00+10:00
300.52083,-0.67,1098757800.0,2004-10-26 12:30:00+10:00
300.53125,-0.66,1098758700.0,2004-10-26 12:45:00+10:00
300.54167,-0.66,1098759600.0,2004-10-26 13:00:00+10:00
300.55208,-0.66,1098760500.0,2004-10-26 13:15:00+10:00
300.5625,-0.68,1098761400.0,2004-10-26 13:30:00+10:00
300.57292,-0.64,1098762300.0,2004-10-26 13:45:00+10:00
300.58333,-0.58,1098763200.0,2004-10-26 14:00:00+10:00
300.59375,-0.58,1098764100.0,2004-10-26 14:15:00+10:00
300.60417,-0.52,1098765000.0,2004-10-26 14:30:00+10:00
300.61458,-0.5,1098765900.0,2004-10-26 14:45:00+10:00
300.625,-0.41,1098766800.0,2004-10-26 15:00:00+10:00
300.63542,-0.33,1098767700.0,2004-10-26 15:15:00+10:00
300.64583,-0.3,1098768600.0,2004-10-26 15:30:00+10:00
300.65625,-0.23,1098769500.0,2004-10-26 15:45:00+10:00
300.66667,-0.16,1098770400.0,2004-10-26 16:00:00+10:00
300.67708,-0.06,1098771300.0,2004-10-26 16:15:00+10:00
300.6875,-0.04,1098772200.0,2004-10-26 16:30:00+10:00
300.69792,0.02,1098773100.0,2004-10-26 16:45:00+10:00
300.70833,0.1,1098774000.0,2004-10-26 17:00:00+10:00
300.71875,0.13,1098774900.0,2004-10-26 17:15:00+10:00
300.72917,0.22,1098775800.0,2004-10-26 17:30:00+10:00
300.73958,0.26,1098776700.0,2004-10-26 17:45:00+10:00
300.75,0.27,1098777600.0,2004-10-26 18:00:00+10:00
300.76042,0.29,1098778500.0,2004-10-26 18:15:00+10:00
300.77083,0.37,1098779400.0,2004-10-26 18:30:00+10:00
300.78125,0.37,1098780300.0,2004-10-26 18:45:00+10:00
300.79167,0.34,1098781200.0,2004-10-26 19:00:00+10:00
300.80208,0.38,1098782100.0,2004-10-26 19:15:00+10:00
300.8125,0.33,1098783000.0,2004-10-26 19:30:00+10:00
300.82292,0.34,1098783900.0,2004-10-26 19:45:00+10:00
300.83333,0.35,1098784800.0,2004-10-26 20:00:00+10:00
300.84375,0.21,1098785700.0,2004-10-26 20:15:00+10:00
300.85417,0.23,1098786600.0,2004-10-26 20:30:00+10:00
300.86458,0.19,1098787500.0,2004-10-26 20:45:00+10:00
300.875,0.1,1098788400.0,2004-10-26 21:00:00+10:00
300.88542,0.07,1098789300.0,2004-10-26 21:15:00+10:00
300.89583,-0.04,1098790200.0,2004-10-26 21:30:00+10:00
300.90625,-0.09,1098791100.0,2004-10-26 21:45:00+10:00
300.91667,-0.14,1098792000.0,2004-10-26 22:00:00+10:00
300.92708,-0.18,1098792900.0,2004-10-26 22:15:00+10:00
300.9375,-0.3,1098793800.0,2004-10-26 22:30:00+10:00
300.94792,-0.35,1098794700.0,2004-10-26 22:45:00+10:00
300.95833,-0.39,1098795600.0,2004-10-26 23:00:00+10:00
300.96875,-0.44,1098796500.0,2004-10-26 23:15:00+10:00
300.97917,-0.51,1098797400.0,2004-10-26 23:30:00+10:00
300.98958,-0.61,1098798300.0,2004-10-26 23:45:00+10:00
301.0,-0.62,1098799200.0,2004-10-27 00:00:00+10:00
301.01042,-0.62,1098800100.0,2004-10-27 00:15:00+10:00
301.02083,-0.69,1098801000.0,2004-10-27 00:30:00+10:00
301.03125,-0.67,1098801900.0,2004-10-27 00:45:00+10:00
301.04167,-0.71,1098802800.0,2004-10-27 01:00:00+10:00
301.05208,-0.71,1098803700.0,2004-10-27 01:15:00+10:00
301.0625,-0.69,1098804600.0,2004-10-27 01:30:00+10:00
301.07292,-0.69,1098805500.0,2004-10-27 01:45:00+10:00
301.08333,-0.64,1098806400.0,2004-10-27 02:00:00+10:00
301.09375,-0.65,1098807300.0,2004-10-27 02:15:00+10:00
301.10417,-0.58,1098808200.0,2004-10-27 02:30:00+10:00
301.11458,-0.52,1098809100.0,2004-10-27 02:45:00+10:00
301.125,-0.51,1098810000.0,2004-10-27 03:00:00+10:00
301.13542,-0.41,1098810900.0,2004-10-27 03:15:00+10:00
301.14583,-0.34,1098811800.0,2004-10-27 03:30:00+10:00
301.15625,-0.29,1098812700.0,2004-10-27 03:45:00+10:00
301.16667,-0.21,1098813600.0,2004-10-27 04:00:00+10:00
301.17708,-0.11,1098814500.0,2004-10-27 04:15:00+10:00
301.1875,-0.05,1098815400.0,2004-10-27 04:30:00+10:00
301.19792,0.01,1098816300.0,2004-10-27 04:45:00+10:00
301.20833,0.12,1098817200.0,2004-10-27 05:00:00+10:00
301.21875,0.17,1098818100.0,2004-10-27 05:15:00+10:00
301.22917,0.27,1098819000.0,2004-10-27 05:30:00+10:00
301.23958,0.34,1098819900.0,2004-10-27 05:45:00+10:00
301.25,0.28,1098820800.0,2004-10-27 06:00:00+10:00
301.26042,0.43,1098821700.0,2004-10-27 06:15:00+10:00
301.27083,0.46,1098822600.0,2004-10-27 06:30:00+10:00
301.28125,0.46,1098823500.0,2004-10-27 06:45:00+10:00
301.29167,0.46,1098824400.0,2004-10-27 07:00:00+10:00
301.30208,0.5,1098825300.0,2004-10-27 07:15:00+10:00
301.3125,0.54,1098826200.0,2004-10-27 07:30:00+10:00
301.32292,0.55,1098827100.0,2004-10-27 07:45:00+10:00
301.33333,0.52,1098828000.0,2004-10-27 08:00:00+10:00
301.34375,0.44,1098828900.0,2004-10-27 08:15:00+10:00
301.35417,0.48,1098829800.0,2004-10-27 08:30:00+10:00
301.36458,0.44,1098830700.0,2004-10-27 08:45:00+10:00
301.375,0.38,1098831600.0,2004-10-27 09:00:00+10:00
301.38542,0.36,1098832500.0,2004-10-27 09:15:00+10:00
301.39583,0.23,1098833400.0,2004-10-27 09:30:00+10:00
301.40625,0.19,1098834300.0,2004-10-27 09:45:00+10:00
301.41667,0.19,1098835200.0,2004-10-27 10:00:00+10:00
301.42708,0.07,1098836100.0,2004-10-27 10:15:00+10:00
301.4375,-0.06,1098837000.0,2004-10-27 10:30:00+10:00
301.44792,-0.09,1098837900.0,2004-10-27 10:45:00+10:00
301.45833,-0.09,1098838800.0,2004-10-27 11:00:00+10:00
301.46875,-0.25,1098839700.0,2004-10-27 11:15:00+10:00
301.47917,-0.26,1098840600.0,2004-10-27 11:30:00+10:00
301.48958,-0.32,1098841500.0,2004-10-27 11:45:00+10:00
301.5,-0.42,1098842400.0,2004-10-27 12:00:00+10:00
301.51042,-0.39,1098843300.0,2004-10-27 12:15:00+10:00
301.52083,-0.47,1098844200.0,2004-10-27 12:30:00+10:00
301.53125,-0.57,1098845100.0,2004-10-27 12:45:00+10:00
301.54167,-0.57,1098846000.0,2004-10-27 13:00:00+10:00
301.55208,-0.54,1098846900.0,2004-10-27 13:15:00+10:00
301.5625,-0.61,1098847800.0,2004-10-27 13:30:00+10:00
301.57292,-0.72,1098848700.0,2004-10-27 13:45:00+10:00
301.58333,-0.55,1098849600.0,2004-10-27 14:00:00+10:00
301.59375,-0.58,1098850500.0,2004-10-27 14:15:00+10:00
301.60417,-0.61,1098851400.0,2004-10-27 14:30:00+10:00
301.61458,-0.61,1098852300.0,2004-10-27 14:45:00+10:00
301.625,-0.55,1098853200.0,2004-10-27 15:00:00+10:00
301.63542,-0.51,1098854100.0,2004-10-27 15:15:00+10:00
301.64583,-0.44,1098855000.0,2004-10-27 15:30:00+10:00
301.65625,-0.4,1098855900.0,2004-10-27 15:45:00+10:00
301.66667,-0.44,1098856800.0,2004-10-27 16:00:00+10:00
301.67708,-0.28,1098857700.0,2004-10-27 16:15:00+10:00
301.6875,-0.13,1098858600.0,2004-10-27 16:30:00+10:00
301.69792,-0.21,1098859500.0,2004-10-27 16:45:00+10:00
301.70833,-0.14,1098860400.0,2004-10-27 17:00:00+10:00
301.71875,-0.05,1098861300.0,2004-10-27 17:15:00+10:00
301.72917,0.06,1098862200.0,2004-10-27 17:30:00+10:00
301.73958,0.06,1098863100.0,2004-10-27 17:45:00+10:00
301.75,0.11,1098864000.0,2004-10-27 18:00:00+10:00
301.76042,0.18,1098864900.0,2004-10-27 18:15:00+10:00
301.77083,0.18,1098865800.0,2004-10-27 18:30:00+10:00
301.78125,0.32,1098866700.0,2004-10-27 18:45:00+10:00
301.79167,0.32,1098867600.0,2004-10-27 19:00:00+10:00
301.80208,0.24,1098868500.0,2004-10-27 19:15:00+10:00
301.8125,0.33,1098869400.0,2004-10-27 19:30:00+10:00
301.82292,0.35,1098870300.0,2004-10-27 19:45:00+10:00
301.83333,0.35,1098871200.0,2004-10-27 20:00:00+10:00
301.84375,0.32,1098872100.0,2004-10-27 20:15:00+10:00
301.85417,0.29,1098873000.0,2004-10-27 20:30:00+10:00
301.86458,0.25,1098873900.0,2004-10-27 20:45:00+10:00
301.875,0.24,1098874800.0,2004-10-27 21:00:00+10:00
301.88542,0.24,1098875700.0,2004-10-27 21:15:00+10:00
301.89583,0.13,1098876600.0,2004-10-27 21:30:00+10:00
301.90625,0.06,1098877500.0,2004-10-27 21:45:00+10:00
301.91667,0.04,1098878400.0,2004-10-27 22:00:00+10:00
301.92708,0.01,1098879300.0,2004-10-27 22:15:00+10:00
301.9375,-0.08,1098880200.0,2004-10-27 22:30:00+10:00
301.94792,-0.17,1098881100.0,2004-10-27 22:45:00+10:00
301.95833,-0.17,1098882000.0,2004-10-27 23:00:00+10:00
301.96875,-0.26,1098882900.0,2004-10-27 23:15:00+10:00
301.97917,-0.34,1098883800.0,2004-10-27 23:30:00+10:00
301.98958,-0.34,1098884700.0,2004-10-27 23:45:00+10:00
302.0,-0.43,1098885600.0,2004-10-28 00:00:00+10:00
302.01042,-0.46,1098886500.0,2004-10-28 00:15:00+10:00
302.02083,-0.49,1098887400.0,2004-10-28 00:30:00+10:00
302.03125,-0.53,1098888300.0,2004-10-28 00:45:00+10:00
302.04167,-0.53,1098889200.0,2004-10-28 01:00:00+10:00
302.05208,-0.54,1098890100.0,2004-10-28 01:15:00+10:00
302.0625,-0.56,1098891000.0,2004-10-28 01:30:00+10:00
302.07292,-0.55,1098891900.0,2004-10-28 01:45:00+10:00
302.08333,-0.53,1098892800.0,2004-10-28 02:00:00+10:00
302.09375,-0.52,1098893700.0,2004-10-28 02:15:00+10:00
302.10417,-0.49,1098894600.0,2004-10-28 02:30:00+10:00
302.11458,-0.44,1098895500.0,2004-10-28 02:45:00+10:00
302.125,-0.39,1098896400.0,2004-10-28 03:00:00+10:00
302.13542,-0.37,1098897300.0,2004-10-28 03:15:00+10:00
302.14583,-0.29,1098898200.0,2004-10-28 03:30:00+10:00
302.15625,-0.19,1098899100.0,2004-10-28 03:45:00+10:00
302.16667,-0.17,1098900000.0,2004-10-28 04:00:00+10:00
302.17708,-0.07,1098900900.0,2004-10-28 04:15:00+10:00
302.1875,0.03,1098901800.0,2004-10-28 04:30:00+10:00
302.19792,0.09,1098902700.0,2004-10-28 04:45:00+10:00
302.20833,0.18,1098903600.0,2004-10-28 05:00:00+10:00
302.21875,0.27,1098904500.0,2004-10-28 05:15:00+10:00
302.22917,0.33,1098905400.0,2004-10-28 05:30:00+10:00
302.23958,0.4,1098906300.0,2004-10-28 05:45:00+10:00
302.25,0.5,1098907200.0,2004-10-28 06:00:00+10:00
302.26042,0.57,1098908100.0,2004-10-28 06:15:00+10:00
302.27083,0.58,1098909000.0,2004-10-28 06:30:00+10:00
302.28125,0.64,1098909900.0,2004-10-28 06:45:00+10:00
302.29167,0.71,1098910800.0,2004-10-28 07:00:00+10:00
302.30208,0.72,1098911700.0,2004-10-28 07:15:00+10:00
302.3125,0.76,1098912600.0,2004-10-28 07:30:00+10:00
302.32292,0.79,1098913500.0,2004-10-28 07:45:00+10:00
302.33333,0.75,1098914400.0,2004-10-28 08:00:00+10:00
302.34375,0.78,1098915300.0,2004-10-28 08:15:00+10:00
302.35417,0.79,1098916200.0,2004-10-28 08:30:00+10:00
302.36458,0.74,1098917100.0,2004-10-28 08:45:00+10:00
302.375,0.7,1098918000.0,2004-10-28 09:00:00+10:00
302.38542,0.67,1098918900.0,2004-10-28 09:15:00+10:00
302.39583,0.61,1098919800.0,2004-10-28 09:30:00+10:00
302.40625,0.54,1098920700.0,2004-10-28 09:45:00+10:00
302.41667,0.49,1098921600.0,2004-10-28 10:00:00+10:00
302.42708,0.41,1098922500.0,2004-10-28 10:15:00+10:00
302.4375,0.32,1098923400.0,2004-10-28 10:30:00+10:00
302.44792,0.26,1098924300.0,2004-10-28 10:45:00+10:00
302.45833,0.16,1098925200.0,2004-10-28 11:00:00+10:00
302.46875,0.07,1098926100.0,2004-10-28 11:15:00+10:00
302.47917,0.01,1098927000.0,2004-10-28 11:30:00+10:00
302.48958,-0.08,1098927900.0,2004-10-28 11:45:00+10:00
302.5,-0.17,1098928800.0,2004-10-28 12:00:00+10:00
302.51042,-0.23,1098929700.0,2004-10-28 12:15:00+10:00
302.52083,-0.28,1098930600.0,2004-10-28 12:30:00+10:00
302.53125,-0.39,1098931500.0,2004-10-28 12:45:00+10:00
302.54167,-0.42,1098932400.0,2004-10-28 13:00:00+10:00
302.55208,-0.48,1098933300.0,2004-10-28 13:15:00+10:00
302.5625,-0.53,1098934200.0,2004-10-28 13:30:00+10:00
302.57292,-0.57,1098935100.0,2004-10-28 13:45:00+10:00
302.58333,-0.58,1098936000.0,2004-10-28 14:00:00+10:00
302.59375,-0.61,1098936900.0,2004-10-28 14:15:00+10:00
302.60417,-0.65,1098937800.0,2004-10-28 14:30:00+10:00
302.61458,-0.63,1098938700.0,2004-10-28 14:45:00+10:00
302.625,-0.62,1098939600.0,2004-10-28 15:00:00+10:00
302.63542,-0.6,1098940500.0,2004-10-28 15:15:00+10:00
302.64583,-0.59,1098941400.0,2004-10-28 15:30:00+10:00
302.65625,-0.55,1098942300.0,2004-10-28 15:45:00+10:00
302.66667,-0.51,1098943200.0,2004-10-28 16:00:00+10:00
302.67708,-0.45,1098944100.0,2004-10-28 16:15:00+10:00
302.6875,-0.42,1098945000.0,2004-10-28 16:30:00+10:00
302.69792,-0.37,1098945900.0,2004-10-28 16:45:00+10:00
302.70833,-0.29,1098946800.0,2004-10-28 17:00:00+10:00
302.71875,-0.23,1098947700.0,2004-10-28 17:15:00+10:00
302.72917,-0.18,1098948600.0,2004-10-28 17:30:00+10:00
302.73958,-0.12,1098949500.0,2004-10-28 17:45:00+10:00
302.75,-0.07,1098950400.0,2004-10-28 18:00:00+10:00
302.76042,-0.01,1098951300.0,2004-10-28 18:15:00+10:00
302.77083,0.08,1098952200.0,2004-10-28 18:30:00+10:00
302.78125,0.1,1098953100.0,2004-10-28 18:45:00+10:00
302.79167,0.15,1098954000.0,2004-10-28 19:00:00+10:00
302.80208,0.18,1098954900.0,2004-10-28 19:15:00+10:00
302.8125,0.23,1098955800.0,2004-10-28 19:30:00+10:00
302.82292,0.25,1098956700.0,2004-10-28 19:45:00+10:00
302.83333,0.29,1098957600.0,2004-10-28 20:00:00+10:00
302.84375,0.29,1098958500.0,2004-10-28 20:15:00+10:00
302.85417,0.27,1098959400.0,2004-10-28 20:30:00+10:00
302.86458,0.3,1098960300.0,2004-10-28 20:45:00+10:00
302.875,0.26,1098961200.0,2004-10-28 21:00:00+10:00
302.88542,0.23,1098962100.0,2004-10-28 21:15:00+10:00
302.89583,0.23,1098963000.0,2004-10-28 21:30:00+10:00
302.90625,0.18,1098963900.0,2004-10-28 21:45:00+10:00
302.91667,0.13,1098964800.0,2004-10-28 22:00:00+10:00
302.92708,0.08,1098965700.0,2004-10-28 22:15:00+10:00
302.9375,0.03,1098966600.0,2004-10-28 22:30:00+10:00
302.94792,-0.03,1098967500.0,2004-10-28 22:45:00+10:00
302.95833,-0.11,1098968400.0,2004-10-28 23:00:00+10:00
302.96875,-0.16,1098969300.0,2004-10-28 23:15:00+10:00
302.97917,-0.24,1098970200.0,2004-10-28 23:30:00+10:00
302.98958,-0.29,1098971100.0,2004-10-28 23:45:00+10:00
303.0,-0.34,1098972000.0,2004-10-29 00:00:00+10:00
303.01042,-0.39,1098972900.0,2004-10-29 00:15:00+10:00
303.02083,-0.48,1098973800.0,2004-10-29 00:30:00+10:00
303.03125,-0.51,1098974700.0,2004-10-29 00:45:00+10:00
303.04167,-0.54,1098975600.0,2004-10-29 01:00:00+10:00
303.05208,-0.58,1098976500.0,2004-10-29 01:15:00+10:00
303.0625,-0.6,1098977400.0,2004-10-29 01:30:00+10:00
303.07292,-0.63,1098978300.0,2004-10-29 01:45:00+10:00
303.08333,-0.65,1098979200.0,2004-10-29 02:00:00+10:00
303.09375,-0.65,1098980100.0,2004-10-29 02:15:00+10:00
303.10417,-0.63,1098981000.0,2004-10-29 02:30:00+10:00
303.11458,-0.64,1098981900.0,2004-10-29 02:45:00+10:00
303.125,-0.62,1098982800.0,2004-10-29 03:00:00+10:00
303.13542,-0.6,1098983700.0,2004-10-29 03:15:00+10:00
303.14583,-0.55,1098984600.0,2004-10-29 03:30:00+10:00
303.15625,-0.52,1098985500.0,2004-10-29 03:45:00+10:00
303.16667,-0.48,1098986400.0,2004-10-29 04:00:00+10:00
303.17708,-0.39,1098987300.0,2004-10-29 04:15:00+10:00
303.1875,-0.38,1098988200.0,2004-10-29 04:30:00+10:00
303.19792,-0.29,1098989100.0,2004-10-29 04:45:00+10:00
303.20833,-0.21,1098990000.0,2004-10-29 05:00:00+10:00
303.21875,-0.15,1098990900.0,2004-10-29 05:15:00+10:00
303.22917,-0.07,1098991800.0,2004-10-29 05:30:00+10:00
303.23958,-0.01,1098992700.0,2004-10-29 05:45:00+10:00
303.25,0.05,1098993600.0,2004-10-29 06:00:00+10:00
303.26042,0.13,1098994500.0,2004-10-29 06:15:00+10:00
303.27083,0.18,1098995400.0,2004-10-29 06:30:00+10:00
303.28125,0.24,1098996300.0,2004-10-29 06:45:00+10:00
303.29167,0.31,1098997200.0,2004-10-29 07:00:00+10:00
303.30208,0.34,1098998100.0,2004-10-29 07:15:00+10:00
303.3125,0.39,1098999000.0,2004-10-29 07:30:00+10:00
303.32292,0.42,1098999900.0,2004-10-29 07:45:00+10:00
303.33333,0.47,1099000800.0,2004-10-29 08:00:00+10:00
303.34375,0.49,1099001700.0,2004-10-29 08:15:00+10:00
303.35417,0.47,1099002600.0,2004-10-29 08:30:00+10:00
303.36458,0.49,1099003500.0,2004-10-29 08:45:00+10:00
303.375,0.51,1099004400.0,2004-10-29 09:00:00+10:00
303.38542,0.46,1099005300.0,2004-10-29 09:15:00+10:00
303.39583,0.43,1099006200.0,2004-10-29 09:30:00+10:00
303.40625,0.39,1099007100.0,2004-10-29 09:45:00+10:00
303.41667,0.34,1099008000.0,2004-10-29 10:00:00+10:00
303.42708,0.29,1099008900.0,2004-10-29 10:15:00+10:00
303.4375,0.24,1099009800.0,2004-10-29 10:30:00+10:00
303.44792,0.15,1099010700.0,2004-10-29 10:45:00+10:00
303.45833,0.09,1099011600.0,2004-10-29 11:00:00+10:00
303.46875,0.02,1099012500.0,2004-10-29 11:15:00+10:00
303.47917,-0.06,1099013400.0,2004-10-29 11:30:00+10:00
303.48958,-0.12,1099014300.0,2004-10-29 11:45:00+10:00
303.5,-0.23,1099015200.0,2004-10-29 12:00:00+10:00
303.51042,-0.3,1099016100.0,2004-10-29 12:15:00+10:00
303.52083,-0.36,1099017000.0,2004-10-29 12:30:00+10:00
303.53125,-0.43,1099017900.0,2004-10-29 12:45:00+10:00
303.54167,-0.5,1099018800.0,2004-10-29 13:00:00+10:00
303.55208,-0.59,1099019700.0,2004-10-29 13:15:00+10:00
303.5625,-0.63,1099020600.0,2004-10-29 13:30:00+10:00
303.57292,-0.65,1099021500.0,2004-10-29 13:45:00+10:00
303.58333,-0.72,1099022400.0,2004-10-29 14:00:00+10:00
303.59375,-0.78,1099023300.0,2004-10-29 14:15:00+10:00
303.60417,-0.78,1099024200.0,2004-10-29 14:30:00+10:00
303.61458,-0.81,1099025100.0,2004-10-29 14:45:00+10:00
303.625,-0.83,1099026000.0,2004-10-29 15:00:00+10:00
303.63542,-0.82,1099026900.0,2004-10-29 15:15:00+10:00
303.64583,-0.85,1099027800.0,2004-10-29 15:30:00+10:00
303.65625,-0.79,1099028700.0,2004-10-29 15:45:00+10:00
303.66667,-0.78,1099029600.0,2004-10-29 16:00:00+10:00
303.67708,-0.77,1099030500.0,2004-10-29 16:15:00+10:00
303.6875,-0.72,1099031400.0,2004-10-29 16:30:00+10:00
303.69792,-0.7,1099032300.0,2004-10-29 16:45:00+10:00
303.70833,-0.65,1099033200.0,2004-10-29 17:00:00+10:00
303.71875,-0.57,1099034100.0,2004-10-29 17:15:00+10:00
303.72917,-0.53,1099035000.0,2004-10-29 17:30:00+10:00
303.73958,-0.49,1099035900.0,2004-10-29 17:45:00+10:00
303.75,-0.42,1099036800.0,2004-10-29 18:00:00+10:00
303.76042,-0.36,1099037700.0,2004-10-29 18:15:00+10:00
303.77083,-0.28,1099038600.0,2004-10-29 18:30:00+10:00
303.78125,-0.22,1099039500.0,2004-10-29 18:45:00+10:00
303.79167,-0.2,1099040400.0,2004-10-29 19:00:00+10:00
303.80208,-0.13,1099041300.0,2004-10-29 19:15:00+10:00
303.8125,-0.05,1099042200.0,2004-10-29 19:30:00+10:00
303.82292,-0.03,1099043100.0,2004-10-29 19:45:00+10:00
303.83333,-0.01,1099044000.0,2004-10-29 20:00:00+10:00
303.84375,0.04,1099044900.0,2004-10-29 20:15:00+10:00
303.85417,0.06,1099045800.0,2004-10-29 20:30:00+10:00
303.86458,0.1,1099046700.0,2004-10-29 20:45:00+10:00
303.875,0.08,1099047600.0,2004-10-29 21:00:00+10:00
303.88542,0.09,1099048500.0,2004-10-29 21:15:00+10:00
303.89583,0.09,1099049400.0,2004-10-29 21:30:00+10:00
303.90625,0.08,1099050300.0,2004-10-29 21:45:00+10:00
303.91667,0.07,1099051200.0,2004-10-29 22:00:00+10:00
303.92708,0.04,1099052100.0,2004-10-29 22:15:00+10:00
303.9375,0.0,1099053000.0,2004-10-29 22:30:00+10:00
303.94792,-0.04,1099053900.0,2004-10-29 22:45:00+10:00
303.95833,-0.08,1099054800.0,2004-10-29 23:00:00+10:00
303.96875,-0.13,1099055700.0,2004-10-29 23:15:00+10:00
303.97917,-0.17,1099056600.0,2004-10-29 23:30:00+10:00
303.98958,-0.25,1099057500.0,2004-10-29 23:45:00+10:00
304.0,-0.31,1099058400.0,2004-10-30 00:00:00+10:00
304.01042,-0.32,1099059300.0,2004-10-30 00:15:00+10:00
304.02083,-0.39,1099060200.0,2004-10-30 00:30:00+10:00
304.03125,-0.44,1099061100.0,2004-10-30 00:45:00+10:00
304.04167,-0.48,1099062000.0,2004-10-30 01:00:00+10:00
304.05208,-0.55,1099062900.0,2004-10-30 01:15:00+10:00
304.0625,-0.54,1099063800.0,2004-10-30 01:30:00+10:00
304.07292,-0.58,1099064700.0,2004-10-30 01:45:00+10:00
304.08333,-0.61,1099065600.0,2004-10-30 02:00:00+10:00
304.09375,-0.63,1099066500.0,2004-10-30 02:15:00+10:00
304.10417,-0.64,1099067400.0,2004-10-30 02:30:00+10:00
304.11458,-0.65,1099068300.0,2004-10-30 02:45:00+10:00
304.125,-0.63,1099069200.0,2004-10-30 03:00:00+10:00
304.13542,-0.63,1099070100.0,2004-10-30 03:15:00+10:00
304.14583,-0.63,1099071000.0,2004-10-30 03:30:00+10:00
304.15625,-0.6,1099071900.0,2004-10-30 03:45:00+10:00
304.16667,-0.55,1099072800.0,2004-10-30 04:00:00+10:00
304.17708,-0.51,1099073700.0,2004-10-30 04:15:00+10:00
304.1875,-0.48,1099074600.0,2004-10-30 04:30:00+10:00
304.19792,-0.44,1099075500.0,2004-10-30 04:45:00+10:00
304.20833,-0.34,1099076400.0,2004-10-30 05:00:00+10:00
304.21875,-0.29,1099077300.0,2004-10-30 05:15:00+10:00
304.22917,-0.25,1099078200.0,2004-10-30 05:30:00+10:00
304.23958,-0.16,1099079100.0,2004-10-30 05:45:00+10:00
304.25,-0.1,1099080000.0,2004-10-30 06:00:00+10:00
304.26042,-0.04,1099080900.0,2004-10-30 06:15:00+10:00
304.27083,0.04,1099081800.0,2004-10-30 06:30:00+10:00
304.28125,0.08,1099082700.0,2004-10-30 06:45:00+10:00
304.29167,0.15,1099083600.0,2004-10-30 07:00:00+10:00
304.30208,0.22,1099084500.0,2004-10-30 07:15:00+10:00
304.3125,0.26,1099085400.0,2004-10-30 07:30:00+10:00
304.32292,0.33,1099086300.0,2004-10-30 07:45:00+10:00
304.33333,0.34,1099087200.0,2004-10-30 08:00:00+10:00
304.34375,0.39,1099088100.0,2004-10-30 08:15:00+10:00
304.35417,0.42,1099089000.0,2004-10-30 08:30:00+10:00
304.36458,0.47,1099089900.0,2004-10-30 08:45:00+10:00
304.375,0.46,1099090800.0,2004-10-30 09:00:00+10:00
304.38542,0.47,1099091700.0,2004-10-30 09:15:00+10:00
304.39583,0.46,1099092600.0,2004-10-30 09:30:00+10:00
304.40625,0.45,1099093500.0,2004-10-30 09:45:00+10:00
304.41667,0.44,1099094400.0,2004-10-30 10:00:00+10:00
304.42708,0.39,1099095300.0,2004-10-30 10:15:00+10:00
304.4375,0.33,1099096200.0,2004-10-30 10:30:00+10:00
304.44792,0.29,1099097100.0,2004-10-30 10:45:00+10:00
304.45833,0.25,1099098000.0,2004-10-30 11:00:00+10:00
304.46875,0.17,1099098900.0,2004-10-30 11:15:00+10:00
304.47917,0.09,1099099800.0,2004-10-30 11:30:00+10:00
304.48958,0.04,1099100700.0,2004-10-30 11:45:00+10:00
304.5,-0.03,1099101600.0,2004-10-30 12:00:00+10:00
304.51042,-0.15,1099102500.0,2004-10-30 12:15:00+10:00
304.52083,-0.21,1099103400.0,2004-10-30 12:30:00+10:00
304.53125,-0.28,1099104300.0,2004-10-30 12:45:00+10:00
304.54167,-0.36,1099105200.0,2004-10-30 13:00:00+10:00
304.55208,-0.4,1099106100.0,2004-10-30 13:15:00+10:00
304.5625,-0.51,1099107000.0,2004-10-30 13:30:00+10:00
304.57292,-0.6,1099107900.0,2004-10-30 13:45:00+10:00
304.58333,-0.61,1099108800.0,2004-10-30 14:00:00+10:00
304.59375,-0.65,1099109700.0,2004-10-30 14:15:00+10:00
304.60417,-0.73,1099110600.0,2004-10-30 14:30:00+10:00
304.61458,-0.77,1099111500.0,2004-10-30 14:45:00+10:00
304.625,-0.79,1099112400.0,2004-10-30 15:00:00+10:00
304.63542,-0.82,1099113300.0,2004-10-30 15:15:00+10:00
304.64583,-0.8,1099114200.0,2004-10-30 15:30:00+10:00
304.65625,-0.83,1099115100.0,2004-10-30 15:45:00+10:00
304.66667,-0.88,1099116000.0,2004-10-30 16:00:00+10:00
304.67708,-0.85,1099116900.0,2004-10-30 16:15:00+10:00
304.6875,-0.81,1099117800.0,2004-10-30 16:30:00+10:00
304.69792,-0.8,1099118700.0,2004-10-30 16:45:00+10:00
304.70833,-0.79,1099119600.0,2004-10-30 17:00:00+10:00
304.71875,-0.76,1099120500.0,2004-10-30 17:15:00+10:00
304.72917,-0.7,1099121400.0,2004-10-30 17:30:00+10:00
304.73958,-0.67,1099122300.0,2004-10-30 17:45:00+10:00
304.75,-0.6,1099123200.0,2004-10-30 18:00:00+10:00
304.76042,-0.57,1099124100.0,2004-10-30 18:15:00+10:00
304.77083,-0.5,1099125000.0,2004-10-30 18:30:00+10:00
304.78125,-0.44,1099125900.0,2004-10-30 18:45:00+10:00
304.79167,-0.39,1099126800.0,2004-10-30 19:00:00+10:00
304.80208,-0.34,1099127700.0,2004-10-30 19:15:00+10:00
304.8125,-0.29,1099128600.0,2004-10-30 19:30:00+10:00
304.82292,-0.24,1099129500.0,2004-10-30 19:45:00+10:00
304.83333,-0.19,1099130400.0,2004-10-30 20:00:00+10:00
304.84375,-0.14,1099131300.0,2004-10-30 20:15:00+10:00
304.85417,-0.12,1099132200.0,2004-10-30 20:30:00+10:00
304.86458,-0.07,1099133100.0,2004-10-30 20:45:00+10:00
304.875,-0.05,1099134000.0,2004-10-30 21:00:00+10:00
304.88542,-0.04,1099134900.0,2004-10-30 21:15:00+10:00
304.89583,0.0,1099135800.0,2004-10-30 21:30:00+10:00
304.90625,0.01,1099136700.0,2004-10-30 21:45:00+10:00
304.91667,0.01,1099137600.0,2004-10-30 22:00:00+10:00
304.92708,0.0,1099138500.0,2004-10-30 22:15:00+10:00
304.9375,-0.01,1099139400.0,2004-10-30 22:30:00+10:00
304.94792,-0.02,1099140300.0,2004-10-30 22:45:00+10:00
304.95833,-0.06,1099141200.0,2004-10-30 23:00:00+10:00
304.96875,-0.1,1099142100.0,2004-10-30 23:15:00+10:00
304.97917,-0.12,1099143000.0,2004-10-30 23:30:00+10:00
304.98958,-0.15,1099143900.0,2004-10-30 23:45:00+10:00
305.0,-0.22,1099144800.0,2004-10-31 00:00:00+10:00
305.01042,-0.28,1099145700.0,2004-10-31 00:15:00+10:00
305.02083,-0.31,1099146600.0,2004-10-31 00:30:00+10:00
305.03125,-0.37,1099147500.0,2004-10-31 00:45:00+10:00
305.04167,-0.41,1099148400.0,2004-10-31 01:00:00+10:00
305.05208,-0.45,1099149300.0,2004-10-31 01:15:00+10:00
305.0625,-0.48,1099150200.0,2004-10-31 01:30:00+10:00
305.07292,-0.54,1099151100.0,2004-10-31 01:45:00+10:00
305.08333,-0.57,1099152000.0,2004-10-31 03:00:00+11:00
305.09375,-0.58,1099152900.0,2004-10-31 03:15:00+11:00
305.10417,-0.62,1099153800.0,2004-10-31 03:30:00+11:00
305.11458,-0.64,1099154700.0,2004-10-31 03:45:00+11:00
305.125,-0.65,1099155600.0,2004-10-31 04:00:00+11:00
305.13542,-0.67,1099156500.0,2004-10-31 04:15:00+11:00
305.14583,-0.65,1099157400.0,2004-10-31 04:30:00+11:00
305.15625,-0.65,1099158300.0,2004-10-31 04:45:00+11:00
305.16667,-0.64,1099159200.0,2004-10-31 05:00:00+11:00
305.17708,-0.62,1099160100.0,2004-10-31 05:15:00+11:00
305.1875,-0.58,1099161000.0,2004-10-31 05:30:00+11:00
305.19792,-0.55,1099161900.0,2004-10-31 05:45:00+11:00
305.20833,-0.52,1099162800.0,2004-10-31 06:00:00+11:00
305.21875,-0.45,1099163700.0,2004-10-31 06:15:00+11:00
305.22917,-0.4,1099164600.0,2004-10-31 06:30:00+11:00
305.23958,-0.37,1099165500.0,2004-10-31 06:45:00+11:00
305.25,-0.3,1099166400.0,2004-10-31 07:00:00+11:00
305.26042,-0.23,1099167300.0,2004-10-31 07:15:00+11:00
305.27083,-0.17,1099168200.0,2004-10-31 07:30:00+11:00
305.28125,-0.11,1099169100.0,2004-10-31 07:45:00+11:00
305.29167,-0.04,1099170000.0,2004-10-31 08:00:00+11:00
305.30208,0.0,1099170900.0,2004-10-31 08:15:00+11:00
305.3125,0.08,1099171800.0,2004-10-31 08:30:00+11:00
305.32292,0.14,1099172700.0,2004-10-31 08:45:00+11:00
305.33333,0.19,1099173600.0,2004-10-31 09:00:00+11:00
305.34375,0.24,1099174500.0,2004-10-31 09:15:00+11:00
305.35417,0.3,1099175400.0,2004-10-31 09:30:00+11:00
305.36458,0.33,1099176300.0,2004-10-31 09:45:00+11:00
305.375,0.35,1099177200.0,2004-10-31 10:00:00+11:00
305.38542,0.38,1099178100.0,2004-10-31 10:15:00+11:00
305.39583,0.41,1099179000.0,2004-10-31 10:30:00+11:00
305.40625,0.41,1099179900.0,2004-10-31 10:45:00+11:00
305.41667,0.4,1099180800.0,2004-10-31 11:00:00+11:00
305.42708,0.4,1099181700.0,2004-10-31 11:15:00+11:00
305.4375,0.36,1099182600.0,2004-10-31 11:30:00+11:00
305.44792,0.36,1099183500.0,2004-10-31 11:45:00+11:00
305.45833,0.33,1099184400.0,2004-10-31 12:00:00+11:00
305.46875,0.26,1099185300.0,2004-10-31 12:15:00+11:00
305.47917,0.22,1099186200.0,2004-10-31 12:30:00+11:00
305.48958,0.18,1099187100.0,2004-10-31 12:45:00+11:00
305.5,0.12,1099188000.0,2004-10-31 13:00:00+11:00
305.51042,0.02,1099188900.0,2004-10-31 13:15:00+11:00
305.52083,-0.03,1099189800.0,2004-10-31 13:30:00+11:00
305.53125,-0.1,1099190700.0,2004-10-31 13:45:00+11:00
305.54167,-0.16,1099191600.0,2004-10-31 14:00:00+11:00
305.55208,-0.26,1099192500.0,2004-10-31 14:15:00+11:00
305.5625,-0.33,1099193400.0,2004-10-31 14:30:00+11:00
305.57292,-0.4,1099194300.0,2004-10-31 14:45:00+11:00
305.58333,-0.46,1099195200.0,2004-10-31 15:00:00+11:00
305.59375,-0.5,1099196100.0,2004-10-31 15:15:00+11:00
305.60417,-0.6,1099197000.0,2004-10-31 15:30:00+11:00
305.61458,-0.64,1099197900.0,2004-10-31 15:45:00+11:00
305.625,-0.67,1099198800.0,2004-10-31 16:00:00+11:00
305.63542,-0.72,1099199700.0,2004-10-31 16:15:00+11:00
305.64583,-0.75,1099200600.0,2004-10-31 16:30:00+11:00
305.65625,-0.78,1099201500.0,2004-10-31 16:45:00+11:00
305.66667,-0.83,1099202400.0,2004-10-31 17:00:00+11:00
305.67708,-0.82,1099203300.0,2004-10-31 17:15:00+11:00
305.6875,-0.8,1099204200.0,2004-10-31 17:30:00+11:00
305.69792,-0.85,1099205100.0,2004-10-31 17:45:00+11:00
305.70833,-0.83,1099206000.0,2004-10-31 18:00:00+11:00
305.71875,-0.8,1099206900.0,2004-10-31 18:15:00+11:00
305.72917,-0.8,1099207800.0,2004-10-31 18:30:00+11:00
305.73958,-0.74,1099208700.0,2004-10-31 18:45:00+11:00
305.75,-0.72,1099209600.0,2004-10-31 19:00:00+11:00
305.76042,-0.71,1099210500.0,2004-10-31 19:15:00+11:00
305.77083,-0.64,1099211400.0,2004-10-31 19:30:00+11:00
305.78125,-0.59,1099212300.0,2004-10-31 19:45:00+11:00
305.79167,-0.53,1099213200.0,2004-10-31 20:00:00+11:00
305.80208,-0.51,1099214100.0,2004-10-31 20:15:00+11:00
305.8125,-0.45,1099215000.0,2004-10-31 20:30:00+11:00
305.82292,-0.39,1099215900.0,2004-10-31 20:45:00+11:00
305.83333,-0.36,1099216800.0,2004-10-31 21:00:00+11:00
305.84375,-0.3,1099217700.0,2004-10-31 21:15:00+11:00
305.85417,-0.26,1099218600.0,2004-10-31 21:30:00+11:00
305.86458,-0.22,1099219500.0,2004-10-31 21:45:00+11:00
305.875,-0.18,1099220400.0,2004-10-31 22:00:00+11:00
305.88542,-0.13,1099221300.0,2004-10-31 22:15:00+11:00
305.89583,-0.1,1099222200.0,2004-10-31 22:30:00+11:00
305.90625,-0.08,1099223100.0,2004-10-31 22:45:00+11:00
305.91667,-0.05,1099224000.0,2004-10-31 23:00:00+11:00
305.92708,-0.06,1099224900.0,2004-10-31 23:15:00+11:00
305.9375,-0.03,1099225800.0,2004-10-31 23:30:00+11:00
305.94792,-0.02,1099226700.0,2004-10-31 23:45:00+11:00
305.95833,-0.06,1099227600.0,2004-11-01 00:00:00+11:00
305.96875,-0.04,1099228500.0,2004-11-01 00:15:00+11:00
305.97917,-0.07,1099229400.0,2004-11-01 00:30:00+11:00
305.98958,-0.11,1099230300.0,2004-11-01 00:45:00+11:00
306.0,-0.12,1099231200.0,2004-11-01 01:00:00+11:00
306.01042,-0.16,1099232100.0,2004-11-01 01:15:00+11:00
306.02083,-0.2,1099233000.0,2004-11-01 01:30:00+11:00
306.03125,-0.24,1099233900.0,2004-11-01 01:45:00+11:00
306.04167,-0.26,1099234800.0,2004-11-01 02:00:00+11:00
306.05208,-0.31,1099235700.0,2004-11-01 02:15:00+11:00
306.0625,-0.33,1099236600.0,2004-11-01 02:30:00+11:00
306.07292,-0.38,1099237500.0,2004-11-01 02:45:00+11:00
306.08333,-0.41,1099238400.0,2004-11-01 03:00:00+11:00
306.09375,-0.42,1099239300.0,2004-11-01 03:15:00+11:00
306.10417,-0.46,1099240200.0,2004-11-01 03:30:00+11:00
306.11458,-0.49,1099241100.0,2004-11-01 03:45:00+11:00
306.125,-0.51,1099242000.0,2004-11-01 04:00:00+11:00
306.13542,-0.52,1099242900.0,2004-11-01 04:15:00+11:00
306.14583,-0.52,1099243800.0,2004-11-01 04:30:00+11:00
306.15625,-0.55,1099244700.0,2004-11-01 04:45:00+11:00
306.16667,-0.54,1099245600.0,2004-11-01 05:00:00+11:00
306.17708,-0.53,1099246500.0,2004-11-01 05:15:00+11:00
306.1875,-0.51,1099247400.0,2004-11-01 05:30:00+11:00
306.19792,-0.49,1099248300.0,2004-11-01 05:45:00+11:00
306.20833,-0.47,1099249200.0,2004-11-01 06:00:00+11:00
306.21875,-0.43,1099250100.0,2004-11-01 06:15:00+11:00
306.22917,-0.4,1099251000.0,2004-11-01 06:30:00+11:00
306.23958,-0.34,1099251900.0,2004-11-01 06:45:00+11:00
306.25,-0.31,1099252800.0,2004-11-01 07:00:00+11:00
306.26042,-0.27,1099253700.0,2004-11-01 07:15:00+11:00
306.27083,-0.19,1099254600.0,2004-11-01 07:30:00+11:00
306.28125,-0.15,1099255500.0,2004-11-01 07:45:00+11:00
306.29167,-0.07,1099256400.0,2004-11-01 08:00:00+11:00
306.30208,-0.02,1099257300.0,2004-11-01 08:15:00+11:00
306.3125,0.04,1099258200.0,2004-11-01 08:30:00+11:00
306.32292,0.12,1099259100.0,2004-11-01 08:45:00+11:00
306.33333,0.16,1099260000.0,2004-11-01 09:00:00+11:00
306.34375,0.23,1099260900.0,2004-11-01 09:15:00+11:00
306.35417,0.27,1099261800.0,2004-11-01 09:30:00+11:00
306.36458,0.33,1099262700.0,2004-11-01 09:45:00+11:00
306.375,0.39,1099263600.0,2004-11-01 10:00:00+11:00
306.38542,0.39,1099264500.0,2004-11-01 10:15:00+11:00
306.39583,0.43,1099265400.0,2004-11-01 10:30:00+11:00
306.40625,0.47,1099266300.0,2004-11-01 10:45:00+11:00
306.41667,0.5,1099267200.0,2004-11-01 11:00:00+11:00
306.42708,0.49,1099268100.0,2004-11-01 11:15:00+11:00
306.4375,0.51,1099269000.0,2004-11-01 11:30:00+11:00
306.44792,0.5,1099269900.0,2004-11-01 11:45:00+11:00
306.45833,0.49,1099270800.0,2004-11-01 12:00:00+11:00
306.46875,0.48,1099271700.0,2004-11-01 12:15:00+11:00
306.47917,0.43,1099272600.0,2004-11-01 12:30:00+11:00
306.48958,0.43,1099273500.0,2004-11-01 12:45:00+11:00
306.5,0.36,1099274400.0,2004-11-01 13:00:00+11:00
306.51042,0.31,1099275300.0,2004-11-01 13:15:00+11:00
306.52083,0.26,1099276200.0,2004-11-01 13:30:00+11:00
306.53125,0.19,1099277100.0,2004-11-01 13:45:00+11:00
306.54167,0.13,1099278000.0,2004-11-01 14:00:00+11:00
306.55208,0.07,1099278900.0,2004-11-01 14:15:00+11:00
306.5625,0.02,1099279800.0,2004-11-01 14:30:00+11:00
306.57292,-0.1,1099280700.0,2004-11-01 14:45:00+11:00
306.58333,-0.14,1099281600.0,2004-11-01 15:00:00+11:00
306.59375,-0.21,1099282500.0,2004-11-01 15:15:00+11:00
306.60417,-0.26,1099283400.0,2004-11-01 15:30:00+11:00
306.61458,-0.32,1099284300.0,2004-11-01 15:45:00+11:00
306.625,-0.41,1099285200.0,2004-11-01 16:00:00+11:00
306.63542,-0.46,1099286100.0,2004-11-01 16:15:00+11:00
306.64583,-0.51,1099287000.0,2004-11-01 16:30:00+11:00
306.65625,-0.54,1099287900.0,2004-11-01 16:45:00+11:00
306.66667,-0.53,1099288800.0,2004-11-01 17:00:00+11:00
306.67708,-0.64,1099289700.0,2004-11-01 17:15:00+11:00
306.6875,-0.64,1099290600.0,2004-11-01 17:30:00+11:00
306.69792,-0.67,1099291500.0,2004-11-01 17:45:00+11:00
306.70833,-0.71,1099292400.0,2004-11-01 18:00:00+11:00
306.71875,-0.7,1099293300.0,2004-11-01 18:15:00+11:00
306.72917,-0.68,1099294200.0,2004-11-01 18:30:00+11:00
306.73958,-0.71,1099295100.0,2004-11-01 18:45:00+11:00
306.75,-0.69,1099296000.0,2004-11-01 19:00:00+11:00
306.76042,-0.63,1099296900.0,2004-11-01 19:15:00+11:00
306.77083,-0.63,1099297800.0,2004-11-01 19:30:00+11:00
306.78125,-0.6,1099298700.0,2004-11-01 19:45:00+11:00
306.79167,-0.57,1099299600.0,2004-11-01 20:00:00+11:00
306.80208,-0.53,1099300500.0,2004-11-01 20:15:00+11:00
306.8125,-0.46,1099301400.0,2004-11-01 20:30:00+11:00
306.82292,-0.43,1099302300.0,2004-11-01 20:45:00+11:00
306.83333,-0.44,1099303200.0,2004-11-01 21:00:00+11:00
306.84375,-0.33,1099304100.0,2004-11-01 21:15:00+11:00
306.85417,-0.3,1099305000.0,2004-11-01 21:30:00+11:00
306.86458,-0.24,1099305900.0,2004-11-01 21:45:00+11:00
306.875,-0.25,1099306800.0,2004-11-01 22:00:00+11:00
306.88542,-0.17,1099307700.0,2004-11-01 22:15:00+11:00
306.89583,-0.12,1099308600.0,2004-11-01 22:30:00+11:00
306.90625,-0.1,1099309500.0,2004-11-01 22:45:00+11:00
306.91667,-0.1,1099310400.0,2004-11-01 23:00:00+11:00
306.92708,-0.02,1099311300.0,2004-11-01 23:15:00+11:00
306.9375,0.01,1099312200.0,2004-11-01 23:30:00+11:00
306.94792,0.0,1099313100.0,2004-11-01 23:45:00+11:00
306.95833,0.04,1099314000.0,2004-11-02 00:00:00+11:00
306.96875,0.01,1099314900.0,2004-11-02 00:15:00+11:00
306.97917,0.05,1099315800.0,2004-11-02 00:30:00+11:00
306.98958,0.05,1099316700.0,2004-11-02 00:45:00+11:00
307.0,0.01,1099317600.0,2004-11-02 01:00:00+11:00
307.01042,0.02,1099318500.0,2004-11-02 01:15:00+11:00
307.02083,-0.02,1099319400.0,2004-11-02 01:30:00+11:00
307.03125,0.01,1099320300.0,2004-11-02 01:45:00+11:00
307.04167,-0.04,1099321200.0,2004-11-02 02:00:00+11:00
307.05208,-0.1,1099322100.0,2004-11-02 02:15:00+11:00
307.0625,-0.07,1099323000.0,2004-11-02 02:30:00+11:00
307.07292,-0.14,1099323900.0,2004-11-02 02:45:00+11:00
307.08333,-0.13,1099324800.0,2004-11-02 03:00:00+11:00
307.09375,-0.17,1099325700.0,2004-11-02 03:15:00+11:00
307.10417,-0.21,1099326600.0,2004-11-02 03:30:00+11:00
307.11458,-0.22,1099327500.0,2004-11-02 03:45:00+11:00
307.125,-0.26,1099328400.0,2004-11-02 04:00:00+11:00
307.13542,-0.25,1099329300.0,2004-11-02 04:15:00+11:00
307.14583,-0.29,1099330200.0,2004-11-02 04:30:00+11:00
307.15625,-0.29,1099331100.0,2004-11-02 04:45:00+11:00
307.16667,-0.33,1099332000.0,2004-11-02 05:00:00+11:00
307.17708,-0.35,1099332900.0,2004-11-02 05:15:00+11:00
307.1875,-0.25,1099333800.0,2004-11-02 05:30:00+11:00
307.19792,-0.34,1099334700.0,2004-11-02 05:45:00+11:00
307.20833,-0.3,1099335600.0,2004-11-02 06:00:00+11:00
307.21875,-0.27,1099336500.0,2004-11-02 06:15:00+11:00
307.22917,-0.31,1099337400.0,2004-11-02 06:30:00+11:00
307.23958,-0.2,1099338300.0,2004-11-02 06:45:00+11:00
307.25,-0.2,1099339200.0,2004-11-02 07:00:00+11:00
307.26042,-0.21,1099340100.0,2004-11-02 07:15:00+11:00
307.27083,-0.14,1099341000.0,2004-11-02 07:30:00+11:00
307.28125,-0.11,1099341900.0,2004-11-02 07:45:00+11:00
307.29167,-0.02,1099342800.0,2004-11-02 08:00:00+11:00
307.30208,0.0,1099343700.0,2004-11-02 08:15:00+11:00
307.3125,0.04,1099344600.0,2004-11-02 08:30:00+11:00
307.32292,0.07,1099345500.0,2004-11-02 08:45:00+11:00
307.33333,0.18,1099346400.0,2004-11-02 09:00:00+11:00
307.34375,0.23,1099347300.0,2004-11-02 09:15:00+11:00
307.35417,0.27,1099348200.0,2004-11-02 09:30:00+11:00
307.36458,0.33,1099349100.0,2004-11-02 09:45:00+11:00
307.375,0.33,1099350000.0,2004-11-02 10:00:00+11:00
307.38542,0.42,1099350900.0,2004-11-02 10:15:00+11:00
307.39583,0.48,1099351800.0,2004-11-02 10:30:00+11:00
307.40625,0.45,1099352700.0,2004-11-02 10:45:00+11:00
307.41667,0.52,1099353600.0,2004-11-02 11:00:00+11:00
307.42708,0.55,1099354500.0,2004-11-02 11:15:00+11:00
307.4375,0.58,1099355400.0,2004-11-02 11:30:00+11:00
307.44792,0.6,1099356300.0,2004-11-02 11:45:00+11:00
307.45833,0.57,1099357200.0,2004-11-02 12:00:00+11:00
307.46875,0.57,1099358100.0,2004-11-02 12:15:00+11:00
307.47917,0.58,1099359000.0,2004-11-02 12:30:00+11:00
307.48958,0.6,1099359900.0,2004-11-02 12:45:00+11:00
307.5,0.54,1099360800.0,2004-11-02 13:00:00+11:00
307.51042,0.51,1099361700.0,2004-11-02 13:15:00+11:00
307.52083,0.44,1099362600.0,2004-11-02 13:30:00+11:00
307.53125,0.45,1099363500.0,2004-11-02 13:45:00+11:00
307.54167,0.43,1099364400.0,2004-11-02 14:00:00+11:00
307.55208,0.31,1099365300.0,2004-11-02 14:15:00+11:00
307.5625,0.24,1099366200.0,2004-11-02 14:30:00+11:00
307.57292,0.2,1099367100.0,2004-11-02 14:45:00+11:00
307.58333,0.21,1099368000.0,2004-11-02 15:00:00+11:00
307.59375,0.12,1099368900.0,2004-11-02 15:15:00+11:00
307.60417,0.01,1099369800.0,2004-11-02 15:30:00+11:00
307.61458,-0.03,1099370700.0,2004-11-02 15:45:00+11:00
307.625,-0.04,1099371600.0,2004-11-02 16:00:00+11:00
307.63542,-0.09,1099372500.0,2004-11-02 16:15:00+11:00
307.64583,-0.16,1099373400.0,2004-11-02 16:30:00+11:00
307.65625,-0.25,1099374300.0,2004-11-02 16:45:00+11:00
307.66667,-0.32,1099375200.0,2004-11-02 17:00:00+11:00
307.67708,-0.32,1099376100.0,2004-11-02 17:15:00+11:00
307.6875,-0.23,1099377000.0,2004-11-02 17:30:00+11:00
307.69792,-0.42,1099377900.0,2004-11-02 17:45:00+11:00
307.70833,-0.51,1099378800.0,2004-11-02 18:00:00+11:00
307.71875,-0.36,1099379700.0,2004-11-02 18:15:00+11:00
307.72917,-0.49,1099380600.0,2004-11-02 18:30:00+11:00
307.73958,-0.5,1099381500.0,2004-11-02 18:45:00+11:00
307.75,-0.5,1099382400.0,2004-11-02 19:00:00+11:00
307.76042,-0.55,1099383300.0,2004-11-02 19:15:00+11:00
307.77083,-0.44,1099384200.0,2004-11-02 19:30:00+11:00
307.78125,-0.5,1099385100.0,2004-11-02 19:45:00+11:00
307.79167,-0.55,1099386000.0,2004-11-02 20:00:00+11:00
307.80208,-0.55,1099386900.0,2004-11-02 20:15:00+11:00
307.8125,-0.38,1099387800.0,2004-11-02 20:30:00+11:00
307.82292,-0.45,1099388700.0,2004-11-02 20:45:00+11:00
307.83333,-0.35,1099389600.0,2004-11-02 21:00:00+11:00
307.84375,-0.33,1099390500.0,2004-11-02 21:15:00+11:00
307.85417,-0.47,1099391400.0,2004-11-02 21:30:00+11:00
307.86458,-0.11,1099392300.0,2004-11-02 21:45:00+11:00
307.875,-0.36,1099393200.0,2004-11-02 22:00:00+11:00
307.88542,-0.18,1099394100.0,2004-11-02 22:15:00+11:00
307.89583,-0.18,1099395000.0,2004-11-02 22:30:00+11:00
307.90625,-0.13,1099395900.0,2004-11-02 22:45:00+11:00
307.91667,-0.04,1099396800.0,2004-11-02 23:00:00+11:00
307.92708,-0.12,1099397700.0,2004-11-02 23:15:00+11:00
307.9375,0.05,1099398600.0,2004-11-02 23:30:00+11:00
307.94792,0.0,1099399500.0,2004-11-02 23:45:00+11:00
307.95833,0.06,1099400400.0,2004-11-03 00:00:00+11:00
307.96875,0.1,1099401300.0,2004-11-03 00:15:00+11:00
307.97917,0.09,1099402200.0,2004-11-03 00:30:00+11:00
307.98958,0.06,1099403100.0,2004-11-03 00:45:00+11:00
308.0,-0.01,1099404000.0,2004-11-03 01:00:00+11:00
308.01042,0.18,1099404900.0,2004-11-03 01:15:00+11:00
308.02083,0.03,1099405800.0,2004-11-03 01:30:00+11:00
308.03125,0.09,1099406700.0,2004-11-03 01:45:00+11:00
308.04167,0.03,1099407600.0,2004-11-03 02:00:00+11:00
308.05208,-0.01,1099408500.0,2004-11-03 02:15:00+11:00
308.0625,0.09,1099409400.0,2004-11-03 02:30:00+11:00
308.07292,0.0,1099410300.0,2004-11-03 02:45:00+11:00
308.08333,-0.03,1099411200.0,2004-11-03 03:00:00+11:00
308.09375,-0.02,1099412100.0,2004-11-03 03:15:00+11:00
308.10417,-0.1,1099413000.0,2004-11-03 03:30:00+11:00
308.11458,-0.04,1099413900.0,2004-11-03 03:45:00+11:00
308.125,-0.1,1099414800.0,2004-11-03 04:00:00+11:00
308.13542,-0.16,1099415700.0,2004-11-03 04:15:00+11:00
308.14583,-0.12,1099416600.0,2004-11-03 04:30:00+11:00
308.15625,-0.18,1099417500.0,2004-11-03 04:45:00+11:00
308.16667,-0.17,1099418400.0,2004-11-03 05:00:00+11:00
308.17708,-0.18,1099419300.0,2004-11-03 05:15:00+11:00
308.1875,-0.21,1099420200.0,2004-11-03 05:30:00+11:00
308.19792,-0.23,1099421100.0,2004-11-03 05:45:00+11:00
308.20833,-0.18,1099422000.0,2004-11-03 06:00:00+11:00
308.21875,-0.25,1099422900.0,2004-11-03 06:15:00+11:00
308.22917,-0.2,1099423800.0,2004-11-03 06:30:00+11:00
308.23958,-0.17,1099424700.0,2004-11-03 06:45:00+11:00
308.25,-0.25,1099425600.0,2004-11-03 07:00:00+11:00
308.26042,-0.15,1099426500.0,2004-11-03 07:15:00+11:00
308.27083,-0.12,1099427400.0,2004-11-03 07:30:00+11:00
308.28125,-0.18,1099428300.0,2004-11-03 07:45:00+11:00
308.29167,-0.07,1099429200.0,2004-11-03 08:00:00+11:00
308.30208,-0.08,1099430100.0,2004-11-03 08:15:00+11:00
308.3125,-0.02,1099431000.0,2004-11-03 08:30:00+11:00
308.32292,0.0,1099431900.0,2004-11-03 08:45:00+11:00
308.33333,0.03,1099432800.0,2004-11-03 09:00:00+11:00
308.34375,0.1,1099433700.0,2004-11-03 09:15:00+11:00
308.35417,0.18,1099434600.0,2004-11-03 09:30:00+11:00
308.36458,0.15,1099435500.0,2004-11-03 09:45:00+11:00
308.375,0.23,1099436400.0,2004-11-03 10:00:00+11:00
308.38542,0.29,1099437300.0,2004-11-03 10:15:00+11:00
308.39583,0.31,1099438200.0,2004-11-03 10:30:00+11:00
308.40625,0.37,1099439100.0,2004-11-03 10:45:00+11:00
308.41667,0.34,1099440000.0,2004-11-03 11:00:00+11:00
308.42708,0.42,1099440900.0,2004-11-03 11:15:00+11:00
308.4375,0.46,1099441800.0,2004-11-03 11:30:00+11:00
308.44792,0.47,1099442700.0,2004-11-03 11:45:00+11:00
308.45833,0.47,1099443600.0,2004-11-03 12:00:00+11:00
308.46875,0.5,1099444500.0,2004-11-03 12:15:00+11:00
308.47917,0.51,1099445400.0,2004-11-03 12:30:00+11:00
308.48958,0.54,1099446300.0,2004-11-03 12:45:00+11:00
308.5,0.54,1099447200.0,2004-11-03 13:00:00+11:00
308.51042,0.47,1099448100.0,2004-11-03 13:15:00+11:00
308.52083,0.48,1099449000.0,2004-11-03 13:30:00+11:00
308.53125,0.48,1099449900.0,2004-11-03 13:45:00+11:00
308.54167,0.45,1099450800.0,2004-11-03 14:00:00+11:00
308.55208,0.41,1099451700.0,2004-11-03 14:15:00+11:00
308.5625,0.35,1099452600.0,2004-11-03 14:30:00+11:00
308.57292,0.3,1099453500.0,2004-11-03 14:45:00+11:00
308.58333,0.3,1099454400.0,2004-11-03 15:00:00+11:00
308.59375,0.27,1099455300.0,2004-11-03 15:15:00+11:00
308.60417,0.18,1099456200.0,2004-11-03 15:30:00+11:00
308.61458,0.14,1099457100.0,2004-11-03 15:45:00+11:00
308.625,0.08,1099458000.0,2004-11-03 16:00:00+11:00
308.63542,0.06,1099458900.0,2004-11-03 16:15:00+11:00
308.64583,0.02,1099459800.0,2004-11-03 16:30:00+11:00
308.65625,-0.08,1099460700.0,2004-11-03 16:45:00+11:00
308.66667,-0.11,1099461600.0,2004-11-03 17:00:00+11:00
308.67708,-0.13,1099462500.0,2004-11-03 17:15:00+11:00
308.6875,-0.2,1099463400.0,2004-11-03 17:30:00+11:00
308.69792,-0.23,1099464300.0,2004-11-03 17:45:00+11:00
308.70833,-0.27,1099465200.0,2004-11-03 18:00:00+11:00
308.71875,-0.31,1099466100.0,2004-11-03 18:15:00+11:00
308.72917,-0.32,1099467000.0,2004-11-03 18:30:00+11:00
308.73958,-0.33,1099467900.0,2004-11-03 18:45:00+11:00
308.75,-0.38,1099468800.0,2004-11-03 19:00:00+11:00
308.76042,-0.4,1099469700.0,2004-11-03 19:15:00+11:00
308.77083,-0.36,1099470600.0,2004-11-03 19:30:00+11:00
308.78125,-0.39,1099471500.0,2004-11-03 19:45:00+11:00
308.79167,-0.4,1099472400.0,2004-11-03 20:00:00+11:00
308.80208,-0.4,1099473300.0,2004-11-03 20:15:00+11:00
308.8125,-0.37,1099474200.0,2004-11-03 20:30:00+11:00
308.82292,-0.34,1099475100.0,2004-11-03 20:45:00+11:00
308.83333,-0.33,1099476000.0,2004-11-03 21:00:00+11:00
308.84375,-0.31,1099476900.0,2004-11-03 21:15:00+11:00
308.85417,-0.32,1099477800.0,2004-11-03 21:30:00+11:00
308.86458,-0.23,1099478700.0,2004-11-03 21:45:00+11:00
308.875,-0.18,1099479600.0,2004-11-03 22:00:00+11:00
308.88542,-0.24,1099480500.0,2004-11-03 22:15:00+11:00
308.89583,-0.18,1099481400.0,2004-11-03 22:30:00+11:00
308.90625,-0.1,1099482300.0,2004-11-03 22:45:00+11:00
308.91667,-0.08,1099483200.0,2004-11-03 23:00:00+11:00
308.92708,-0.05,1099484100.0,2004-11-03 23:15:00+11:00
308.9375,0.0,1099485000.0,2004-11-03 23:30:00+11:00
308.94792,0.01,1099485900.0,2004-11-03 23:45:00+11:00
308.95833,0.05,1099486800.0,2004-11-04 00:00:00+11:00
308.96875,0.11,1099487700.0,2004-11-04 00:15:00+11:00
308.97917,0.11,1099488600.0,2004-11-04 00:30:00+11:00
308.98958,0.11,1099489500.0,2004-11-04 00:45:00+11:00
309.0,0.15,1099490400.0,2004-11-04 01:00:00+11:00
309.01042,0.15,1099491300.0,2004-11-04 01:15:00+11:00
309.02083,0.2,1099492200.0,2004-11-04 01:30:00+11:00
309.03125,0.18,1099493100.0,2004-11-04 01:45:00+11:00
309.04167,0.17,1099494000.0,2004-11-04 02:00:00+11:00
309.05208,0.18,1099494900.0,2004-11-04 02:15:00+11:00
309.0625,0.18,1099495800.0,2004-11-04 02:30:00+11:00
309.07292,0.19,1099496700.0,2004-11-04 02:45:00+11:00
309.08333,0.16,1099497600.0,2004-11-04 03:00:00+11:00
309.09375,0.12,1099498500.0,2004-11-04 03:15:00+11:00
309.10417,0.11,1099499400.0,2004-11-04 03:30:00+11:00
309.11458,0.12,1099500300.0,2004-11-04 03:45:00+11:00
309.125,0.07,1099501200.0,2004-11-04 04:00:00+11:00
309.13542,0.06,1099502100.0,2004-11-04 04:15:00+11:00
309.14583,0.03,1099503000.0,2004-11-04 04:30:00+11:00
309.15625,-0.01,1099503900.0,2004-11-04 04:45:00+11:00
309.16667,0.02,1099504800.0,2004-11-04 05:00:00+11:00
309.17708,-0.04,1099505700.0,2004-11-04 05:15:00+11:00
309.1875,-0.07,1099506600.0,2004-11-04 05:30:00+11:00
309.19792,-0.07,1099507500.0,2004-11-04 05:45:00+11:00
309.20833,-0.1,1099508400.0,2004-11-04 06:00:00+11:00
309.21875,-0.1,1099509300.0,2004-11-04 06:15:00+11:00
309.22917,-0.14,1099510200.0,2004-11-04 06:30:00+11:00
309.23958,-0.15,1099511100.0,2004-11-04 06:45:00+11:00
309.25,-0.12,1099512000.0,2004-11-04 07:00:00+11:00
309.26042,-0.15,1099512900.0,2004-11-04 07:15:00+11:00
309.27083,-0.18,1099513800.0,2004-11-04 07:30:00+11:00
309.28125,-0.15,1099514700.0,2004-11-04 07:45:00+11:00
309.29167,-0.16,1099515600.0,2004-11-04 08:00:00+11:00
309.30208,-0.15,1099516500.0,2004-11-04 08:15:00+11:00
309.3125,-0.12,1099517400.0,2004-11-04 08:30:00+11:00
309.32292,-0.13,1099518300.0,2004-11-04 08:45:00+11:00
309.33333,-0.1,1099519200.0,2004-11-04 09:00:00+11:00
309.34375,-0.04,1099520100.0,2004-11-04 09:15:00+11:00
309.35417,-0.05,1099521000.0,2004-11-04 09:30:00+11:00
309.36458,-0.01,1099521900.0,2004-11-04 09:45:00+11:00
309.375,0.04,1099522800.0,2004-11-04 10:00:00+11:00
309.38542,0.04,1099523700.0,2004-11-04 10:15:00+11:00
309.39583,0.1,1099524600.0,2004-11-04 10:30:00+11:00
309.40625,0.13,1099525500.0,2004-11-04 10:45:00+11:00
309.41667,0.17,1099526400.0,2004-11-04 11:00:00+11:00
309.42708,0.21,1099527300.0,2004-11-04 11:15:00+11:00
309.4375,0.21,1099528200.0,2004-11-04 11:30:00+11:00
309.44792,0.27,1099529100.0,2004-11-04 11:45:00+11:00
309.45833,0.3,1099530000.0,2004-11-04 12:00:00+11:00
309.46875,0.32,1099530900.0,2004-11-04 12:15:00+11:00
309.47917,0.35,1099531800.0,2004-11-04 12:30:00+11:00
309.48958,0.37,1099532700.0,2004-11-04 12:45:00+11:00
309.5,0.38,1099533600.0,2004-11-04 13:00:00+11:00
309.51042,0.43,1099534500.0,2004-11-04 13:15:00+11:00
309.52083,0.4,1099535400.0,2004-11-04 13:30:00+11:00
309.53125,0.36,1099536300.0,2004-11-04 13:45:00+11:00
309.54167,0.4,1099537200.0,2004-11-04 14:00:00+11:00
309.55208,0.38,1099538100.0,2004-11-04 14:15:00+11:00
309.5625,0.37,1099539000.0,2004-11-04 14:30:00+11:00
309.57292,0.32,1099539900.0,2004-11-04 14:45:00+11:00
309.58333,0.27,1099540800.0,2004-11-04 15:00:00+11:00
309.59375,0.29,1099541700.0,2004-11-04 15:15:00+11:00
309.60417,0.24,1099542600.0,2004-11-04 15:30:00+11:00
309.61458,0.22,1099543500.0,2004-11-04 15:45:00+11:00
309.625,0.16,1099544400.0,2004-11-04 16:00:00+11:00
309.63542,0.11,1099545300.0,2004-11-04 16:15:00+11:00
309.64583,0.11,1099546200.0,2004-11-04 16:30:00+11:00
309.65625,0.04,1099547100.0,2004-11-04 16:45:00+11:00
309.66667,-0.01,1099548000.0,2004-11-04 17:00:00+11:00
309.67708,-0.07,1099548900.0,2004-11-04 17:15:00+11:00
309.6875,-0.11,1099549800.0,2004-11-04 17:30:00+11:00
309.69792,-0.13,1099550700.0,2004-11-04 17:45:00+11:00
309.70833,-0.21,1099551600.0,2004-11-04 18:00:00+11:00
309.71875,-0.25,1099552500.0,2004-11-04 18:15:00+11:00
309.72917,-0.32,1099553400.0,2004-11-04 18:30:00+11:00
309.73958,-0.31,1099554300.0,2004-11-04 18:45:00+11:00
309.75,-0.38,1099555200.0,2004-11-04 19:00:00+11:00
309.76042,-0.42,1099556100.0,2004-11-04 19:15:00+11:00
309.77083,-0.44,1099557000.0,2004-11-04 19:30:00+11:00
309.78125,-0.48,1099557900.0,2004-11-04 19:45:00+11:00
309.79167,-0.46,1099558800.0,2004-11-04 20:00:00+11:00
309.80208,-0.49,1099559700.0,2004-11-04 20:15:00+11:00
309.8125,-0.54,1099560600.0,2004-11-04 20:30:00+11:00
309.82292,-0.53,1099561500.0,2004-11-04 20:45:00+11:00
309.83333,-0.52,1099562400.0,2004-11-04 21:00:00+11:00
309.84375,-0.45,1099563300.0,2004-11-04 21:15:00+11:00
309.85417,-0.49,1099564200.0,2004-11-04 21:30:00+11:00
309.86458,-0.65,1099565100.0,2004-11-04 21:45:00+11:00
309.875,-0.33,1099566000.0,2004-11-04 22:00:00+11:00
309.88542,-0.52,1099566900.0,2004-11-04 22:15:00+11:00
309.89583,-0.45,1099567800.0,2004-11-04 22:30:00+11:00
309.90625,-0.26,1099568700.0,2004-11-04 22:45:00+11:00
309.91667,-0.55,1099569600.0,2004-11-04 23:00:00+11:00
309.92708,-0.23,1099570500.0,2004-11-04 23:15:00+11:00
309.9375,-0.29,1099571400.0,2004-11-04 23:30:00+11:00
309.94792,-0.31,1099572300.0,2004-11-04 23:45:00+11:00
309.95833,-0.2,1099573200.0,2004-11-05 00:00:00+11:00
309.96875,-0.2,1099574100.0,2004-11-05 00:15:00+11:00
309.97917,-0.16,1099575000.0,2004-11-05 00:30:00+11:00
309.98958,-0.13,1099575900.0,2004-11-05 00:45:00+11:00
310.0,-0.06,1099576800.0,2004-11-05 01:00:00+11:00
310.01042,-0.13,1099577700.0,2004-11-05 01:15:00+11:00
310.02083,0.01,1099578600.0,2004-11-05 01:30:00+11:00
310.03125,0.03,1099579500.0,2004-11-05 01:45:00+11:00
310.04167,-0.03,1099580400.0,2004-11-05 02:00:00+11:00
310.05208,0.08,1099581300.0,2004-11-05 02:15:00+11:00
310.0625,0.0,1099582200.0,2004-11-05 02:30:00+11:00
310.07292,0.09,1099583100.0,2004-11-05 02:45:00+11:00
310.08333,0.1,1099584000.0,2004-11-05 03:00:00+11:00
310.09375,0.04,1099584900.0,2004-11-05 03:15:00+11:00
310.10417,0.06,1099585800.0,2004-11-05 03:30:00+11:00
310.11458,0.07,1099586700.0,2004-11-05 03:45:00+11:00
310.125,0.07,1099587600.0,2004-11-05 04:00:00+11:00
310.13542,0.06,1099588500.0,2004-11-05 04:15:00+11:00
310.14583,0.02,1099589400.0,2004-11-05 04:30:00+11:00
310.15625,0.03,1099590300.0,2004-11-05 04:45:00+11:00
310.16667,0.01,1099591200.0,2004-11-05 05:00:00+11:00
310.17708,0.0,1099592100.0,2004-11-05 05:15:00+11:00
310.1875,0.02,1099593000.0,2004-11-05 05:30:00+11:00
310.19792,-0.06,1099593900.0,2004-11-05 05:45:00+11:00
310.20833,-0.06,1099594800.0,2004-11-05 06:00:00+11:00
310.21875,0.0,1099595700.0,2004-11-05 06:15:00+11:00
310.22917,-0.11,1099596600.0,2004-11-05 06:30:00+11:00
310.23958,-0.09,1099597500.0,2004-11-05 06:45:00+11:00
310.25,-0.13,1099598400.0,2004-11-05 07:00:00+11:00
310.26042,-0.13,1099599300.0,2004-11-05 07:15:00+11:00
310.27083,-0.1,1099600200.0,2004-11-05 07:30:00+11:00
310.28125,-0.17,1099601100.0,2004-11-05 07:45:00+11:00
310.29167,-0.14,1099602000.0,2004-11-05 08:00:00+11:00
310.30208,-0.16,1099602900.0,2004-11-05 08:15:00+11:00
310.3125,-0.12,1099603800.0,2004-11-05 08:30:00+11:00
310.32292,-0.15,1099604700.0,2004-11-05 08:45:00+11:00
310.33333,-0.12,1099605600.0,2004-11-05 09:00:00+11:00
310.34375,-0.12,1099606500.0,2004-11-05 09:15:00+11:00
310.35417,-0.11,1099607400.0,2004-11-05 09:30:00+11:00
310.36458,-0.03,1099608300.0,2004-11-05 09:45:00+11:00
310.375,-0.03,1099609200.0,2004-11-05 10:00:00+11:00
310.38542,-0.01,1099610100.0,2004-11-05 10:15:00+11:00
310.39583,0.01,1099611000.0,2004-11-05 10:30:00+11:00
310.40625,0.03,1099611900.0,2004-11-05 10:45:00+11:00
310.41667,0.1,1099612800.0,2004-11-05 11:00:00+11:00
310.42708,0.1,1099613700.0,2004-11-05 11:15:00+11:00
310.4375,0.15,1099614600.0,2004-11-05 11:30:00+11:00
310.44792,0.17,1099615500.0,2004-11-05 11:45:00+11:00
310.45833,0.2,1099616400.0,2004-11-05 12:00:00+11:00
310.46875,0.24,1099617300.0,2004-11-05 12:15:00+11:00
310.47917,0.29,1099618200.0,2004-11-05 12:30:00+11:00
310.48958,0.28,1099619100.0,2004-11-05 12:45:00+11:00
310.5,0.34,1099620000.0,2004-11-05 13:00:00+11:00
310.51042,0.4,1099620900.0,2004-11-05 13:15:00+11:00
310.52083,0.37,1099621800.0,2004-11-05 13:30:00+11:00
310.53125,0.33,1099622700.0,2004-11-05 13:45:00+11:00
310.54167,0.44,1099623600.0,2004-11-05 14:00:00+11:00
310.55208,0.45,1099624500.0,2004-11-05 14:15:00+11:00
310.5625,0.38,1099625400.0,2004-11-05 14:30:00+11:00
310.57292,0.44,1099626300.0,2004-11-05 14:45:00+11:00
310.58333,0.38,1099627200.0,2004-11-05 15:00:00+11:00
310.59375,0.37,1099628100.0,2004-11-05 15:15:00+11:00
310.60417,0.44,1099629000.0,2004-11-05 15:30:00+11:00
310.61458,0.36,1099629900.0,2004-11-05 15:45:00+11:00
310.625,0.33,1099630800.0,2004-11-05 16:00:00+11:00
310.63542,0.29,1099631700.0,2004-11-05 16:15:00+11:00
310.64583,0.29,1099632600.0,2004-11-05 16:30:00+11:00
310.65625,0.29,1099633500.0,2004-11-05 16:45:00+11:00
310.66667,0.19,1099634400.0,2004-11-05 17:00:00+11:00
310.67708,0.15,1099635300.0,2004-11-05 17:15:00+11:00
310.6875,0.11,1099636200.0,2004-11-05 17:30:00+11:00
310.69792,0.05,1099637100.0,2004-11-05 17:45:00+11:00
310.70833,0.02,1099638000.0,2004-11-05 18:00:00+11:00
310.71875,-0.05,1099638900.0,2004-11-05 18:15:00+11:00
310.72917,-0.07,1099639800.0,2004-11-05 18:30:00+11:00
310.73958,-0.15,1099640700.0,2004-11-05 18:45:00+11:00
310.75,-0.18,1099641600.0,2004-11-05 19:00:00+11:00
310.76042,-0.22,1099642500.0,2004-11-05 19:15:00+11:00
310.77083,-0.28,1099643400.0,2004-11-05 19:30:00+11:00
310.78125,-0.33,1099644300.0,2004-11-05 19:45:00+11:00
310.79167,-0.37,1099645200.0,2004-11-05 20:00:00+11:00
310.80208,-0.38,1099646100.0,2004-11-05 20:15:00+11:00
310.8125,-0.45,1099647000.0,2004-11-05 20:30:00+11:00
310.82292,-0.47,1099647900.0,2004-11-05 20:45:00+11:00
310.83333,-0.47,1099648800.0,2004-11-05 21:00:00+11:00
310.84375,-0.51,1099649700.0,2004-11-05 21:15:00+11:00
310.85417,-0.55,1099650600.0,2004-11-05 21:30:00+11:00
310.86458,-0.51,1099651500.0,2004-11-05 21:45:00+11:00
310.875,-0.53,1099652400.0,2004-11-05 22:00:00+11:00
310.88542,-0.54,1099653300.0,2004-11-05 22:15:00+11:00
310.89583,-0.53,1099654200.0,2004-11-05 22:30:00+11:00
310.90625,-0.53,1099655100.0,2004-11-05 22:45:00+11:00
310.91667,-0.5,1099656000.0,2004-11-05 23:00:00+11:00
310.92708,-0.48,1099656900.0,2004-11-05 23:15:00+11:00
310.9375,-0.46,1099657800.0,2004-11-05 23:30:00+11:00
310.94792,-0.43,1099658700.0,2004-11-05 23:45:00+11:00
310.95833,-0.43,1099659600.0,2004-11-06 00:00:00+11:00
310.96875,-0.34,1099660500.0,2004-11-06 00:15:00+11:00
310.97917,-0.35,1099661400.0,2004-11-06 00:30:00+11:00
310.98958,-0.3,1099662300.0,2004-11-06 00:45:00+11:00
311.0,-0.26,1099663200.0,2004-11-06 01:00:00+11:00
311.01042,-0.27,1099664100.0,2004-11-06 01:15:00+11:00
311.02083,-0.17,1099665000.0,2004-11-06 01:30:00+11:00
311.03125,-0.15,1099665900.0,2004-11-06 01:45:00+11:00
311.04167,-0.14,1099666800.0,2004-11-06 02:00:00+11:00
311.05208,-0.11,1099667700.0,2004-11-06 02:15:00+11:00
311.0625,-0.07,1099668600.0,2004-11-06 02:30:00+11:00
311.07292,-0.03,1099669500.0,2004-11-06 02:45:00+11:00
311.08333,-0.04,1099670400.0,2004-11-06 03:00:00+11:00
311.09375,0.03,1099671300.0,2004-11-06 03:15:00+11:00
311.10417,0.01,1099672200.0,2004-11-06 03:30:00+11:00
311.11458,0.01,1099673100.0,2004-11-06 03:45:00+11:00
311.125,0.08,1099674000.0,2004-11-06 04:00:00+11:00
311.13542,0.01,1099674900.0,2004-11-06 04:15:00+11:00
311.14583,0.05,1099675800.0,2004-11-06 04:30:00+11:00
311.15625,0.06,1099676700.0,2004-11-06 04:45:00+11:00
311.16667,0.01,1099677600.0,2004-11-06 05:00:00+11:00
311.17708,0.04,1099678500.0,2004-11-06 05:15:00+11:00
311.1875,0.01,1099679400.0,2004-11-06 05:30:00+11:00
311.19792,0.0,1099680300.0,2004-11-06 05:45:00+11:00
311.20833,-0.01,1099681200.0,2004-11-06 06:00:00+11:00
311.21875,-0.05,1099682100.0,2004-11-06 06:15:00+11:00
311.22917,-0.05,1099683000.0,2004-11-06 06:30:00+11:00
311.23958,-0.09,1099683900.0,2004-11-06 06:45:00+11:00
311.25,-0.1,1099684800.0,2004-11-06 07:00:00+11:00
311.26042,-0.13,1099685700.0,2004-11-06 07:15:00+11:00
311.27083,-0.16,1099686600.0,2004-11-06 07:30:00+11:00
311.28125,-0.19,1099687500.0,2004-11-06 07:45:00+11:00
311.29167,-0.19,1099688400.0,2004-11-06 08:00:00+11:00
311.30208,-0.23,1099689300.0,2004-11-06 08:15:00+11:00
311.3125,-0.24,1099690200.0,2004-11-06 08:30:00+11:00
311.32292,-0.25,1099691100.0,2004-11-06 08:45:00+11:00
311.33333,-0.25,1099692000.0,2004-11-06 09:00:00+11:00
311.34375,-0.26,1099692900.0,2004-11-06 09:15:00+11:00
311.35417,-0.27,1099693800.0,2004-11-06 09:30:00+11:00
311.36458,-0.28,1099694700.0,2004-11-06 09:45:00+11:00
311.375,-0.25,1099695600.0,2004-11-06 10:00:00+11:00
311.38542,-0.25,1099696500.0,2004-11-06 10:15:00+11:00
311.39583,-0.24,1099697400.0,2004-11-06 10:30:00+11:00
311.40625,-0.22,1099698300.0,2004-11-06 10:45:00+11:00
311.41667,-0.2,1099699200.0,2004-11-06 11:00:00+11:00
311.42708,-0.19,1099700100.0,2004-11-06 11:15:00+11:00
311.4375,-0.15,1099701000.0,2004-11-06 11:30:00+11:00
311.44792,-0.11,1099701900.0,2004-11-06 11:45:00+11:00
311.45833,-0.1,1099702800.0,2004-11-06 12:00:00+11:00
311.46875,-0.05,1099703700.0,2004-11-06 12:15:00+11:00
311.47917,-0.03,1099704600.0,2004-11-06 12:30:00+11:00
311.48958,0.03,1099705500.0,2004-11-06 12:45:00+11:00
311.5,0.1,1099706400.0,2004-11-06 13:00:00+11:00
311.51042,0.06,1099707300.0,2004-11-06 13:15:00+11:00
311.52083,0.14,1099708200.0,2004-11-06 13:30:00+11:00
311.53125,0.16,1099709100.0,2004-11-06 13:45:00+11:00
311.54167,0.2,1099710000.0,2004-11-06 14:00:00+11:00
311.55208,0.23,1099710900.0,2004-11-06 14:15:00+11:00
311.5625,0.24,1099711800.0,2004-11-06 14:30:00+11:00
311.57292,0.27,1099712700.0,2004-11-06 14:45:00+11:00
311.58333,0.28,1099713600.0,2004-11-06 15:00:00+11:00
311.59375,0.31,1099714500.0,2004-11-06 15:15:00+11:00
311.60417,0.3,1099715400.0,2004-11-06 15:30:00+11:00
311.61458,0.31,1099716300.0,2004-11-06 15:45:00+11:00
311.625,0.3,1099717200.0,2004-11-06 16:00:00+11:00
311.63542,0.31,1099718100.0,2004-11-06 16:15:00+11:00
311.64583,0.32,1099719000.0,2004-11-06 16:30:00+11:00
311.65625,0.25,1099719900.0,2004-11-06 16:45:00+11:00
311.66667,0.26,1099720800.0,2004-11-06 17:00:00+11:00
311.67708,0.22,1099721700.0,2004-11-06 17:15:00+11:00
311.6875,0.19,1099722600.0,2004-11-06 17:30:00+11:00
311.69792,0.17,1099723500.0,2004-11-06 17:45:00+11:00
311.70833,0.09,1099724400.0,2004-11-06 18:00:00+11:00
311.71875,0.07,1099725300.0,2004-11-06 18:15:00+11:00
311.72917,0.01,1099726200.0,2004-11-06 18:30:00+11:00
311.73958,-0.03,1099727100.0,2004-11-06 18:45:00+11:00
311.75,-0.08,1099728000.0,2004-11-06 19:00:00+11:00
311.76042,-0.16,1099728900.0,2004-11-06 19:15:00+11:00
311.77083,-0.18,1099729800.0,2004-11-06 19:30:00+11:00
311.78125,-0.24,1099730700.0,2004-11-06 19:45:00+11:00
311.79167,-0.31,1099731600.0,2004-11-06 20:00:00+11:00
311.80208,-0.35,1099732500.0,2004-11-06 20:15:00+11:00
311.8125,-0.41,1099733400.0,2004-11-06 20:30:00+11:00
311.82292,-0.46,1099734300.0,2004-11-06 20:45:00+11:00
311.83333,-0.47,1099735200.0,2004-11-06 21:00:00+11:00
311.84375,-0.52,1099736100.0,2004-11-06 21:15:00+11:00
311.85417,-0.59,1099737000.0,2004-11-06 21:30:00+11:00
311.86458,-0.57,1099737900.0,2004-11-06 21:45:00+11:00
311.875,-0.6,1099738800.0,2004-11-06 22:00:00+11:00
311.88542,-0.65,1099739700.0,2004-11-06 22:15:00+11:00
311.89583,-0.63,1099740600.0,2004-11-06 22:30:00+11:00
311.90625,-0.66,1099741500.0,2004-11-06 22:45:00+11:00
311.91667,-0.65,1099742400.0,2004-11-06 23:00:00+11:00
311.92708,-0.61,1099743300.0,2004-11-06 23:15:00+11:00
311.9375,-0.63,1099744200.0,2004-11-06 23:30:00+11:00
311.94792,-0.62,1099745100.0,2004-11-06 23:45:00+11:00
311.95833,-0.59,1099746000.0,2004-11-07 00:00:00+11:00
311.96875,-0.53,1099746900.0,2004-11-07 00:15:00+11:00
311.97917,-0.55,1099747800.0,2004-11-07 00:30:00+11:00
311.98958,-0.51,1099748700.0,2004-11-07 00:45:00+11:00
312.0,-0.43,1099749600.0,2004-11-07 01:00:00+11:00
312.01042,-0.44,1099750500.0,2004-11-07 01:15:00+11:00
312.02083,-0.37,1099751400.0,2004-11-07 01:30:00+11:00
312.03125,-0.33,1099752300.0,2004-11-07 01:45:00+11:00
312.04167,-0.28,1099753200.0,2004-11-07 02:00:00+11:00
312.05208,-0.25,1099754100.0,2004-11-07 02:15:00+11:00
312.0625,-0.18,1099755000.0,2004-11-07 02:30:00+11:00
312.07292,-0.15,1099755900.0,2004-11-07 02:45:00+11:00
312.08333,-0.11,1099756800.0,2004-11-07 03:00:00+11:00
312.09375,-0.05,1099757700.0,2004-11-07 03:15:00+11:00
312.10417,-0.04,1099758600.0,2004-11-07 03:30:00+11:00
312.11458,0.0,1099759500.0,2004-11-07 03:45:00+11:00
312.125,0.03,1099760400.0,2004-11-07 04:00:00+11:00
312.13542,0.05,1099761300.0,2004-11-07 04:15:00+11:00
312.14583,0.08,1099762200.0,2004-11-07 04:30:00+11:00
312.15625,0.07,1099763100.0,2004-11-07 04:45:00+11:00
312.16667,0.09,1099764000.0,2004-11-07 05:00:00+11:00
312.17708,0.09,1099764900.0,2004-11-07 05:15:00+11:00
312.1875,0.1,1099765800.0,2004-11-07 05:30:00+11:00
312.19792,0.09,1099766700.0,2004-11-07 05:45:00+11:00
312.20833,0.07,1099767600.0,2004-11-07 06:00:00+11:00
312.21875,0.05,1099768500.0,2004-11-07 06:15:00+11:00
312.22917,0.02,1099769400.0,2004-11-07 06:30:00+11:00
312.23958,0.01,1099770300.0,2004-11-07 06:45:00+11:00
312.25,-0.02,1099771200.0,2004-11-07 07:00:00+11:00
312.26042,-0.06,1099772100.0,2004-11-07 07:15:00+11:00
312.27083,-0.09,1099773000.0,2004-11-07 07:30:00+11:00
312.28125,-0.13,1099773900.0,2004-11-07 07:45:00+11:00
312.29167,-0.15,1099774800.0,2004-11-07 08:00:00+11:00
312.30208,-0.17,1099775700.0,2004-11-07 08:15:00+11:00
312.3125,-0.22,1099776600.0,2004-11-07 08:30:00+11:00
312.32292,-0.25,1099777500.0,2004-11-07 08:45:00+11:00
312.33333,-0.27,1099778400.0,2004-11-07 09:00:00+11:00
312.34375,-0.27,1099779300.0,2004-11-07 09:15:00+11:00
312.35417,-0.33,1099780200.0,2004-11-07 09:30:00+11:00
312.36458,-0.36,1099781100.0,2004-11-07 09:45:00+11:00
312.375,-0.32,1099782000.0,2004-11-07 10:00:00+11:00
312.38542,-0.37,1099782900.0,2004-11-07 10:15:00+11:00
312.39583,-0.38,1099783800.0,2004-11-07 10:30:00+11:00
312.40625,-0.35,1099784700.0,2004-11-07 10:45:00+11:00
312.41667,-0.37,1099785600.0,2004-11-07 11:00:00+11:00
312.42708,-0.39,1099786500.0,2004-11-07 11:15:00+11:00
312.4375,-0.32,1099787400.0,2004-11-07 11:30:00+11:00
312.44792,-0.33,1099788300.0,2004-11-07 11:45:00+11:00
312.45833,-0.32,1099789200.0,2004-11-07 12:00:00+11:00
312.46875,-0.3,1099790100.0,2004-11-07 12:15:00+11:00
312.47917,-0.25,1099791000.0,2004-11-07 12:30:00+11:00
312.48958,-0.24,1099791900.0,2004-11-07 12:45:00+11:00
312.5,-0.19,1099792800.0,2004-11-07 13:00:00+11:00
312.51042,-0.17,1099793700.0,2004-11-07 13:15:00+11:00
312.52083,-0.13,1099794600.0,2004-11-07 13:30:00+11:00
312.53125,-0.07,1099795500.0,2004-11-07 13:45:00+11:00
312.54167,-0.04,1099796400.0,2004-11-07 14:00:00+11:00
312.55208,0.0,1099797300.0,2004-11-07 14:15:00+11:00
312.5625,0.02,1099798200.0,2004-11-07 14:30:00+11:00
312.57292,0.07,1099799100.0,2004-11-07 14:45:00+11:00
312.58333,0.12,1099800000.0,2004-11-07 15:00:00+11:00
312.59375,0.14,1099800900.0,2004-11-07 15:15:00+11:00
312.60417,0.16,1099801800.0,2004-11-07 15:30:00+11:00
312.61458,0.2,1099802700.0,2004-11-07 15:45:00+11:00
312.625,0.24,1099803600.0,2004-11-07 16:00:00+11:00
312.63542,0.25,1099804500.0,2004-11-07 16:15:00+11:00
312.64583,0.24,1099805400.0,2004-11-07 16:30:00+11:00
312.65625,0.25,1099806300.0,2004-11-07 16:45:00+11:00
312.66667,0.27,1099807200.0,2004-11-07 17:00:00+11:00
312.67708,0.25,1099808100.0,2004-11-07 17:15:00+11:00
312.6875,0.23,1099809000.0,2004-11-07 17:30:00+11:00
312.69792,0.22,1099809900.0,2004-11-07 17:45:00+11:00
312.70833,0.18,1099810800.0,2004-11-07 18:00:00+11:00
312.71875,0.17,1099811700.0,2004-11-07 18:15:00+11:00
312.72917,0.13,1099812600.0,2004-11-07 18:30:00+11:00
312.73958,0.07,1099813500.0,2004-11-07 18:45:00+11:00
312.75,0.01,1099814400.0,2004-11-07 19:00:00+11:00
312.76042,0.0,1099815300.0,2004-11-07 19:15:00+11:00
312.77083,-0.05,1099816200.0,2004-11-07 19:30:00+11:00
312.78125,-0.15,1099817100.0,2004-11-07 19:45:00+11:00
312.79167,-0.18,1099818000.0,2004-11-07 20:00:00+11:00
312.80208,-0.24,1099818900.0,2004-11-07 20:15:00+11:00
312.8125,-0.31,1099819800.0,2004-11-07 20:30:00+11:00
312.82292,-0.33,1099820700.0,2004-11-07 20:45:00+11:00
312.83333,-0.44,1099821600.0,2004-11-07 21:00:00+11:00
312.84375,-0.48,1099822500.0,2004-11-07 21:15:00+11:00
312.85417,-0.51,1099823400.0,2004-11-07 21:30:00+11:00
312.86458,-0.56,1099824300.0,2004-11-07 21:45:00+11:00
312.875,-0.62,1099825200.0,2004-11-07 22:00:00+11:00
312.88542,-0.66,1099826100.0,2004-11-07 22:15:00+11:00
312.89583,-0.67,1099827000.0,2004-11-07 22:30:00+11:00
312.90625,-0.7,1099827900.0,2004-11-07 22:45:00+11:00
312.91667,-0.72,1099828800.0,2004-11-07 23:00:00+11:00
312.92708,-0.74,1099829700.0,2004-11-07 23:15:00+11:00
312.9375,-0.74,1099830600.0,2004-11-07 23:30:00+11:00
312.94792,-0.76,1099831500.0,2004-11-07 23:45:00+11:00
312.95833,-0.72,1099832400.0,2004-11-08 00:00:00+11:00
312.96875,-0.73,1099833300.0,2004-11-08 00:15:00+11:00
312.97917,-0.7,1099834200.0,2004-11-08 00:30:00+11:00
312.98958,-0.65,1099835100.0,2004-11-08 00:45:00+11:00
313.0,-0.65,1099836000.0,2004-11-08 01:00:00+11:00
313.01042,-0.61,1099836900.0,2004-11-08 01:15:00+11:00
313.02083,-0.55,1099837800.0,2004-11-08 01:30:00+11:00
313.03125,-0.49,1099838700.0,2004-11-08 01:45:00+11:00
313.04167,-0.47,1099839600.0,2004-11-08 02:00:00+11:00
313.05208,-0.41,1099840500.0,2004-11-08 02:15:00+11:00
313.0625,-0.35,1099841400.0,2004-11-08 02:30:00+11:00
313.07292,-0.31,1099842300.0,2004-11-08 02:45:00+11:00
313.08333,-0.22,1099843200.0,2004-11-08 03:00:00+11:00
313.09375,-0.2,1099844100.0,2004-11-08 03:15:00+11:00
313.10417,-0.16,1099845000.0,2004-11-08 03:30:00+11:00
313.11458,-0.08,1099845900.0,2004-11-08 03:45:00+11:00
313.125,-0.05,1099846800.0,2004-11-08 04:00:00+11:00
313.13542,0.0,1099847700.0,2004-11-08 04:15:00+11:00
313.14583,0.02,1099848600.0,2004-11-08 04:30:00+11:00
313.15625,0.05,1099849500.0,2004-11-08 04:45:00+11:00
313.16667,0.1,1099850400.0,2004-11-08 05:00:00+11:00
313.17708,0.1,1099851300.0,2004-11-08 05:15:00+11:00
313.1875,0.11,1099852200.0,2004-11-08 05:30:00+11:00
313.19792,0.13,1099853100.0,2004-11-08 05:45:00+11:00
313.20833,0.13,1099854000.0,2004-11-08 06:00:00+11:00
313.21875,0.13,1099854900.0,2004-11-08 06:15:00+11:00
313.22917,0.11,1099855800.0,2004-11-08 06:30:00+11:00
313.23958,0.11,1099856700.0,2004-11-08 06:45:00+11:00
313.25,0.08,1099857600.0,2004-11-08 07:00:00+11:00
313.26042,0.04,1099858500.0,2004-11-08 07:15:00+11:00
313.27083,0.03,1099859400.0,2004-11-08 07:30:00+11:00
313.28125,-0.02,1099860300.0,2004-11-08 07:45:00+11:00
313.29167,-0.07,1099861200.0,2004-11-08 08:00:00+11:00
313.30208,-0.08,1099862100.0,2004-11-08 08:15:00+11:00
313.3125,-0.12,1099863000.0,2004-11-08 08:30:00+11:00
313.32292,-0.18,1099863900.0,2004-11-08 08:45:00+11:00
313.33333,-0.22,1099864800.0,2004-11-08 09:00:00+11:00
313.34375,-0.24,1099865700.0,2004-11-08 09:15:00+11:00
313.35417,-0.28,1099866600.0,2004-11-08 09:30:00+11:00
313.36458,-0.31,1099867500.0,2004-11-08 09:45:00+11:00
313.375,-0.36,1099868400.0,2004-11-08 10:00:00+11:00
313.38542,-0.42,1099869300.0,2004-11-08 10:15:00+11:00
313.39583,-0.41,1099870200.0,2004-11-08 10:30:00+11:00
313.40625,-0.41,1099871100.0,2004-11-08 10:45:00+11:00
313.41667,-0.48,1099872000.0,2004-11-08 11:00:00+11:00
313.42708,-0.49,1099872900.0,2004-11-08 11:15:00+11:00
313.4375,-0.48,1099873800.0,2004-11-08 11:30:00+11:00
313.44792,-0.47,1099874700.0,2004-11-08 11:45:00+11:00
313.45833,-0.48,1099875600.0,2004-11-08 12:00:00+11:00
313.46875,-0.48,1099876500.0,2004-11-08 12:15:00+11:00
313.47917,-0.46,1099877400.0,2004-11-08 12:30:00+11:00
313.48958,-0.41,1099878300.0,2004-11-08 12:45:00+11:00
313.5,-0.39,1099879200.0,2004-11-08 13:00:00+11:00
313.51042,-0.37,1099880100.0,2004-11-08 13:15:00+11:00
313.52083,-0.34,1099881000.0,2004-11-08 13:30:00+11:00
313.53125,-0.28,1099881900.0,2004-11-08 13:45:00+11:00
313.54167,-0.24,1099882800.0,2004-11-08 14:00:00+11:00
313.55208,-0.19,1099883700.0,2004-11-08 14:15:00+11:00
313.5625,-0.15,1099884600.0,2004-11-08 14:30:00+11:00
313.57292,-0.11,1099885500.0,2004-11-08 14:45:00+11:00
313.58333,-0.04,1099886400.0,2004-11-08 15:00:00+11:00
313.59375,-0.01,1099887300.0,2004-11-08 15:15:00+11:00
313.60417,0.04,1099888200.0,2004-11-08 15:30:00+11:00
313.61458,0.1,1099889100.0,2004-11-08 15:45:00+11:00
313.625,0.12,1099890000.0,2004-11-08 16:00:00+11:00
313.63542,0.19,1099890900.0,2004-11-08 16:15:00+11:00
313.64583,0.21,1099891800.0,2004-11-08 16:30:00+11:00
313.65625,0.24,1099892700.0,2004-11-08 16:45:00+11:00
313.66667,0.26,1099893600.0,2004-11-08 17:00:00+11:00
313.67708,0.27,1099894500.0,2004-11-08 17:15:00+11:00
313.6875,0.29,1099895400.0,2004-11-08 17:30:00+11:00
313.69792,0.28,1099896300.0,2004-11-08 17:45:00+11:00
313.70833,0.28,1099897200.0,2004-11-08 18:00:00+11:00
313.71875,0.26,1099898100.0,2004-11-08 18:15:00+11:00
313.72917,0.25,1099899000.0,2004-11-08 18:30:00+11:00
313.73958,0.22,1099899900.0,2004-11-08 18:45:00+11:00
313.75,0.19,1099900800.0,2004-11-08 19:00:00+11:00
313.76042,0.17,1099901700.0,2004-11-08 19:15:00+11:00
313.77083,0.1,1099902600.0,2004-11-08 19:30:00+11:00
313.78125,0.06,1099903500.0,2004-11-08 19:45:00+11:00
313.79167,-0.02,1099904400.0,2004-11-08 20:00:00+11:00
313.80208,-0.05,1099905300.0,2004-11-08 20:15:00+11:00
313.8125,-0.11,1099906200.0,2004-11-08 20:30:00+11:00
313.82292,-0.2,1099907100.0,2004-11-08 20:45:00+11:00
313.83333,-0.25,1099908000.0,2004-11-08 21:00:00+11:00
313.84375,-0.33,1099908900.0,2004-11-08 21:15:00+11:00
313.85417,-0.4,1099909800.0,2004-11-08 21:30:00+11:00
313.86458,-0.46,1099910700.0,2004-11-08 21:45:00+11:00
313.875,-0.5,1099911600.0,2004-11-08 22:00:00+11:00
313.88542,-0.58,1099912500.0,2004-11-08 22:15:00+11:00
313.89583,-0.62,1099913400.0,2004-11-08 22:30:00+11:00
313.90625,-0.66,1099914300.0,2004-11-08 22:45:00+11:00
313.91667,-0.74,1099915200.0,2004-11-08 23:00:00+11:00
313.92708,-0.73,1099916100.0,2004-11-08 23:15:00+11:00
313.9375,-0.76,1099917000.0,2004-11-08 23:30:00+11:00
313.94792,-0.79,1099917900.0,2004-11-08 23:45:00+11:00
313.95833,-0.81,1099918800.0,2004-11-09 00:00:00+11:00
313.96875,-0.8,1099919700.0,2004-11-09 00:15:00+11:00
313.97917,-0.8,1099920600.0,2004-11-09 00:30:00+11:00
313.98958,-0.8,1099921500.0,2004-11-09 00:45:00+11:00
314.0,-0.76,1099922400.0,2004-11-09 01:00:00+11:00
314.01042,-0.76,1099923300.0,2004-11-09 01:15:00+11:00
314.02083,-0.73,1099924200.0,2004-11-09 01:30:00+11:00
314.03125,-0.67,1099925100.0,2004-11-09 01:45:00+11:00
314.04167,-0.65,1099926000.0,2004-11-09 02:00:00+11:00
314.05208,-0.6,1099926900.0,2004-11-09 02:15:00+11:00
314.0625,-0.53,1099927800.0,2004-11-09 02:30:00+11:00
314.07292,-0.48,1099928700.0,2004-11-09 02:45:00+11:00
314.08333,-0.41,1099929600.0,2004-11-09 03:00:00+11:00
314.09375,-0.35,1099930500.0,2004-11-09 03:15:00+11:00
314.10417,-0.28,1099931400.0,2004-11-09 03:30:00+11:00
314.11458,-0.24,1099932300.0,2004-11-09 03:45:00+11:00
314.125,-0.16,1099933200.0,2004-11-09 04:00:00+11:00
314.13542,-0.08,1099934100.0,2004-11-09 04:15:00+11:00
314.14583,-0.06,1099935000.0,2004-11-09 04:30:00+11:00
314.15625,0.0,1099935900.0,2004-11-09 04:45:00+11:00
314.16667,0.05,1099936800.0,2004-11-09 05:00:00+11:00
314.17708,0.09,1099937700.0,2004-11-09 05:15:00+11:00
314.1875,0.14,1099938600.0,2004-11-09 05:30:00+11:00
314.19792,0.16,1099939500.0,2004-11-09 05:45:00+11:00
314.20833,0.17,1099940400.0,2004-11-09 06:00:00+11:00
314.21875,0.2,1099941300.0,2004-11-09 06:15:00+11:00
314.22917,0.22,1099942200.0,2004-11-09 06:30:00+11:00
314.23958,0.2,1099943100.0,2004-11-09 06:45:00+11:00
314.25,0.18,1099944000.0,2004-11-09 07:00:00+11:00
314.26042,0.2,1099944900.0,2004-11-09 07:15:00+11:00
314.27083,0.16,1099945800.0,2004-11-09 07:30:00+11:00
314.28125,0.14,1099946700.0,2004-11-09 07:45:00+11:00
314.29167,0.09,1099947600.0,2004-11-09 08:00:00+11:00
314.30208,0.07,1099948500.0,2004-11-09 08:15:00+11:00
314.3125,0.02,1099949400.0,2004-11-09 08:30:00+11:00
314.32292,-0.05,1099950300.0,2004-11-09 08:45:00+11:00
314.33333,-0.09,1099951200.0,2004-11-09 09:00:00+11:00
314.34375,-0.14,1099952100.0,2004-11-09 09:15:00+11:00
314.35417,-0.18,1099953000.0,2004-11-09 09:30:00+11:00
314.36458,-0.24,1099953900.0,2004-11-09 09:45:00+11:00
314.375,-0.31,1099954800.0,2004-11-09 10:00:00+11:00
314.38542,-0.35,1099955700.0,2004-11-09 10:15:00+11:00
314.39583,-0.39,1099956600.0,2004-11-09 10:30:00+11:00
314.40625,-0.45,1099957500.0,2004-11-09 10:45:00+11:00
314.41667,-0.48,1099958400.0,2004-11-09 11:00:00+11:00
314.42708,-0.51,1099959300.0,2004-11-09 11:15:00+11:00
314.4375,-0.56,1099960200.0,2004-11-09 11:30:00+11:00
314.44792,-0.59,1099961100.0,2004-11-09 11:45:00+11:00
314.45833,-0.6,1099962000.0,2004-11-09 12:00:00+11:00
314.46875,-0.61,1099962900.0,2004-11-09 12:15:00+11:00
314.47917,-0.61,1099963800.0,2004-11-09 12:30:00+11:00
314.48958,-0.64,1099964700.0,2004-11-09 12:45:00+11:00
314.5,-0.62,1099965600.0,2004-11-09 13:00:00+11:00
314.51042,-0.6,1099966500.0,2004-11-09 13:15:00+11:00
314.52083,-0.57,1099967400.0,2004-11-09 13:30:00+11:00
314.53125,-0.55,1099968300.0,2004-11-09 13:45:00+11:00
314.54167,-0.53,1099969200.0,2004-11-09 14:00:00+11:00
314.55208,-0.49,1099970100.0,2004-11-09 14:15:00+11:00
314.5625,-0.43,1099971000.0,2004-11-09 14:30:00+11:00
314.57292,-0.39,1099971900.0,2004-11-09 14:45:00+11:00
314.58333,-0.32,1099972800.0,2004-11-09 15:00:00+11:00
314.59375,-0.25,1099973700.0,2004-11-09 15:15:00+11:00
314.60417,-0.24,1099974600.0,2004-11-09 15:30:00+11:00
314.61458,-0.14,1099975500.0,2004-11-09 15:45:00+11:00
314.625,-0.07,1099976400.0,2004-11-09 16:00:00+11:00
314.63542,-0.05,1099977300.0,2004-11-09 16:15:00+11:00
314.64583,0.03,1099978200.0,2004-11-09 16:30:00+11:00
314.65625,0.07,1099979100.0,2004-11-09 16:45:00+11:00
314.66667,0.12,1099980000.0,2004-11-09 17:00:00+11:00
314.67708,0.16,1099980900.0,2004-11-09 17:15:00+11:00
314.6875,0.19,1099981800.0,2004-11-09 17:30:00+11:00
314.69792,0.2,1099982700.0,2004-11-09 17:45:00+11:00
314.70833,0.24,1099983600.0,2004-11-09 18:00:00+11:00
314.71875,0.27,1099984500.0,2004-11-09 18:15:00+11:00
314.72917,0.24,1099985400.0,2004-11-09 18:30:00+11:00
314.73958,0.26,1099986300.0,2004-11-09 18:45:00+11:00
314.75,0.25,1099987200.0,2004-11-09 19:00:00+11:00
314.76042,0.24,1099988100.0,2004-11-09 19:15:00+11:00
314.77083,0.19,1099989000.0,2004-11-09 19:30:00+11:00
314.78125,0.19,1099989900.0,2004-11-09 19:45:00+11:00
314.79167,0.14,1099990800.0,2004-11-09 20:00:00+11:00
314.80208,0.06,1099991700.0,2004-11-09 20:15:00+11:00
314.8125,0.04,1099992600.0,2004-11-09 20:30:00+11:00
314.82292,-0.05,1099993500.0,2004-11-09 20:45:00+11:00
314.83333,-0.11,1099994400.0,2004-11-09 21:00:00+11:00
314.84375,-0.15,1099995300.0,2004-11-09 21:15:00+11:00
314.85417,-0.23,1099996200.0,2004-11-09 21:30:00+11:00
314.86458,-0.32,1099997100.0,2004-11-09 21:45:00+11:00
314.875,-0.39,1099998000.0,2004-11-09 22:00:00+11:00
314.88542,-0.46,1099998900.0,2004-11-09 22:15:00+11:00
314.89583,-0.51,1099999800.0,2004-11-09 22:30:00+11:00
314.90625,-0.56,1100000700.0,2004-11-09 22:45:00+11:00
314.91667,-0.66,1100001600.0,2004-11-09 23:00:00+11:00
314.92708,-0.71,1100002500.0,2004-11-09 23:15:00+11:00
314.9375,-0.73,1100003400.0,2004-11-09 23:30:00+11:00
314.94792,-0.76,1100004300.0,2004-11-09 23:45:00+11:00
314.95833,-0.78,1100005200.0,2004-11-10 00:00:00+11:00
314.96875,-0.86,1100006100.0,2004-11-10 00:15:00+11:00
314.97917,-0.87,1100007000.0,2004-11-10 00:30:00+11:00
314.98958,-0.84,1100007900.0,2004-11-10 00:45:00+11:00
315.0,-0.84,1100008800.0,2004-11-10 01:00:00+11:00
