Day,Stage,timestamp,DateTimeTZ
265.0,-0.574,1064152800.0,2003-09-22 00:00:00+10:00
265.010417,-0.584,1064153700.0,2003-09-22 00:15:00+10:00
265.020833,-0.584,1064154600.0,2003-09-22 00:30:00+10:00
265.03125,-0.544,1064155500.0,2003-09-22 00:45:00+10:00
265.041667,-0.464,1064156400.0,2003-09-22 01:00:00+10:00
265.052083,-0.484,1064157300.0,2003-09-22 01:15:00+10:00
265.0625,-0.444,1064158200.0,2003-09-22 01:30:00+10:00
265.072917,-0.374,1064159100.0,2003-09-22 01:45:00+10:00
265.083333,-0.334,1064160000.0,2003-09-22 02:00:00+10:00
265.09375,-0.294,1064160900.0,2003-09-22 02:15:00+10:00
265.104167,-0.244,1064161800.0,2003-09-22 02:30:00+10:00
265.114583,-0.244,1064162700.0,2003-09-22 02:45:00+10:00
265.125,-0.174,1064163600.0,2003-09-22 03:00:00+10:00
265.135417,-0.114,1064164500.0,2003-09-22 03:15:00+10:00
265.145833,-0.064,1064165400.0,2003-09-22 03:30:00+10:00
265.15625,-0.064,1064166300.0,2003-09-22 03:45:00+10:00
265.166667,0.006,1064167200.0,2003-09-22 04:00:00+10:00
265.177083,0.026,1064168100.0,2003-09-22 04:15:00+10:00
265.1875,0.026,1064169000.0,2003-09-22 04:30:00+10:00
265.197917,0.106,1064169900.0,2003-09-22 04:45:00+10:00
265.208333,0.086,1064170800.0,2003-09-22 05:00:00+10:00
265.21875,0.086,1064171700.0,2003-09-22 05:15:00+10:00
265.229167,0.116,1064172600.0,2003-09-22 05:30:00+10:00
265.239583,0.106,1064173500.0,2003-09-22 05:45:00+10:00
265.25,0.116,1064174400.0,2003-09-22 06:00:00+10:00
265.260417,0.076,1064175300.0,2003-09-22 06:15:00+10:00
265.270833,0.076,1064176200.0,2003-09-22 06:30:00+10:00
265.28125,0.066,1064177100.0,2003-09-22 06:45:00+10:00
265.291667,0.056,1064178000.0,2003-09-22 07:00:00+10:00
265.302083,0.016,1064178900.0,2003-09-22 07:15:00+10:00
265.3125,-0.044,1064179800.0,2003-09-22 07:30:00+10:00
265.322917,-0.044,1064180700.0,2003-09-22 07:45:00+10:00
265.333333,-0.064,1064181600.0,2003-09-22 08:00:00+10:00
265.34375,-0.104,1064182500.0,2003-09-22 08:15:00+10:00
265.354167,-0.164,1064183400.0,2003-09-22 08:30:00+10:00
265.364583,-0.154,1064184300.0,2003-09-22 08:45:00+10:00
265.375,-0.184,1064185200.0,2003-09-22 09:00:00+10:00
265.385417,-0.254,1064186100.0,2003-09-22 09:15:00+10:00
265.395833,-0.244,1064187000.0,2003-09-22 09:30:00+10:00
265.40625,-0.264,1064187900.0,2003-09-22 09:45:00+10:00
265.416667,-0.284,1064188800.0,2003-09-22 10:00:00+10:00
265.427083,-0.304,1064189700.0,2003-09-22 10:15:00+10:00
265.4375,-0.324,1064190600.0,2003-09-22 10:30:00+10:00
265.447917,-0.324,1064191500.0,2003-09-22 10:45:00+10:00
265.458333,-0.324,1064192400.0,2003-09-22 11:00:00+10:00
265.46875,-0.294,1064193300.0,2003-09-22 11:15:00+10:00
265.479167,-0.314,1064194200.0,2003-09-22 11:30:00+10:00
265.489583,-0.264,1064195100.0,2003-09-22 11:45:00+10:00
265.5,-0.244,1064196000.0,2003-09-22 12:00:00+10:00
265.510417,-0.234,1064196900.0,2003-09-22 12:15:00+10:00
265.520833,-0.214,1064197800.0,2003-09-22 12:30:00+10:00
265.53125,-0.094,1064198700.0,2003-09-22 12:45:00+10:00
265.541667,-0.104,1064199600.0,2003-09-22 13:00:00+10:00
265.552083,-0.064,1064200500.0,2003-09-22 13:15:00+10:00
265.5625,0.026,1064201400.0,2003-09-22 13:30:00+10:00
265.572917,0.016,1064202300.0,2003-09-22 13:45:00+10:00
265.583333,0.146,1064203200.0,2003-09-22 14:00:00+10:00
265.59375,0.176,1064204100.0,2003-09-22 14:15:00+10:00
265.604167,0.176,1064205000.0,2003-09-22 14:30:00+10:00
265.614583,0.236,1064205900.0,2003-09-22 14:45:00+10:00
265.625,0.336,1064206800.0,2003-09-22 15:00:00+10:00
265.635417,0.376,1064207700.0,2003-09-22 15:15:00+10:00
265.645833,0.396,1064208600.0,2003-09-22 15:30:00+10:00
265.65625,0.466,1064209500.0,2003-09-22 15:45:00+10:00
265.666667,0.496,1064210400.0,2003-09-22 16:00:00+10:00
265.677083,0.526,1064211300.0,2003-09-22 16:15:00+10:00
265.6875,0.546,1064212200.0,2003-09-22 16:30:00+10:00
265.697917,0.586,1064213100.0,2003-09-22 16:45:00+10:00
265.708333,0.596,1064214000.0,2003-09-22 17:00:00+10:00
265.71875,0.606,1064214900.0,2003-09-22 17:15:00+10:00
265.729167,0.606,1064215800.0,2003-09-22 17:30:00+10:00
265.739583,0.596,1064216700.0,2003-09-22 17:45:00+10:00
265.75,0.596,1064217600.0,2003-09-22 18:00:00+10:00
265.760417,0.566,1064218500.0,2003-09-22 18:15:00+10:00
265.770833,0.566,1064219400.0,2003-09-22 18:30:00+10:00
265.78125,0.486,1064220300.0,2003-09-22 18:45:00+10:00
265.791667,0.426,1064221200.0,2003-09-22 19:00:00+10:00
265.802083,0.466,1064222100.0,2003-09-22 19:15:00+10:00
265.8125,0.386,1064223000.0,2003-09-22 19:30:00+10:00
265.822917,0.336,1064223900.0,2003-09-22 19:45:00+10:00
265.833333,0.206,1064224800.0,2003-09-22 20:00:00+10:00
265.84375,0.166,1064225700.0,2003-09-22 20:15:00+10:00
265.854167,0.166,1064226600.0,2003-09-22 20:30:00+10:00
265.864583,0.056,1064227500.0,2003-09-22 20:45:00+10:00
265.875,-0.054,1064228400.0,2003-09-22 21:00:00+10:00
265.885417,-0.114,1064229300.0,2003-09-22 21:15:00+10:00
265.895833,-0.224,1064230200.0,2003-09-22 21:30:00+10:00
265.90625,-0.264,1064231100.0,2003-09-22 21:45:00+10:00
265.916667,-0.344,1064232000.0,2003-09-22 22:00:00+10:00
265.927083,-0.454,1064232900.0,2003-09-22 22:15:00+10:00
265.9375,-0.484,1064233800.0,2003-09-22 22:30:00+10:00
265.947917,-0.454,1064234700.0,2003-09-22 22:45:00+10:00
265.958333,-0.454,1064235600.0,2003-09-22 23:00:00+10:00
265.96875,-0.614,1064236500.0,2003-09-22 23:15:00+10:00
265.979167,-0.564,1064237400.0,2003-09-22 23:30:00+10:00
265.989583,-0.634,1064238300.0,2003-09-22 23:45:00+10:00
266.0,-0.544,1064239200.0,2003-09-23 00:00:00+10:00
266.010417,-0.564,1064240100.0,2003-09-23 00:15:00+10:00
266.020833,-0.624,1064241000.0,2003-09-23 00:30:00+10:00
266.03125,-0.664,1064241900.0,2003-09-23 00:45:00+10:00
266.041667,-0.604,1064242800.0,2003-09-23 01:00:00+10:00
266.052083,-0.404,1064243700.0,2003-09-23 01:15:00+10:00
266.0625,-0.524,1064244600.0,2003-09-23 01:30:00+10:00
266.072917,-0.584,1064245500.0,2003-09-23 01:45:00+10:00
266.083333,-0.414,1064246400.0,2003-09-23 02:00:00+10:00
266.09375,-0.374,1064247300.0,2003-09-23 02:15:00+10:00
266.104167,-0.324,1064248200.0,2003-09-23 02:30:00+10:00
266.114583,-0.284,1064249100.0,2003-09-23 02:45:00+10:00
266.125,-0.294,1064250000.0,2003-09-23 03:00:00+10:00
266.135417,-0.194,1064250900.0,2003-09-23 03:15:00+10:00
266.145833,-0.054,1064251800.0,2003-09-23 03:30:00+10:00
266.15625,-0.084,1064252700.0,2003-09-23 03:45:00+10:00
266.166667,-0.054,1064253600.0,2003-09-23 04:00:00+10:00
266.177083,0.046,1064254500.0,2003-09-23 04:15:00+10:00
266.1875,0.026,1064255400.0,2003-09-23 04:30:00+10:00
266.197917,0.086,1064256300.0,2003-09-23 04:45:00+10:00
266.208333,0.226,1064257200.0,2003-09-23 05:00:00+10:00
266.21875,0.106,1064258100.0,2003-09-23 05:15:00+10:00
266.229167,0.166,1064259000.0,2003-09-23 05:30:00+10:00
266.239583,0.216,1064259900.0,2003-09-23 05:45:00+10:00
266.25,0.236,1064260800.0,2003-09-23 06:00:00+10:00
266.260417,0.206,1064261700.0,2003-09-23 06:15:00+10:00
266.270833,0.186,1064262600.0,2003-09-23 06:30:00+10:00
266.28125,0.216,1064263500.0,2003-09-23 06:45:00+10:00
266.291667,0.186,1064264400.0,2003-09-23 07:00:00+10:00
266.302083,0.206,1064265300.0,2003-09-23 07:15:00+10:00
266.3125,0.106,1064266200.0,2003-09-23 07:30:00+10:00
266.322917,0.086,1064267100.0,2003-09-23 07:45:00+10:00
266.333333,0.096,1064268000.0,2003-09-23 08:00:00+10:00
266.34375,0.046,1064268900.0,2003-09-23 08:15:00+10:00
266.354167,0.006,1064269800.0,2003-09-23 08:30:00+10:00
266.364583,-0.064,1064270700.0,2003-09-23 08:45:00+10:00
266.375,-0.064,1064271600.0,2003-09-23 09:00:00+10:00
266.385417,-0.134,1064272500.0,2003-09-23 09:15:00+10:00
266.395833,-0.184,1064273400.0,2003-09-23 09:30:00+10:00
266.40625,-0.194,1064274300.0,2003-09-23 09:45:00+10:00
266.416667,-0.254,1064275200.0,2003-09-23 10:00:00+10:00
266.427083,-0.294,1064276100.0,2003-09-23 10:15:00+10:00
266.4375,-0.324,1064277000.0,2003-09-23 10:30:00+10:00
266.447917,-0.334,1064277900.0,2003-09-23 10:45:00+10:00
266.458333,-0.364,1064278800.0,2003-09-23 11:00:00+10:00
266.46875,-0.404,1064279700.0,2003-09-23 11:15:00+10:00
266.479167,-0.404,1064280600.0,2003-09-23 11:30:00+10:00
266.489583,-0.384,1064281500.0,2003-09-23 11:45:00+10:00
266.5,-0.404,1064282400.0,2003-09-23 12:00:00+10:00
266.510417,-0.384,1064283300.0,2003-09-23 12:15:00+10:00
266.520833,-0.344,1064284200.0,2003-09-23 12:30:00+10:00
266.53125,-0.324,1064285100.0,2003-09-23 12:45:00+10:00
266.541667,-0.304,1064286000.0,2003-09-23 13:00:00+10:00
266.552083,-0.234,1064286900.0,2003-09-23 13:15:00+10:00
266.5625,-0.234,1064287800.0,2003-09-23 13:30:00+10:00
266.572917,-0.154,1064288700.0,2003-09-23 13:45:00+10:00
266.583333,-0.094,1064289600.0,2003-09-23 14:00:00+10:00
266.59375,-0.084,1064290500.0,2003-09-23 14:15:00+10:00
266.604167,0.046,1064291400.0,2003-09-23 14:30:00+10:00
266.614583,0.096,1064292300.0,2003-09-23 14:45:00+10:00
266.625,0.116,1064293200.0,2003-09-23 15:00:00+10:00
266.635417,0.236,1064294100.0,2003-09-23 15:15:00+10:00
266.645833,0.256,1064295000.0,2003-09-23 15:30:00+10:00
266.65625,0.346,1064295900.0,2003-09-23 15:45:00+10:00
266.666667,0.396,1064296800.0,2003-09-23 16:00:00+10:00
266.677083,0.466,1064297700.0,2003-09-23 16:15:00+10:00
266.6875,0.466,1064298600.0,2003-09-23 16:30:00+10:00
266.697917,0.556,1064299500.0,2003-09-23 16:45:00+10:00
266.708333,0.626,1064300400.0,2003-09-23 17:00:00+10:00
266.71875,0.596,1064301300.0,2003-09-23 17:15:00+10:00
266.729167,0.686,1064302200.0,2003-09-23 17:30:00+10:00
266.739583,0.656,1064303100.0,2003-09-23 17:45:00+10:00
266.75,0.686,1064304000.0,2003-09-23 18:00:00+10:00
266.760417,0.726,1064304900.0,2003-09-23 18:15:00+10:00
266.770833,0.656,1064305800.0,2003-09-23 18:30:00+10:00
266.78125,0.686,1064306700.0,2003-09-23 18:45:00+10:00
266.791667,0.606,1064307600.0,2003-09-23 19:00:00+10:00
266.802083,0.636,1064308500.0,2003-09-23 19:15:00+10:00
266.8125,0.596,1064309400.0,2003-09-23 19:30:00+10:00
266.822917,0.506,1064310300.0,2003-09-23 19:45:00+10:00
266.833333,0.456,1064311200.0,2003-09-23 20:00:00+10:00
266.84375,0.446,1064312100.0,2003-09-23 20:15:00+10:00
266.854167,0.356,1064313000.0,2003-09-23 20:30:00+10:00
266.864583,0.236,1064313900.0,2003-09-23 20:45:00+10:00
266.875,0.196,1064314800.0,2003-09-23 21:00:00+10:00
266.885417,0.126,1064315700.0,2003-09-23 21:15:00+10:00
266.895833,0.036,1064316600.0,2003-09-23 21:30:00+10:00
266.90625,-0.034,1064317500.0,2003-09-23 21:45:00+10:00
266.916667,-0.114,1064318400.0,2003-09-23 22:00:00+10:00
266.927083,-0.184,1064319300.0,2003-09-23 22:15:00+10:00
266.9375,-0.204,1064320200.0,2003-09-23 22:30:00+10:00
266.947917,-0.334,1064321100.0,2003-09-23 22:45:00+10:00
266.958333,-0.394,1064322000.0,2003-09-23 23:00:00+10:00
266.96875,-0.404,1064322900.0,2003-09-23 23:15:00+10:00
266.979167,-0.434,1064323800.0,2003-09-23 23:30:00+10:00
266.989583,-0.504,1064324700.0,2003-09-23 23:45:00+10:00
267.0,-0.514,1064325600.0,2003-09-24 00:00:00+10:00
267.010417,-0.544,1064326500.0,2003-09-24 00:15:00+10:00
267.020833,-0.564,1064327400.0,2003-09-24 00:30:00+10:00
267.03125,-0.544,1064328300.0,2003-09-24 00:45:00+10:00
267.041667,-0.574,1064329200.0,2003-09-24 01:00:00+10:00
267.052083,-0.564,1064330100.0,2003-09-24 01:15:00+10:00
267.0625,-0.534,1064331000.0,2003-09-24 01:30:00+10:00
267.072917,-0.454,1064331900.0,2003-09-24 01:45:00+10:00
267.083333,-0.494,1064332800.0,2003-09-24 02:00:00+10:00
267.09375,-0.444,1064333700.0,2003-09-24 02:15:00+10:00
267.104167,-0.334,1064334600.0,2003-09-24 02:30:00+10:00
267.114583,-0.404,1064335500.0,2003-09-24 02:45:00+10:00
267.125,-0.194,1064336400.0,2003-09-24 03:00:00+10:00
267.135417,-0.154,1064337300.0,2003-09-24 03:15:00+10:00
267.145833,-0.204,1064338200.0,2003-09-24 03:30:00+10:00
267.15625,-0.044,1064339100.0,2003-09-24 03:45:00+10:00
267.166667,0.006,1064340000.0,2003-09-24 04:00:00+10:00
267.177083,0.056,1064340900.0,2003-09-24 04:15:00+10:00
267.1875,0.116,1064341800.0,2003-09-24 04:30:00+10:00
267.197917,0.176,1064342700.0,2003-09-24 04:45:00+10:00
267.208333,0.216,1064343600.0,2003-09-24 05:00:00+10:00
267.21875,0.296,1064344500.0,2003-09-24 05:15:00+10:00
267.229167,0.346,1064345400.0,2003-09-24 05:30:00+10:00
267.239583,0.316,1064346300.0,2003-09-24 05:45:00+10:00
267.25,0.416,1064347200.0,2003-09-24 06:00:00+10:00
267.260417,0.356,1064348100.0,2003-09-24 06:15:00+10:00
267.270833,0.426,1064349000.0,2003-09-24 06:30:00+10:00
267.28125,0.526,1064349900.0,2003-09-24 06:45:00+10:00
267.291667,0.346,1064350800.0,2003-09-24 07:00:00+10:00
267.302083,0.436,1064351700.0,2003-09-24 07:15:00+10:00
267.3125,0.476,1064352600.0,2003-09-24 07:30:00+10:00
267.322917,0.356,1064353500.0,2003-09-24 07:45:00+10:00
267.333333,0.386,1064354400.0,2003-09-24 08:00:00+10:00
267.34375,0.346,1064355300.0,2003-09-24 08:15:00+10:00
267.354167,0.266,1064356200.0,2003-09-24 08:30:00+10:00
267.364583,0.276,1064357100.0,2003-09-24 08:45:00+10:00
267.375,0.196,1064358000.0,2003-09-24 09:00:00+10:00
267.385417,0.126,1064358900.0,2003-09-24 09:15:00+10:00
267.395833,0.096,1064359800.0,2003-09-24 09:30:00+10:00
267.40625,0.036,1064360700.0,2003-09-24 09:45:00+10:00
267.416667,-0.004,1064361600.0,2003-09-24 10:00:00+10:00
267.427083,-0.114,1064362500.0,2003-09-24 10:15:00+10:00
267.4375,-0.144,1064363400.0,2003-09-24 10:30:00+10:00
267.447917,-0.184,1064364300.0,2003-09-24 10:45:00+10:00
267.458333,-0.234,1064365200.0,2003-09-24 11:00:00+10:00
267.46875,-0.274,1064366100.0,2003-09-24 11:15:00+10:00
267.479167,-0.324,1064367000.0,2003-09-24 11:30:00+10:00
267.489583,-0.344,1064367900.0,2003-09-24 11:45:00+10:00
267.5,-0.384,1064368800.0,2003-09-24 12:00:00+10:00
267.510417,-0.374,1064369700.0,2003-09-24 12:15:00+10:00
267.520833,-0.404,1064370600.0,2003-09-24 12:30:00+10:00
267.53125,-0.414,1064371500.0,2003-09-24 12:45:00+10:00
267.541667,-0.364,1064372400.0,2003-09-24 13:00:00+10:00
267.552083,-0.404,1064373300.0,2003-09-24 13:15:00+10:00
267.5625,-0.344,1064374200.0,2003-09-24 13:30:00+10:00
267.572917,-0.314,1064375100.0,2003-09-24 13:45:00+10:00
267.583333,-0.284,1064376000.0,2003-09-24 14:00:00+10:00
267.59375,-0.194,1064376900.0,2003-09-24 14:15:00+10:00
267.604167,-0.204,1064377800.0,2003-09-24 14:30:00+10:00
267.614583,-0.154,1064378700.0,2003-09-24 14:45:00+10:00
267.625,-0.014,1064379600.0,2003-09-24 15:00:00+10:00
267.635417,0.066,1064380500.0,2003-09-24 15:15:00+10:00
267.645833,0.066,1064381400.0,2003-09-24 15:30:00+10:00
267.65625,0.146,1064382300.0,2003-09-24 15:45:00+10:00
267.666667,0.236,1064383200.0,2003-09-24 16:00:00+10:00
267.677083,0.316,1064384100.0,2003-09-24 16:15:00+10:00
267.6875,0.426,1064385000.0,2003-09-24 16:30:00+10:00
267.697917,0.426,1064385900.0,2003-09-24 16:45:00+10:00
267.708333,0.496,1064386800.0,2003-09-24 17:00:00+10:00
267.71875,0.596,1064387700.0,2003-09-24 17:15:00+10:00
267.729167,0.606,1064388600.0,2003-09-24 17:30:00+10:00
267.739583,0.696,1064389500.0,2003-09-24 17:45:00+10:00
267.75,0.706,1064390400.0,2003-09-24 18:00:00+10:00
267.760417,0.746,1064391300.0,2003-09-24 18:15:00+10:00
267.770833,0.796,1064392200.0,2003-09-24 18:30:00+10:00
267.78125,0.776,1064393100.0,2003-09-24 18:45:00+10:00
267.791667,0.776,1064394000.0,2003-09-24 19:00:00+10:00
267.802083,0.746,1064394900.0,2003-09-24 19:15:00+10:00
267.8125,0.776,1064395800.0,2003-09-24 19:30:00+10:00
267.822917,0.736,1064396700.0,2003-09-24 19:45:00+10:00
267.833333,0.686,1064397600.0,2003-09-24 20:00:00+10:00
267.84375,0.626,1064398500.0,2003-09-24 20:15:00+10:00
267.854167,0.566,1064399400.0,2003-09-24 20:30:00+10:00
267.864583,0.526,1064400300.0,2003-09-24 20:45:00+10:00
267.875,0.436,1064401200.0,2003-09-24 21:00:00+10:00
267.885417,0.356,1064402100.0,2003-09-24 21:15:00+10:00
267.895833,0.266,1064403000.0,2003-09-24 21:30:00+10:00
267.90625,0.186,1064403900.0,2003-09-24 21:45:00+10:00
267.916667,0.126,1064404800.0,2003-09-24 22:00:00+10:00
267.927083,-0.004,1064405700.0,2003-09-24 22:15:00+10:00
267.9375,-0.054,1064406600.0,2003-09-24 22:30:00+10:00
267.947917,-0.184,1064407500.0,2003-09-24 22:45:00+10:00
267.958333,-0.234,1064408400.0,2003-09-24 23:00:00+10:00
267.96875,-0.284,1064409300.0,2003-09-24 23:15:00+10:00
267.979167,-0.384,1064410200.0,2003-09-24 23:30:00+10:00
267.989583,-0.454,1064411100.0,2003-09-24 23:45:00+10:00
268.0,-0.504,1064412000.0,2003-09-25 00:00:00+10:00
268.010417,-0.544,1064412900.0,2003-09-25 00:15:00+10:00
268.020833,-0.594,1064413800.0,2003-09-25 00:30:00+10:00
268.03125,-0.624,1064414700.0,2003-09-25 00:45:00+10:00
268.041667,-0.644,1064415600.0,2003-09-25 01:00:00+10:00
268.052083,-0.654,1064416500.0,2003-09-25 01:15:00+10:00
268.0625,-0.664,1064417400.0,2003-09-25 01:30:00+10:00
268.072917,-0.634,1064418300.0,2003-09-25 01:45:00+10:00
268.083333,-0.624,1064419200.0,2003-09-25 02:00:00+10:00
268.09375,-0.624,1064420100.0,2003-09-25 02:15:00+10:00
268.104167,-0.584,1064421000.0,2003-09-25 02:30:00+10:00
268.114583,-0.514,1064421900.0,2003-09-25 02:45:00+10:00
268.125,-0.464,1064422800.0,2003-09-25 03:00:00+10:00
268.135417,-0.424,1064423700.0,2003-09-25 03:15:00+10:00
268.145833,-0.314,1064424600.0,2003-09-25 03:30:00+10:00
268.15625,-0.274,1064425500.0,2003-09-25 03:45:00+10:00
268.166667,-0.224,1064426400.0,2003-09-25 04:00:00+10:00
268.177083,-0.114,1064427300.0,2003-09-25 04:15:00+10:00
268.1875,-0.024,1064428200.0,2003-09-25 04:30:00+10:00
268.197917,0.016,1064429100.0,2003-09-25 04:45:00+10:00
268.208333,0.096,1064430000.0,2003-09-25 05:00:00+10:00
268.21875,0.176,1064430900.0,2003-09-25 05:15:00+10:00
268.229167,0.246,1064431800.0,2003-09-25 05:30:00+10:00
268.239583,0.306,1064432700.0,2003-09-25 05:45:00+10:00
268.25,0.356,1064433600.0,2003-09-25 06:00:00+10:00
268.260417,0.426,1064434500.0,2003-09-25 06:15:00+10:00
268.270833,0.426,1064435400.0,2003-09-25 06:30:00+10:00
268.28125,0.526,1064436300.0,2003-09-25 06:45:00+10:00
268.291667,0.516,1064437200.0,2003-09-25 07:00:00+10:00
268.302083,0.536,1064438100.0,2003-09-25 07:15:00+10:00
268.3125,0.516,1064439000.0,2003-09-25 07:30:00+10:00
268.322917,0.546,1064439900.0,2003-09-25 07:45:00+10:00
268.333333,0.536,1064440800.0,2003-09-25 08:00:00+10:00
268.34375,0.516,1064441700.0,2003-09-25 08:15:00+10:00
268.354167,0.476,1064442600.0,2003-09-25 08:30:00+10:00
268.364583,0.426,1064443500.0,2003-09-25 08:45:00+10:00
268.375,0.436,1064444400.0,2003-09-25 09:00:00+10:00
268.385417,0.386,1064445300.0,2003-09-25 09:15:00+10:00
268.395833,0.286,1064446200.0,2003-09-25 09:30:00+10:00
268.40625,0.216,1064447100.0,2003-09-25 09:45:00+10:00
268.416667,0.216,1064448000.0,2003-09-25 10:00:00+10:00
268.427083,0.096,1064448900.0,2003-09-25 10:15:00+10:00
268.4375,0.056,1064449800.0,2003-09-25 10:30:00+10:00
268.447917,-0.034,1064450700.0,2003-09-25 10:45:00+10:00
268.458333,-0.124,1064451600.0,2003-09-25 11:00:00+10:00
268.46875,-0.134,1064452500.0,2003-09-25 11:15:00+10:00
268.479167,-0.194,1064453400.0,2003-09-25 11:30:00+10:00
268.489583,-0.274,1064454300.0,2003-09-25 11:45:00+10:00
268.5,-0.324,1064455200.0,2003-09-25 12:00:00+10:00
268.510417,-0.344,1064456100.0,2003-09-25 12:15:00+10:00
268.520833,-0.424,1064457000.0,2003-09-25 12:30:00+10:00
268.53125,-0.384,1064457900.0,2003-09-25 12:45:00+10:00
268.541667,-0.424,1064458800.0,2003-09-25 13:00:00+10:00
268.552083,-0.434,1064459700.0,2003-09-25 13:15:00+10:00
268.5625,-0.444,1064460600.0,2003-09-25 13:30:00+10:00
268.572917,-0.434,1064461500.0,2003-09-25 13:45:00+10:00
268.583333,-0.404,1064462400.0,2003-09-25 14:00:00+10:00
268.59375,-0.394,1064463300.0,2003-09-25 14:15:00+10:00
268.604167,-0.334,1064464200.0,2003-09-25 14:30:00+10:00
268.614583,-0.314,1064465100.0,2003-09-25 14:45:00+10:00
268.625,-0.224,1064466000.0,2003-09-25 15:00:00+10:00
268.635417,-0.204,1064466900.0,2003-09-25 15:15:00+10:00
268.645833,-0.104,1064467800.0,2003-09-25 15:30:00+10:00
268.65625,-0.004,1064468700.0,2003-09-25 15:45:00+10:00
268.666667,-0.004,1064469600.0,2003-09-25 16:00:00+10:00
268.677083,0.136,1064470500.0,2003-09-25 16:15:00+10:00
268.6875,0.186,1064471400.0,2003-09-25 16:30:00+10:00
268.697917,0.306,1064472300.0,2003-09-25 16:45:00+10:00
268.708333,0.356,1064473200.0,2003-09-25 17:00:00+10:00
268.71875,0.396,1064474100.0,2003-09-25 17:15:00+10:00
268.729167,0.526,1064475000.0,2003-09-25 17:30:00+10:00
268.739583,0.586,1064475900.0,2003-09-25 17:45:00+10:00
268.75,0.636,1064476800.0,2003-09-25 18:00:00+10:00
268.760417,0.676,1064477700.0,2003-09-25 18:15:00+10:00
268.770833,0.736,1064478600.0,2003-09-25 18:30:00+10:00
268.78125,0.786,1064479500.0,2003-09-25 18:45:00+10:00
268.791667,0.806,1064480400.0,2003-09-25 19:00:00+10:00
268.802083,0.846,1064481300.0,2003-09-25 19:15:00+10:00
268.8125,0.806,1064482200.0,2003-09-25 19:30:00+10:00
268.822917,0.826,1064483100.0,2003-09-25 19:45:00+10:00
268.833333,0.836,1064484000.0,2003-09-25 20:00:00+10:00
268.84375,0.806,1064484900.0,2003-09-25 20:15:00+10:00
268.854167,0.726,1064485800.0,2003-09-25 20:30:00+10:00
268.864583,0.716,1064486700.0,2003-09-25 20:45:00+10:00
268.875,0.646,1064487600.0,2003-09-25 21:00:00+10:00
268.885417,0.566,1064488500.0,2003-09-25 21:15:00+10:00
268.895833,0.526,1064489400.0,2003-09-25 21:30:00+10:00
268.90625,0.416,1064490300.0,2003-09-25 21:45:00+10:00
268.916667,0.326,1064491200.0,2003-09-25 22:00:00+10:00
268.927083,0.266,1064492100.0,2003-09-25 22:15:00+10:00
268.9375,0.156,1064493000.0,2003-09-25 22:30:00+10:00
268.947917,0.046,1064493900.0,2003-09-25 22:45:00+10:00
268.958333,-0.014,1064494800.0,2003-09-25 23:00:00+10:00
268.96875,-0.104,1064495700.0,2003-09-25 23:15:00+10:00
268.979167,-0.234,1064496600.0,2003-09-25 23:30:00+10:00
268.989583,-0.324,1064497500.0,2003-09-25 23:45:00+10:00
269.0,-0.354,1064498400.0,2003-09-26 00:00:00+10:00
269.010417,-0.424,1064499300.0,2003-09-26 00:15:00+10:00
269.020833,-0.514,1064500200.0,2003-09-26 00:30:00+10:00
269.03125,-0.554,1064501100.0,2003-09-26 00:45:00+10:00
269.041667,-0.694,1064502000.0,2003-09-26 01:00:00+10:00
269.052083,-0.644,1064502900.0,2003-09-26 01:15:00+10:00
269.0625,-0.664,1064503800.0,2003-09-26 01:30:00+10:00
269.072917,-0.744,1064504700.0,2003-09-26 01:45:00+10:00
269.083333,-0.734,1064505600.0,2003-09-26 02:00:00+10:00
269.09375,-0.774,1064506500.0,2003-09-26 02:15:00+10:00
269.104167,-0.674,1064507400.0,2003-09-26 02:30:00+10:00
269.114583,-0.694,1064508300.0,2003-09-26 02:45:00+10:00
269.125,-0.664,1064509200.0,2003-09-26 03:00:00+10:00
269.135417,-0.644,1064510100.0,2003-09-26 03:15:00+10:00
269.145833,-0.594,1064511000.0,2003-09-26 03:30:00+10:00
269.15625,-0.474,1064511900.0,2003-09-26 03:45:00+10:00
269.166667,-0.414,1064512800.0,2003-09-26 04:00:00+10:00
269.177083,-0.394,1064513700.0,2003-09-26 04:15:00+10:00
269.1875,-0.264,1064514600.0,2003-09-26 04:30:00+10:00
269.197917,-0.214,1064515500.0,2003-09-26 04:45:00+10:00
269.208333,-0.104,1064516400.0,2003-09-26 05:00:00+10:00
269.21875,-0.004,1064517300.0,2003-09-26 05:15:00+10:00
269.229167,0.036,1064518200.0,2003-09-26 05:30:00+10:00
269.239583,0.096,1064519100.0,2003-09-26 05:45:00+10:00
269.25,0.226,1064520000.0,2003-09-26 06:00:00+10:00
269.260417,0.316,1064520900.0,2003-09-26 06:15:00+10:00
269.270833,0.326,1064521800.0,2003-09-26 06:30:00+10:00
269.28125,0.416,1064522700.0,2003-09-26 06:45:00+10:00
269.291667,0.436,1064523600.0,2003-09-26 07:00:00+10:00
269.302083,0.486,1064524500.0,2003-09-26 07:15:00+10:00
269.3125,0.566,1064525400.0,2003-09-26 07:30:00+10:00
269.322917,0.566,1064526300.0,2003-09-26 07:45:00+10:00
269.333333,0.566,1064527200.0,2003-09-26 08:00:00+10:00
269.34375,0.566,1064528100.0,2003-09-26 08:15:00+10:00
269.354167,0.596,1064529000.0,2003-09-26 08:30:00+10:00
269.364583,0.566,1064529900.0,2003-09-26 08:45:00+10:00
269.375,0.546,1064530800.0,2003-09-26 09:00:00+10:00
269.385417,0.506,1064531700.0,2003-09-26 09:15:00+10:00
269.395833,0.456,1064532600.0,2003-09-26 09:30:00+10:00
269.40625,0.446,1064533500.0,2003-09-26 09:45:00+10:00
269.416667,0.346,1064534400.0,2003-09-26 10:00:00+10:00
269.427083,0.306,1064535300.0,2003-09-26 10:15:00+10:00
269.4375,0.206,1064536200.0,2003-09-26 10:30:00+10:00
269.447917,0.146,1064537100.0,2003-09-26 10:45:00+10:00
269.458333,0.076,1064538000.0,2003-09-26 11:00:00+10:00
269.46875,-0.034,1064538900.0,2003-09-26 11:15:00+10:00
269.479167,-0.054,1064539800.0,2003-09-26 11:30:00+10:00
269.489583,-0.174,1064540700.0,2003-09-26 11:45:00+10:00
269.5,-0.234,1064541600.0,2003-09-26 12:00:00+10:00
269.510417,-0.284,1064542500.0,2003-09-26 12:15:00+10:00
269.520833,-0.354,1064543400.0,2003-09-26 12:30:00+10:00
269.53125,-0.404,1064544300.0,2003-09-26 12:45:00+10:00
269.541667,-0.464,1064545200.0,2003-09-26 13:00:00+10:00
269.552083,-0.484,1064546100.0,2003-09-26 13:15:00+10:00
269.5625,-0.524,1064547000.0,2003-09-26 13:30:00+10:00
269.572917,-0.554,1064547900.0,2003-09-26 13:45:00+10:00
269.583333,-0.554,1064548800.0,2003-09-26 14:00:00+10:00
269.59375,-0.544,1064549700.0,2003-09-26 14:15:00+10:00
269.604167,-0.534,1064550600.0,2003-09-26 14:30:00+10:00
269.614583,-0.514,1064551500.0,2003-09-26 14:45:00+10:00
269.625,-0.504,1064552400.0,2003-09-26 15:00:00+10:00
269.635417,-0.444,1064553300.0,2003-09-26 15:15:00+10:00
269.645833,-0.394,1064554200.0,2003-09-26 15:30:00+10:00
269.65625,-0.344,1064555100.0,2003-09-26 15:45:00+10:00
269.666667,-0.264,1064556000.0,2003-09-26 16:00:00+10:00
269.677083,-0.214,1064556900.0,2003-09-26 16:15:00+10:00
269.6875,-0.114,1064557800.0,2003-09-26 16:30:00+10:00
269.697917,-0.054,1064558700.0,2003-09-26 16:45:00+10:00
269.708333,0.056,1064559600.0,2003-09-26 17:00:00+10:00
269.71875,0.126,1064560500.0,2003-09-26 17:15:00+10:00
269.729167,0.216,1064561400.0,2003-09-26 17:30:00+10:00
269.739583,0.296,1064562300.0,2003-09-26 17:45:00+10:00
269.75,0.366,1064563200.0,2003-09-26 18:00:00+10:00
269.760417,0.456,1064564100.0,2003-09-26 18:15:00+10:00
269.770833,0.546,1064565000.0,2003-09-26 18:30:00+10:00
269.78125,0.586,1064565900.0,2003-09-26 18:45:00+10:00
269.791667,0.626,1064566800.0,2003-09-26 19:00:00+10:00
269.802083,0.736,1064567700.0,2003-09-26 19:15:00+10:00
269.8125,0.726,1064568600.0,2003-09-26 19:30:00+10:00
269.822917,0.786,1064569500.0,2003-09-26 19:45:00+10:00
269.833333,0.826,1064570400.0,2003-09-26 20:00:00+10:00
269.84375,0.796,1064571300.0,2003-09-26 20:15:00+10:00
269.854167,0.806,1064572200.0,2003-09-26 20:30:00+10:00
269.864583,0.796,1064573100.0,2003-09-26 20:45:00+10:00
269.875,0.776,1064574000.0,2003-09-26 21:00:00+10:00
269.885417,0.726,1064574900.0,2003-09-26 21:15:00+10:00
269.895833,0.696,1064575800.0,2003-09-26 21:30:00+10:00
269.90625,0.616,1064576700.0,2003-09-26 21:45:00+10:00
269.916667,0.546,1064577600.0,2003-09-26 22:00:00+10:00
269.927083,0.496,1064578500.0,2003-09-26 22:15:00+10:00
269.9375,0.366,1064579400.0,2003-09-26 22:30:00+10:00
269.947917,0.316,1064580300.0,2003-09-26 22:45:00+10:00
269.958333,0.206,1064581200.0,2003-09-26 23:00:00+10:00
269.96875,0.106,1064582100.0,2003-09-26 23:15:00+10:00
269.979167,0.026,1064583000.0,2003-09-26 23:30:00+10:00
269.989583,-0.094,1064583900.0,2003-09-26 23:45:00+10:00
270.0,-0.154,1064584800.0,2003-09-27 00:00:00+10:00
270.010417,-0.284,1064585700.0,2003-09-27 00:15:00+10:00
270.020833,-0.324,1064586600.0,2003-09-27 00:30:00+10:00
270.03125,-0.404,1064587500.0,2003-09-27 00:45:00+10:00
270.041667,-0.524,1064588400.0,2003-09-27 01:00:00+10:00
270.052083,-0.554,1064589300.0,2003-09-27 01:15:00+10:00
270.0625,-0.624,1064590200.0,2003-09-27 01:30:00+10:00
270.072917,-0.664,1064591100.0,2003-09-27 01:45:00+10:00
270.083333,-0.704,1064592000.0,2003-09-27 02:00:00+10:00
270.09375,-0.734,1064592900.0,2003-09-27 02:15:00+10:00
270.104167,-0.734,1064593800.0,2003-09-27 02:30:00+10:00
270.114583,-0.754,1064594700.0,2003-09-27 02:45:00+10:00
270.125,-0.744,1064595600.0,2003-09-27 03:00:00+10:00
270.135417,-0.744,1064596500.0,2003-09-27 03:15:00+10:00
270.145833,-0.704,1064597400.0,2003-09-27 03:30:00+10:00
270.15625,-0.694,1064598300.0,2003-09-27 03:45:00+10:00
270.166667,-0.614,1064599200.0,2003-09-27 04:00:00+10:00
270.177083,-0.524,1064600100.0,2003-09-27 04:15:00+10:00
270.1875,-0.464,1064601000.0,2003-09-27 04:30:00+10:00
270.197917,-0.404,1064601900.0,2003-09-27 04:45:00+10:00
270.208333,-0.304,1064602800.0,2003-09-27 05:00:00+10:00
270.21875,-0.224,1064603700.0,2003-09-27 05:15:00+10:00
270.229167,-0.144,1064604600.0,2003-09-27 05:30:00+10:00
270.239583,-0.034,1064605500.0,2003-09-27 05:45:00+10:00
270.25,0.036,1064606400.0,2003-09-27 06:00:00+10:00
270.260417,0.086,1064607300.0,2003-09-27 06:15:00+10:00
270.270833,0.206,1064608200.0,2003-09-27 06:30:00+10:00
270.28125,0.316,1064609100.0,2003-09-27 06:45:00+10:00
270.291667,0.326,1064610000.0,2003-09-27 07:00:00+10:00
270.302083,0.416,1064610900.0,2003-09-27 07:15:00+10:00
270.3125,0.446,1064611800.0,2003-09-27 07:30:00+10:00
270.322917,0.556,1064612700.0,2003-09-27 07:45:00+10:00
270.333333,0.576,1064613600.0,2003-09-27 08:00:00+10:00
270.34375,0.606,1064614500.0,2003-09-27 08:15:00+10:00
270.354167,0.596,1064615400.0,2003-09-27 08:30:00+10:00
270.364583,0.636,1064616300.0,2003-09-27 08:45:00+10:00
270.375,0.656,1064617200.0,2003-09-27 09:00:00+10:00
270.385417,0.626,1064618100.0,2003-09-27 09:15:00+10:00
270.395833,0.616,1064619000.0,2003-09-27 09:30:00+10:00
270.40625,0.536,1064619900.0,2003-09-27 09:45:00+10:00
270.416667,0.546,1064620800.0,2003-09-27 10:00:00+10:00
270.427083,0.496,1064621700.0,2003-09-27 10:15:00+10:00
270.4375,0.386,1064622600.0,2003-09-27 10:30:00+10:00
270.447917,0.356,1064623500.0,2003-09-27 10:45:00+10:00
270.458333,0.266,1064624400.0,2003-09-27 11:00:00+10:00
270.46875,0.176,1064625300.0,2003-09-27 11:15:00+10:00
270.479167,0.106,1064626200.0,2003-09-27 11:30:00+10:00
270.489583,-0.024,1064627100.0,2003-09-27 11:45:00+10:00
270.5,-0.054,1064628000.0,2003-09-27 12:00:00+10:00
270.510417,-0.154,1064628900.0,2003-09-27 12:15:00+10:00
270.520833,-0.244,1064629800.0,2003-09-27 12:30:00+10:00
270.53125,-0.314,1064630700.0,2003-09-27 12:45:00+10:00
270.541667,-0.394,1064631600.0,2003-09-27 13:00:00+10:00
270.552083,-0.474,1064632500.0,2003-09-27 13:15:00+10:00
270.5625,-0.524,1064633400.0,2003-09-27 13:30:00+10:00
270.572917,-0.584,1064634300.0,2003-09-27 13:45:00+10:00
270.583333,-0.624,1064635200.0,2003-09-27 14:00:00+10:00
270.59375,-0.644,1064636100.0,2003-09-27 14:15:00+10:00
270.604167,-0.684,1064637000.0,2003-09-27 14:30:00+10:00
270.614583,-0.714,1064637900.0,2003-09-27 14:45:00+10:00
270.625,-0.704,1064638800.0,2003-09-27 15:00:00+10:00
270.635417,-0.724,1064639700.0,2003-09-27 15:15:00+10:00
270.645833,-0.684,1064640600.0,2003-09-27 15:30:00+10:00
270.65625,-0.614,1064641500.0,2003-09-27 15:45:00+10:00
270.666667,-0.664,1064642400.0,2003-09-27 16:00:00+10:00
270.677083,-0.564,1064643300.0,2003-09-27 16:15:00+10:00
270.6875,-0.494,1064644200.0,2003-09-27 16:30:00+10:00
270.697917,-0.474,1064645100.0,2003-09-27 16:45:00+10:00
270.708333,-0.374,1064646000.0,2003-09-27 17:00:00+10:00
270.71875,-0.314,1064646900.0,2003-09-27 17:15:00+10:00
270.729167,-0.224,1064647800.0,2003-09-27 17:30:00+10:00
270.739583,-0.104,1064648700.0,2003-09-27 17:45:00+10:00
270.75,-0.054,1064649600.0,2003-09-27 18:00:00+10:00
270.760417,0.026,1064650500.0,2003-09-27 18:15:00+10:00
270.770833,0.126,1064651400.0,2003-09-27 18:30:00+10:00
270.78125,0.186,1064652300.0,2003-09-27 18:45:00+10:00
270.791667,0.276,1064653200.0,2003-09-27 19:00:00+10:00
270.802083,0.376,1064654100.0,2003-09-27 19:15:00+10:00
270.8125,0.376,1064655000.0,2003-09-27 19:30:00+10:00
270.822917,0.496,1064655900.0,2003-09-27 19:45:00+10:00
270.833333,0.546,1064656800.0,2003-09-27 20:00:00+10:00
270.84375,0.556,1064657700.0,2003-09-27 20:15:00+10:00
270.854167,0.586,1064658600.0,2003-09-27 20:30:00+10:00
270.864583,0.636,1064659500.0,2003-09-27 20:45:00+10:00
270.875,0.626,1064660400.0,2003-09-27 21:00:00+10:00
270.885417,0.646,1064661300.0,2003-09-27 21:15:00+10:00
270.895833,0.616,1064662200.0,2003-09-27 21:30:00+10:00
270.90625,0.576,1064663100.0,2003-09-27 21:45:00+10:00
270.916667,0.576,1064664000.0,2003-09-27 22:00:00+10:00
270.927083,0.536,1064664900.0,2003-09-27 22:15:00+10:00
270.9375,0.446,1064665800.0,2003-09-27 22:30:00+10:00
270.947917,0.376,1064666700.0,2003-09-27 22:45:00+10:00
270.958333,0.306,1064667600.0,2003-09-27 23:00:00+10:00
270.96875,0.226,1064668500.0,2003-09-27 23:15:00+10:00
270.979167,0.166,1064669400.0,2003-09-27 23:30:00+10:00
270.989583,0.046,1064670300.0,2003-09-27 23:45:00+10:00
271.0,-0.064,1064671200.0,2003-09-28 00:00:00+10:00
271.010417,-0.114,1064672100.0,2003-09-28 00:15:00+10:00
271.020833,-0.204,1064673000.0,2003-09-28 00:30:00+10:00
271.03125,-0.304,1064673900.0,2003-09-28 00:45:00+10:00
271.041667,-0.414,1064674800.0,2003-09-28 01:00:00+10:00
271.052083,-0.484,1064675700.0,2003-09-28 01:15:00+10:00
271.0625,-0.534,1064676600.0,2003-09-28 01:30:00+10:00
271.072917,-0.614,1064677500.0,2003-09-28 01:45:00+10:00
271.083333,-0.684,1064678400.0,2003-09-28 02:00:00+10:00
271.09375,-0.754,1064679300.0,2003-09-28 02:15:00+10:00
271.104167,-0.794,1064680200.0,2003-09-28 02:30:00+10:00
271.114583,-0.774,1064681100.0,2003-09-28 02:45:00+10:00
271.125,-0.844,1064682000.0,2003-09-28 03:00:00+10:00
271.135417,-0.864,1064682900.0,2003-09-28 03:15:00+10:00
271.145833,-0.834,1064683800.0,2003-09-28 03:30:00+10:00
271.15625,-0.824,1064684700.0,2003-09-28 03:45:00+10:00
271.166667,-0.784,1064685600.0,2003-09-28 04:00:00+10:00
271.177083,-0.784,1064686500.0,2003-09-28 04:15:00+10:00
271.1875,-0.734,1064687400.0,2003-09-28 04:30:00+10:00
271.197917,-0.674,1064688300.0,2003-09-28 04:45:00+10:00
271.208333,-0.594,1064689200.0,2003-09-28 05:00:00+10:00
271.21875,-0.514,1064690100.0,2003-09-28 05:15:00+10:00
271.229167,-0.494,1064691000.0,2003-09-28 05:30:00+10:00
271.239583,-0.384,1064691900.0,2003-09-28 05:45:00+10:00
271.25,-0.294,1064692800.0,2003-09-28 06:00:00+10:00
271.260417,-0.194,1064693700.0,2003-09-28 06:15:00+10:00
271.270833,-0.114,1064694600.0,2003-09-28 06:30:00+10:00
271.28125,-0.054,1064695500.0,2003-09-28 06:45:00+10:00
271.291667,0.046,1064696400.0,2003-09-28 07:00:00+10:00
271.302083,0.136,1064697300.0,2003-09-28 07:15:00+10:00
271.3125,0.216,1064698200.0,2003-09-28 07:30:00+10:00
271.322917,0.256,1064699100.0,2003-09-28 07:45:00+10:00
271.333333,0.346,1064700000.0,2003-09-28 08:00:00+10:00
271.34375,0.406,1064700900.0,2003-09-28 08:15:00+10:00
271.354167,0.456,1064701800.0,2003-09-28 08:30:00+10:00
271.364583,0.506,1064702700.0,2003-09-28 08:45:00+10:00
271.375,0.516,1064703600.0,2003-09-28 09:00:00+10:00
271.385417,0.556,1064704500.0,2003-09-28 09:15:00+10:00
271.395833,0.596,1064705400.0,2003-09-28 09:30:00+10:00
271.40625,0.566,1064706300.0,2003-09-28 09:45:00+10:00
271.416667,0.556,1064707200.0,2003-09-28 10:00:00+10:00
271.427083,0.546,1064708100.0,2003-09-28 10:15:00+10:00
271.4375,0.506,1064709000.0,2003-09-28 10:30:00+10:00
271.447917,0.456,1064709900.0,2003-09-28 10:45:00+10:00
271.458333,0.406,1064710800.0,2003-09-28 11:00:00+10:00
271.46875,0.346,1064711700.0,2003-09-28 11:15:00+10:00
271.479167,0.266,1064712600.0,2003-09-28 11:30:00+10:00
271.489583,0.186,1064713500.0,2003-09-28 11:45:00+10:00
271.5,0.096,1064714400.0,2003-09-28 12:00:00+10:00
271.510417,0.006,1064715300.0,2003-09-28 12:15:00+10:00
271.520833,-0.064,1064716200.0,2003-09-28 12:30:00+10:00
271.53125,-0.114,1064717100.0,2003-09-28 12:45:00+10:00
271.541667,-0.244,1064718000.0,2003-09-28 13:00:00+10:00
271.552083,-0.364,1064718900.0,2003-09-28 13:15:00+10:00
271.5625,-0.364,1064719800.0,2003-09-28 13:30:00+10:00
271.572917,-0.474,1064720700.0,2003-09-28 13:45:00+10:00
271.583333,-0.534,1064721600.0,2003-09-28 14:00:00+10:00
271.59375,-0.604,1064722500.0,2003-09-28 14:15:00+10:00
271.604167,-0.684,1064723400.0,2003-09-28 14:30:00+10:00
271.614583,-0.664,1064724300.0,2003-09-28 14:45:00+10:00
271.625,-0.744,1064725200.0,2003-09-28 15:00:00+10:00
271.635417,-0.764,1064726100.0,2003-09-28 15:15:00+10:00
271.645833,-0.774,1064727000.0,2003-09-28 15:30:00+10:00
271.65625,-0.784,1064727900.0,2003-09-28 15:45:00+10:00
271.666667,-0.754,1064728800.0,2003-09-28 16:00:00+10:00
271.677083,-0.764,1064729700.0,2003-09-28 16:15:00+10:00
271.6875,-0.774,1064730600.0,2003-09-28 16:30:00+10:00
271.697917,-0.704,1064731500.0,2003-09-28 16:45:00+10:00
271.708333,-0.634,1064732400.0,2003-09-28 17:00:00+10:00
271.71875,-0.604,1064733300.0,2003-09-28 17:15:00+10:00
271.729167,-0.574,1064734200.0,2003-09-28 17:30:00+10:00
271.739583,-0.484,1064735100.0,2003-09-28 17:45:00+10:00
271.75,-0.394,1064736000.0,2003-09-28 18:00:00+10:00
271.760417,-0.314,1064736900.0,2003-09-28 18:15:00+10:00
271.770833,-0.254,1064737800.0,2003-09-28 18:30:00+10:00
271.78125,-0.174,1064738700.0,2003-09-28 18:45:00+10:00
271.791667,-0.064,1064739600.0,2003-09-28 19:00:00+10:00
271.802083,-0.004,1064740500.0,2003-09-28 19:15:00+10:00
271.8125,0.076,1064741400.0,2003-09-28 19:30:00+10:00
271.822917,0.126,1064742300.0,2003-09-28 19:45:00+10:00
271.833333,0.206,1064743200.0,2003-09-28 20:00:00+10:00
271.84375,0.306,1064744100.0,2003-09-28 20:15:00+10:00
271.854167,0.356,1064745000.0,2003-09-28 20:30:00+10:00
271.864583,0.376,1064745900.0,2003-09-28 20:45:00+10:00
271.875,0.426,1064746800.0,2003-09-28 21:00:00+10:00
271.885417,0.486,1064747700.0,2003-09-28 21:15:00+10:00
271.895833,0.506,1064748600.0,2003-09-28 21:30:00+10:00
271.90625,0.536,1064749500.0,2003-09-28 21:45:00+10:00
271.916667,0.506,1064750400.0,2003-09-28 22:00:00+10:00
271.927083,0.506,1064751300.0,2003-09-28 22:15:00+10:00
271.9375,0.526,1064752200.0,2003-09-28 22:30:00+10:00
271.947917,0.466,1064753100.0,2003-09-28 22:45:00+10:00
271.958333,0.446,1064754000.0,2003-09-28 23:00:00+10:00
271.96875,0.356,1064754900.0,2003-09-28 23:15:00+10:00
271.979167,0.316,1064755800.0,2003-09-28 23:30:00+10:00
271.989583,0.306,1064756700.0,2003-09-28 23:45:00+10:00
272.0,0.166,1064757600.0,2003-09-29 00:00:00+10:00
272.010417,0.106,1064758500.0,2003-09-29 00:15:00+10:00
272.020833,0.056,1064759400.0,2003-09-29 00:30:00+10:00
272.03125,-0.044,1064760300.0,2003-09-29 00:45:00+10:00
272.041667,-0.104,1064761200.0,2003-09-29 01:00:00+10:00
272.052083,-0.204,1064762100.0,2003-09-29 01:15:00+10:00
272.0625,-0.304,1064763000.0,2003-09-29 01:30:00+10:00
272.072917,-0.344,1064763900.0,2003-09-29 01:45:00+10:00
272.083333,-0.384,1064764800.0,2003-09-29 02:00:00+10:00
272.09375,-0.504,1064765700.0,2003-09-29 02:15:00+10:00
272.104167,-0.564,1064766600.0,2003-09-29 02:30:00+10:00
272.114583,-0.574,1064767500.0,2003-09-29 02:45:00+10:00
272.125,-0.654,1064768400.0,2003-09-29 03:00:00+10:00
272.135417,-0.644,1064769300.0,2003-09-29 03:15:00+10:00
272.145833,-0.744,1064770200.0,2003-09-29 03:30:00+10:00
272.15625,-0.724,1064771100.0,2003-09-29 03:45:00+10:00
272.166667,-0.674,1064772000.0,2003-09-29 04:00:00+10:00
272.177083,-0.764,1064772900.0,2003-09-29 04:15:00+10:00
272.1875,-0.724,1064773800.0,2003-09-29 04:30:00+10:00
272.197917,-0.694,1064774700.0,2003-09-29 04:45:00+10:00
272.208333,-0.664,1064775600.0,2003-09-29 05:00:00+10:00
272.21875,-0.614,1064776500.0,2003-09-29 05:15:00+10:00
272.229167,-0.594,1064777400.0,2003-09-29 05:30:00+10:00
272.239583,-0.564,1064778300.0,2003-09-29 05:45:00+10:00
272.25,-0.424,1064779200.0,2003-09-29 06:00:00+10:00
272.260417,-0.374,1064780100.0,2003-09-29 06:15:00+10:00
272.270833,-0.324,1064781000.0,2003-09-29 06:30:00+10:00
272.28125,-0.214,1064781900.0,2003-09-29 06:45:00+10:00
272.291667,-0.164,1064782800.0,2003-09-29 07:00:00+10:00
272.302083,-0.074,1064783700.0,2003-09-29 07:15:00+10:00
272.3125,0.056,1064784600.0,2003-09-29 07:30:00+10:00
272.322917,0.076,1064785500.0,2003-09-29 07:45:00+10:00
272.333333,0.186,1064786400.0,2003-09-29 08:00:00+10:00
272.34375,0.286,1064787300.0,2003-09-29 08:15:00+10:00
272.354167,0.316,1064788200.0,2003-09-29 08:30:00+10:00
272.364583,0.396,1064789100.0,2003-09-29 08:45:00+10:00
272.375,0.456,1064790000.0,2003-09-29 09:00:00+10:00
272.385417,0.506,1064790900.0,2003-09-29 09:15:00+10:00
272.395833,0.576,1064791800.0,2003-09-29 09:30:00+10:00
272.40625,0.586,1064792700.0,2003-09-29 09:45:00+10:00
272.416667,0.576,1064793600.0,2003-09-29 10:00:00+10:00
272.427083,0.646,1064794500.0,2003-09-29 10:15:00+10:00
272.4375,0.616,1064795400.0,2003-09-29 10:30:00+10:00
272.447917,0.606,1064796300.0,2003-09-29 10:45:00+10:00
272.458333,0.586,1064797200.0,2003-09-29 11:00:00+10:00
272.46875,0.536,1064798100.0,2003-09-29 11:15:00+10:00
272.479167,0.566,1064799000.0,2003-09-29 11:30:00+10:00
272.489583,0.436,1064799900.0,2003-09-29 11:45:00+10:00
272.5,0.386,1064800800.0,2003-09-29 12:00:00+10:00
272.510417,0.336,1064801700.0,2003-09-29 12:15:00+10:00
272.520833,0.266,1064802600.0,2003-09-29 12:30:00+10:00
272.53125,0.176,1064803500.0,2003-09-29 12:45:00+10:00
272.541667,0.096,1064804400.0,2003-09-29 13:00:00+10:00
272.552083,0.016,1064805300.0,2003-09-29 13:15:00+10:00
272.5625,-0.094,1064806200.0,2003-09-29 13:30:00+10:00
272.572917,-0.134,1064807100.0,2003-09-29 13:45:00+10:00
272.583333,-0.234,1064808000.0,2003-09-29 14:00:00+10:00
272.59375,-0.334,1064808900.0,2003-09-29 14:15:00+10:00
272.604167,-0.424,1064809800.0,2003-09-29 14:30:00+10:00
272.614583,-0.444,1064810700.0,2003-09-29 14:45:00+10:00
272.625,-0.464,1064811600.0,2003-09-29 15:00:00+10:00
272.635417,-0.634,1064812500.0,2003-09-29 15:15:00+10:00
272.645833,-0.614,1064813400.0,2003-09-29 15:30:00+10:00
272.65625,-0.644,1064814300.0,2003-09-29 15:45:00+10:00
272.666667,-0.744,1064815200.0,2003-09-29 16:00:00+10:00
272.677083,-0.724,1064816100.0,2003-09-29 16:15:00+10:00
272.6875,-0.734,1064817000.0,2003-09-29 16:30:00+10:00
272.697917,-0.784,1064817900.0,2003-09-29 16:45:00+10:00
272.708333,-0.724,1064818800.0,2003-09-29 17:00:00+10:00
272.71875,-0.684,1064819700.0,2003-09-29 17:15:00+10:00
272.729167,-0.774,1064820600.0,2003-09-29 17:30:00+10:00
272.739583,-0.704,1064821500.0,2003-09-29 17:45:00+10:00
272.75,-0.564,1064822400.0,2003-09-29 18:00:00+10:00
272.760417,-0.584,1064823300.0,2003-09-29 18:15:00+10:00
272.770833,-0.524,1064824200.0,2003-09-29 18:30:00+10:00
272.78125,-0.444,1064825100.0,2003-09-29 18:45:00+10:00
272.791667,-0.384,1064826000.0,2003-09-29 19:00:00+10:00
272.802083,-0.324,1064826900.0,2003-09-29 19:15:00+10:00
272.8125,-0.214,1064827800.0,2003-09-29 19:30:00+10:00
272.822917,-0.184,1064828700.0,2003-09-29 19:45:00+10:00
272.833333,-0.104,1064829600.0,2003-09-29 20:00:00+10:00
272.84375,-0.044,1064830500.0,2003-09-29 20:15:00+10:00
272.854167,0.056,1064831400.0,2003-09-29 20:30:00+10:00
272.864583,0.106,1064832300.0,2003-09-29 20:45:00+10:00
272.875,0.146,1064833200.0,2003-09-29 21:00:00+10:00
272.885417,0.236,1064834100.0,2003-09-29 21:15:00+10:00
272.895833,0.266,1064835000.0,2003-09-29 21:30:00+10:00
272.90625,0.336,1064835900.0,2003-09-29 21:45:00+10:00
272.916667,0.366,1064836800.0,2003-09-29 22:00:00+10:00
272.927083,0.366,1064837700.0,2003-09-29 22:15:00+10:00
272.9375,0.416,1064838600.0,2003-09-29 22:30:00+10:00
272.947917,0.436,1064839500.0,2003-09-29 22:45:00+10:00
272.958333,0.416,1064840400.0,2003-09-29 23:00:00+10:00
272.96875,0.396,1064841300.0,2003-09-29 23:15:00+10:00
272.979167,0.396,1064842200.0,2003-09-29 23:30:00+10:00
272.989583,0.346,1064843100.0,2003-09-29 23:45:00+10:00
273.0,0.326,1064844000.0,2003-09-30 00:00:00+10:00
273.010417,0.266,1064844900.0,2003-09-30 00:15:00+10:00
273.020833,0.196,1064845800.0,2003-09-30 00:30:00+10:00
273.03125,0.156,1064846700.0,2003-09-30 00:45:00+10:00
273.041667,0.096,1064847600.0,2003-09-30 01:00:00+10:00
273.052083,0.016,1064848500.0,2003-09-30 01:15:00+10:00
273.0625,-0.064,1064849400.0,2003-09-30 01:30:00+10:00
273.072917,-0.104,1064850300.0,2003-09-30 01:45:00+10:00
273.083333,-0.184,1064851200.0,2003-09-30 02:00:00+10:00
273.09375,-0.254,1064852100.0,2003-09-30 02:15:00+10:00
273.104167,-0.314,1064853000.0,2003-09-30 02:30:00+10:00
273.114583,-0.384,1064853900.0,2003-09-30 02:45:00+10:00
273.125,-0.424,1064854800.0,2003-09-30 03:00:00+10:00
273.135417,-0.504,1064855700.0,2003-09-30 03:15:00+10:00
273.145833,-0.524,1064856600.0,2003-09-30 03:30:00+10:00
273.15625,-0.584,1064857500.0,2003-09-30 03:45:00+10:00
273.166667,-0.614,1064858400.0,2003-09-30 04:00:00+10:00
273.177083,-0.624,1064859300.0,2003-09-30 04:15:00+10:00
273.1875,-0.674,1064860200.0,2003-09-30 04:30:00+10:00
273.197917,-0.674,1064861100.0,2003-09-30 04:45:00+10:00
273.208333,-0.654,1064862000.0,2003-09-30 05:00:00+10:00
273.21875,-0.634,1064862900.0,2003-09-30 05:15:00+10:00
273.229167,-0.644,1064863800.0,2003-09-30 05:30:00+10:00
273.239583,-0.604,1064864700.0,2003-09-30 05:45:00+10:00
273.25,-0.574,1064865600.0,2003-09-30 06:00:00+10:00
273.260417,-0.534,1064866500.0,2003-09-30 06:15:00+10:00
273.270833,-0.454,1064867400.0,2003-09-30 06:30:00+10:00
273.28125,-0.424,1064868300.0,2003-09-30 06:45:00+10:00
273.291667,-0.374,1064869200.0,2003-09-30 07:00:00+10:00
273.302083,-0.264,1064870100.0,2003-09-30 07:15:00+10:00
273.3125,-0.194,1064871000.0,2003-09-30 07:30:00+10:00
273.322917,-0.164,1064871900.0,2003-09-30 07:45:00+10:00
273.333333,-0.074,1064872800.0,2003-09-30 08:00:00+10:00
273.34375,0.016,1064873700.0,2003-09-30 08:15:00+10:00
273.354167,0.096,1064874600.0,2003-09-30 08:30:00+10:00
273.364583,0.176,1064875500.0,2003-09-30 08:45:00+10:00
273.375,0.196,1064876400.0,2003-09-30 09:00:00+10:00
273.385417,0.306,1064877300.0,2003-09-30 09:15:00+10:00
273.395833,0.346,1064878200.0,2003-09-30 09:30:00+10:00
273.40625,0.416,1064879100.0,2003-09-30 09:45:00+10:00
273.416667,0.456,1064880000.0,2003-09-30 10:00:00+10:00
273.427083,0.486,1064880900.0,2003-09-30 10:15:00+10:00
273.4375,0.526,1064881800.0,2003-09-30 10:30:00+10:00
273.447917,0.576,1064882700.0,2003-09-30 10:45:00+10:00
273.458333,0.566,1064883600.0,2003-09-30 11:00:00+10:00
273.46875,0.546,1064884500.0,2003-09-30 11:15:00+10:00
273.479167,0.566,1064885400.0,2003-09-30 11:30:00+10:00
273.489583,0.546,1064886300.0,2003-09-30 11:45:00+10:00
273.5,0.516,1064887200.0,2003-09-30 12:00:00+10:00
273.510417,0.466,1064888100.0,2003-09-30 12:15:00+10:00
273.520833,0.396,1064889000.0,2003-09-30 12:30:00+10:00
273.53125,0.346,1064889900.0,2003-09-30 12:45:00+10:00
273.541667,0.316,1064890800.0,2003-09-30 13:00:00+10:00
273.552083,0.206,1064891700.0,2003-09-30 13:15:00+10:00
273.5625,0.116,1064892600.0,2003-09-30 13:30:00+10:00
273.572917,0.056,1064893500.0,2003-09-30 13:45:00+10:00
273.583333,0.006,1064894400.0,2003-09-30 14:00:00+10:00
273.59375,-0.074,1064895300.0,2003-09-30 14:15:00+10:00
273.604167,-0.164,1064896200.0,2003-09-30 14:30:00+10:00
273.614583,-0.264,1064897100.0,2003-09-30 14:45:00+10:00
273.625,-0.324,1064898000.0,2003-09-30 15:00:00+10:00
273.635417,-0.364,1064898900.0,2003-09-30 15:15:00+10:00
273.645833,-0.464,1064899800.0,2003-09-30 15:30:00+10:00
273.65625,-0.514,1064900700.0,2003-09-30 15:45:00+10:00
273.666667,-0.594,1064901600.0,2003-09-30 16:00:00+10:00
273.677083,-0.664,1064902500.0,2003-09-30 16:15:00+10:00
273.6875,-0.684,1064903400.0,2003-09-30 16:30:00+10:00
273.697917,-0.744,1064904300.0,2003-09-30 16:45:00+10:00
273.708333,-0.774,1064905200.0,2003-09-30 17:00:00+10:00
273.71875,-0.814,1064906100.0,2003-09-30 17:15:00+10:00
273.729167,-0.814,1064907000.0,2003-09-30 17:30:00+10:00
273.739583,-0.824,1064907900.0,2003-09-30 17:45:00+10:00
273.75,-0.844,1064908800.0,2003-09-30 18:00:00+10:00
273.760417,-0.834,1064909700.0,2003-09-30 18:15:00+10:00
273.770833,-0.784,1064910600.0,2003-09-30 18:30:00+10:00
273.78125,-0.764,1064911500.0,2003-09-30 18:45:00+10:00
273.791667,-0.754,1064912400.0,2003-09-30 19:00:00+10:00
273.802083,-0.674,1064913300.0,2003-09-30 19:15:00+10:00
273.8125,-0.634,1064914200.0,2003-09-30 19:30:00+10:00
273.822917,-0.584,1064915100.0,2003-09-30 19:45:00+10:00
273.833333,-0.544,1064916000.0,2003-09-30 20:00:00+10:00
273.84375,-0.484,1064916900.0,2003-09-30 20:15:00+10:00
273.854167,-0.384,1064917800.0,2003-09-30 20:30:00+10:00
273.864583,-0.364,1064918700.0,2003-09-30 20:45:00+10:00
273.875,-0.314,1064919600.0,2003-09-30 21:00:00+10:00
273.885417,-0.204,1064920500.0,2003-09-30 21:15:00+10:00
273.895833,-0.164,1064921400.0,2003-09-30 21:30:00+10:00
273.90625,-0.104,1064922300.0,2003-09-30 21:45:00+10:00
273.916667,-0.044,1064923200.0,2003-09-30 22:00:00+10:00
273.927083,-0.024,1064924100.0,2003-09-30 22:15:00+10:00
273.9375,0.046,1064925000.0,2003-09-30 22:30:00+10:00
273.947917,0.106,1064925900.0,2003-09-30 22:45:00+10:00
273.958333,0.126,1064926800.0,2003-09-30 23:00:00+10:00
273.96875,0.146,1064927700.0,2003-09-30 23:15:00+10:00
273.979167,0.156,1064928600.0,2003-09-30 23:30:00+10:00
273.989583,0.166,1064929500.0,2003-09-30 23:45:00+10:00
274.0,0.206,1064930400.0,2003-10-01 00:00:00+10:00
274.010417,0.176,1064931300.0,2003-10-01 00:15:00+10:00
274.020833,0.126,1064932200.0,2003-10-01 00:30:00+10:00
274.03125,0.136,1064933100.0,2003-10-01 00:45:00+10:00
274.041667,0.096,1064934000.0,2003-10-01 01:00:00+10:00
274.052083,0.076,1064934900.0,2003-10-01 01:15:00+10:00
274.0625,0.036,1064935800.0,2003-10-01 01:30:00+10:00
274.072917,-0.054,1064936700.0,2003-10-01 01:45:00+10:00
274.083333,-0.074,1064937600.0,2003-10-01 02:00:00+10:00
274.09375,-0.074,1064938500.0,2003-10-01 02:15:00+10:00
274.104167,-0.174,1064939400.0,2003-10-01 02:30:00+10:00
274.114583,-0.244,1064940300.0,2003-10-01 02:45:00+10:00
274.125,-0.264,1064941200.0,2003-10-01 03:00:00+10:00
274.135417,-0.294,1064942100.0,2003-10-01 03:15:00+10:00
274.145833,-0.364,1064943000.0,2003-10-01 03:30:00+10:00
274.15625,-0.414,1064943900.0,2003-10-01 03:45:00+10:00
274.166667,-0.484,1064944800.0,2003-10-01 04:00:00+10:00
274.177083,-0.454,1064945700.0,2003-10-01 04:15:00+10:00
274.1875,-0.494,1064946600.0,2003-10-01 04:30:00+10:00
274.197917,-0.584,1064947500.0,2003-10-01 04:45:00+10:00
274.208333,-0.544,1064948400.0,2003-10-01 05:00:00+10:00
274.21875,-0.574,1064949300.0,2003-10-01 05:15:00+10:00
274.229167,-0.564,1064950200.0,2003-10-01 05:30:00+10:00
274.239583,-0.554,1064951100.0,2003-10-01 05:45:00+10:00
274.25,-0.584,1064952000.0,2003-10-01 06:00:00+10:00
274.260417,-0.534,1064952900.0,2003-10-01 06:15:00+10:00
274.270833,-0.494,1064953800.0,2003-10-01 06:30:00+10:00
274.28125,-0.494,1064954700.0,2003-10-01 06:45:00+10:00
274.291667,-0.454,1064955600.0,2003-10-01 07:00:00+10:00
274.302083,-0.384,1064956500.0,2003-10-01 07:15:00+10:00
274.3125,-0.324,1064957400.0,2003-10-01 07:30:00+10:00
274.322917,-0.254,1064958300.0,2003-10-01 07:45:00+10:00
274.333333,-0.224,1064959200.0,2003-10-01 08:00:00+10:00
274.34375,-0.174,1064960100.0,2003-10-01 08:15:00+10:00
274.354167,-0.074,1064961000.0,2003-10-01 08:30:00+10:00
274.364583,-0.024,1064961900.0,2003-10-01 08:45:00+10:00
274.375,0.056,1064962800.0,2003-10-01 09:00:00+10:00
274.385417,0.156,1064963700.0,2003-10-01 09:15:00+10:00
274.395833,0.146,1064964600.0,2003-10-01 09:30:00+10:00
274.40625,0.266,1064965500.0,2003-10-01 09:45:00+10:00
274.416667,0.326,1064966400.0,2003-10-01 10:00:00+10:00
274.427083,0.356,1064967300.0,2003-10-01 10:15:00+10:00
274.4375,0.436,1064968200.0,2003-10-01 10:30:00+10:00
274.447917,0.456,1064969100.0,2003-10-01 10:45:00+10:00
274.458333,0.486,1064970000.0,2003-10-01 11:00:00+10:00
274.46875,0.516,1064970900.0,2003-10-01 11:15:00+10:00
274.479167,0.606,1064971800.0,2003-10-01 11:30:00+10:00
274.489583,0.576,1064972700.0,2003-10-01 11:45:00+10:00
274.5,0.586,1064973600.0,2003-10-01 12:00:00+10:00
274.510417,0.576,1064974500.0,2003-10-01 12:15:00+10:00
274.520833,0.546,1064975400.0,2003-10-01 12:30:00+10:00
274.53125,0.596,1064976300.0,2003-10-01 12:45:00+10:00
274.541667,0.546,1064977200.0,2003-10-01 13:00:00+10:00
274.552083,0.486,1064978100.0,2003-10-01 13:15:00+10:00
274.5625,0.436,1064979000.0,2003-10-01 13:30:00+10:00
274.572917,0.376,1064979900.0,2003-10-01 13:45:00+10:00
274.583333,0.376,1064980800.0,2003-10-01 14:00:00+10:00
274.59375,0.266,1064981700.0,2003-10-01 14:15:00+10:00
274.604167,0.206,1064982600.0,2003-10-01 14:30:00+10:00
274.614583,0.146,1064983500.0,2003-10-01 14:45:00+10:00
274.625,0.036,1064984400.0,2003-10-01 15:00:00+10:00
274.635417,0.046,1064985300.0,2003-10-01 15:15:00+10:00
274.645833,-0.064,1064986200.0,2003-10-01 15:30:00+10:00
274.65625,-0.174,1064987100.0,2003-10-01 15:45:00+10:00
274.666667,-0.174,1064988000.0,2003-10-01 16:00:00+10:00
274.677083,-0.274,1064988900.0,2003-10-01 16:15:00+10:00
274.6875,-0.344,1064989800.0,2003-10-01 16:30:00+10:00
274.697917,-0.404,1064990700.0,2003-10-01 16:45:00+10:00
274.708333,-0.444,1064991600.0,2003-10-01 17:00:00+10:00
274.71875,-0.504,1064992500.0,2003-10-01 17:15:00+10:00
274.729167,-0.524,1064993400.0,2003-10-01 17:30:00+10:00
274.739583,-0.604,1064994300.0,2003-10-01 17:45:00+10:00
274.75,-0.644,1064995200.0,2003-10-01 18:00:00+10:00
274.760417,-0.624,1064996100.0,2003-10-01 18:15:00+10:00
274.770833,-0.644,1064997000.0,2003-10-01 18:30:00+10:00
274.78125,-0.664,1064997900.0,2003-10-01 18:45:00+10:00
274.791667,-0.674,1064998800.0,2003-10-01 19:00:00+10:00
274.802083,-0.664,1064999700.0,2003-10-01 19:15:00+10:00
274.8125,-0.634,1065000600.0,2003-10-01 19:30:00+10:00
274.822917,-0.584,1065001500.0,2003-10-01 19:45:00+10:00
274.833333,-0.594,1065002400.0,2003-10-01 20:00:00+10:00
274.84375,-0.594,1065003300.0,2003-10-01 20:15:00+10:00
274.854167,-0.494,1065004200.0,2003-10-01 20:30:00+10:00
274.864583,-0.464,1065005100.0,2003-10-01 20:45:00+10:00
274.875,-0.424,1065006000.0,2003-10-01 21:00:00+10:00
274.885417,-0.394,1065006900.0,2003-10-01 21:15:00+10:00
274.895833,-0.334,1065007800.0,2003-10-01 21:30:00+10:00
274.90625,-0.274,1065008700.0,2003-10-01 21:45:00+10:00
274.916667,-0.204,1065009600.0,2003-10-01 22:00:00+10:00
274.927083,-0.114,1065010500.0,2003-10-01 22:15:00+10:00
274.9375,-0.144,1065011400.0,2003-10-01 22:30:00+10:00
274.947917,-0.074,1065012300.0,2003-10-01 22:45:00+10:00
274.958333,0.016,1065013200.0,2003-10-01 23:00:00+10:00
274.96875,0.046,1065014100.0,2003-10-01 23:15:00+10:00
274.979167,0.106,1065015000.0,2003-10-01 23:30:00+10:00
274.989583,0.116,1065015900.0,2003-10-01 23:45:00+10:00
275.0,0.136,1065016800.0,2003-10-02 00:00:00+10:00
275.010417,0.226,1065017700.0,2003-10-02 00:15:00+10:00
275.020833,0.226,1065018600.0,2003-10-02 00:30:00+10:00
275.03125,0.216,1065019500.0,2003-10-02 00:45:00+10:00
275.041667,0.226,1065020400.0,2003-10-02 01:00:00+10:00
275.052083,0.216,1065021300.0,2003-10-02 01:15:00+10:00
275.0625,0.236,1065022200.0,2003-10-02 01:30:00+10:00
275.072917,0.236,1065023100.0,2003-10-02 01:45:00+10:00
275.083333,0.226,1065024000.0,2003-10-02 02:00:00+10:00
275.09375,0.156,1065024900.0,2003-10-02 02:15:00+10:00
275.104167,0.156,1065025800.0,2003-10-02 02:30:00+10:00
275.114583,0.156,1065026700.0,2003-10-02 02:45:00+10:00
275.125,0.106,1065027600.0,2003-10-02 03:00:00+10:00
275.135417,0.056,1065028500.0,2003-10-02 03:15:00+10:00
275.145833,0.026,1065029400.0,2003-10-02 03:30:00+10:00
275.15625,0.006,1065030300.0,2003-10-02 03:45:00+10:00
275.166667,-0.024,1065031200.0,2003-10-02 04:00:00+10:00
275.177083,-0.074,1065032100.0,2003-10-02 04:15:00+10:00
275.1875,-0.104,1065033000.0,2003-10-02 04:30:00+10:00
275.197917,-0.154,1065033900.0,2003-10-02 04:45:00+10:00
275.208333,-0.174,1065034800.0,2003-10-02 05:00:00+10:00
275.21875,-0.184,1065035700.0,2003-10-02 05:15:00+10:00
275.229167,-0.214,1065036600.0,2003-10-02 05:30:00+10:00
275.239583,-0.264,1065037500.0,2003-10-02 05:45:00+10:00
275.25,-0.274,1065038400.0,2003-10-02 06:00:00+10:00
275.260417,-0.254,1065039300.0,2003-10-02 06:15:00+10:00
275.270833,-0.264,1065040200.0,2003-10-02 06:30:00+10:00
275.28125,-0.254,1065041100.0,2003-10-02 06:45:00+10:00
275.291667,-0.244,1065042000.0,2003-10-02 07:00:00+10:00
275.302083,-0.244,1065042900.0,2003-10-02 07:15:00+10:00
275.3125,-0.224,1065043800.0,2003-10-02 07:30:00+10:00
275.322917,-0.144,1065044700.0,2003-10-02 07:45:00+10:00
275.333333,-0.154,1065045600.0,2003-10-02 08:00:00+10:00
275.34375,-0.104,1065046500.0,2003-10-02 08:15:00+10:00
275.354167,-0.084,1065047400.0,2003-10-02 08:30:00+10:00
275.364583,-0.024,1065048300.0,2003-10-02 08:45:00+10:00
275.375,0.076,1065049200.0,2003-10-02 09:00:00+10:00
275.385417,0.066,1065050100.0,2003-10-02 09:15:00+10:00
275.395833,0.126,1065051000.0,2003-10-02 09:30:00+10:00
275.40625,0.186,1065051900.0,2003-10-02 09:45:00+10:00
275.416667,0.236,1065052800.0,2003-10-02 10:00:00+10:00
275.427083,0.326,1065053700.0,2003-10-02 10:15:00+10:00
275.4375,0.336,1065054600.0,2003-10-02 10:30:00+10:00
275.447917,0.366,1065055500.0,2003-10-02 10:45:00+10:00
275.458333,0.456,1065056400.0,2003-10-02 11:00:00+10:00
275.46875,0.516,1065057300.0,2003-10-02 11:15:00+10:00
275.479167,0.556,1065058200.0,2003-10-02 11:30:00+10:00
275.489583,0.566,1065059100.0,2003-10-02 11:45:00+10:00
275.5,0.566,1065060000.0,2003-10-02 12:00:00+10:00
275.510417,0.666,1065060900.0,2003-10-02 12:15:00+10:00
275.520833,0.666,1065061800.0,2003-10-02 12:30:00+10:00
275.53125,0.646,1065062700.0,2003-10-02 12:45:00+10:00
275.541667,0.666,1065063600.0,2003-10-02 13:00:00+10:00
275.552083,0.676,1065064500.0,2003-10-02 13:15:00+10:00
275.5625,0.656,1065065400.0,2003-10-02 13:30:00+10:00
275.572917,0.646,1065066300.0,2003-10-02 13:45:00+10:00
275.583333,0.606,1065067200.0,2003-10-02 14:00:00+10:00
275.59375,0.576,1065068100.0,2003-10-02 14:15:00+10:00
275.604167,0.536,1065069000.0,2003-10-02 14:30:00+10:00
275.614583,0.496,1065069900.0,2003-10-02 14:45:00+10:00
275.625,0.436,1065070800.0,2003-10-02 15:00:00+10:00
275.635417,0.386,1065071700.0,2003-10-02 15:15:00+10:00
275.645833,0.316,1065072600.0,2003-10-02 15:30:00+10:00
275.65625,0.266,1065073500.0,2003-10-02 15:45:00+10:00
275.666667,0.206,1065074400.0,2003-10-02 16:00:00+10:00
275.677083,0.106,1065075300.0,2003-10-02 16:15:00+10:00
275.6875,0.106,1065076200.0,2003-10-02 16:30:00+10:00
275.697917,0.006,1065077100.0,2003-10-02 16:45:00+10:00
275.708333,-0.104,1065078000.0,2003-10-02 17:00:00+10:00
275.71875,-0.114,1065078900.0,2003-10-02 17:15:00+10:00
275.729167,-0.194,1065079800.0,2003-10-02 17:30:00+10:00
275.739583,-0.254,1065080700.0,2003-10-02 17:45:00+10:00
275.75,-0.304,1065081600.0,2003-10-02 18:00:00+10:00
275.760417,-0.414,1065082500.0,2003-10-02 18:15:00+10:00
275.770833,-0.434,1065083400.0,2003-10-02 18:30:00+10:00
275.78125,-0.434,1065084300.0,2003-10-02 18:45:00+10:00
275.791667,-0.524,1065085200.0,2003-10-02 19:00:00+10:00
275.802083,-0.554,1065086100.0,2003-10-02 19:15:00+10:00
275.8125,-0.584,1065087000.0,2003-10-02 19:30:00+10:00
275.822917,-0.574,1065087900.0,2003-10-02 19:45:00+10:00
275.833333,-0.594,1065088800.0,2003-10-02 20:00:00+10:00
275.84375,-0.624,1065089700.0,2003-10-02 20:15:00+10:00
275.854167,-0.634,1065090600.0,2003-10-02 20:30:00+10:00
275.864583,-0.594,1065091500.0,2003-10-02 20:45:00+10:00
275.875,-0.584,1065092400.0,2003-10-02 21:00:00+10:00
275.885417,-0.594,1065093300.0,2003-10-02 21:15:00+10:00
275.895833,-0.564,1065094200.0,2003-10-02 21:30:00+10:00
275.90625,-0.544,1065095100.0,2003-10-02 21:45:00+10:00
275.916667,-0.464,1065096000.0,2003-10-02 22:00:00+10:00
275.927083,-0.444,1065096900.0,2003-10-02 22:15:00+10:00
275.9375,-0.464,1065097800.0,2003-10-02 22:30:00+10:00
275.947917,-0.384,1065098700.0,2003-10-02 22:45:00+10:00
275.958333,-0.304,1065099600.0,2003-10-02 23:00:00+10:00
275.96875,-0.284,1065100500.0,2003-10-02 23:15:00+10:00
275.979167,-0.234,1065101400.0,2003-10-02 23:30:00+10:00
275.989583,-0.214,1065102300.0,2003-10-02 23:45:00+10:00
276.0,-0.184,1065103200.0,2003-10-03 00:00:00+10:00
276.010417,-0.094,1065104100.0,2003-10-03 00:15:00+10:00
276.020833,-0.054,1065105000.0,2003-10-03 00:30:00+10:00
276.03125,-0.064,1065105900.0,2003-10-03 00:45:00+10:00
276.041667,-0.044,1065106800.0,2003-10-03 01:00:00+10:00
276.052083,-0.004,1065107700.0,2003-10-03 01:15:00+10:00
276.0625,0.066,1065108600.0,2003-10-03 01:30:00+10:00
276.072917,0.056,1065109500.0,2003-10-03 01:45:00+10:00
276.083333,0.026,1065110400.0,2003-10-03 02:00:00+10:00
276.09375,0.046,1065111300.0,2003-10-03 02:15:00+10:00
276.104167,0.046,1065112200.0,2003-10-03 02:30:00+10:00
276.114583,0.086,1065113100.0,2003-10-03 02:45:00+10:00
276.125,0.066,1065114000.0,2003-10-03 03:00:00+10:00
276.135417,-0.014,1065114900.0,2003-10-03 03:15:00+10:00
276.145833,-0.014,1065115800.0,2003-10-03 03:30:00+10:00
276.15625,0.016,1065116700.0,2003-10-03 03:45:00+10:00
276.166667,-0.044,1065117600.0,2003-10-03 04:00:00+10:00
276.177083,-0.074,1065118500.0,2003-10-03 04:15:00+10:00
276.1875,-0.094,1065119400.0,2003-10-03 04:30:00+10:00
276.197917,-0.144,1065120300.0,2003-10-03 04:45:00+10:00
276.208333,-0.144,1065121200.0,2003-10-03 05:00:00+10:00
276.21875,-0.164,1065122100.0,2003-10-03 05:15:00+10:00
276.229167,-0.254,1065123000.0,2003-10-03 05:30:00+10:00
276.239583,-0.244,1065123900.0,2003-10-03 05:45:00+10:00
276.25,-0.254,1065124800.0,2003-10-03 06:00:00+10:00
276.260417,-0.294,1065125700.0,2003-10-03 06:15:00+10:00
276.270833,-0.324,1065126600.0,2003-10-03 06:30:00+10:00
276.28125,-0.344,1065127500.0,2003-10-03 06:45:00+10:00
276.291667,-0.364,1065128400.0,2003-10-03 07:00:00+10:00
276.302083,-0.354,1065129300.0,2003-10-03 07:15:00+10:00
276.3125,-0.374,1065130200.0,2003-10-03 07:30:00+10:00
276.322917,-0.354,1065131100.0,2003-10-03 07:45:00+10:00
276.333333,-0.364,1065132000.0,2003-10-03 08:00:00+10:00
276.34375,-0.354,1065132900.0,2003-10-03 08:15:00+10:00
276.354167,-0.304,1065133800.0,2003-10-03 08:30:00+10:00
276.364583,-0.314,1065134700.0,2003-10-03 08:45:00+10:00
276.375,-0.284,1065135600.0,2003-10-03 09:00:00+10:00
276.385417,-0.244,1065136500.0,2003-10-03 09:15:00+10:00
276.395833,-0.214,1065137400.0,2003-10-03 09:30:00+10:00
276.40625,-0.164,1065138300.0,2003-10-03 09:45:00+10:00
276.416667,-0.144,1065139200.0,2003-10-03 10:00:00+10:00
276.427083,-0.104,1065140100.0,2003-10-03 10:15:00+10:00
276.4375,-0.044,1065141000.0,2003-10-03 10:30:00+10:00
276.447917,0.006,1065141900.0,2003-10-03 10:45:00+10:00
276.458333,0.036,1065142800.0,2003-10-03 11:00:00+10:00
276.46875,0.086,1065143700.0,2003-10-03 11:15:00+10:00
276.479167,0.136,1065144600.0,2003-10-03 11:30:00+10:00
276.489583,0.186,1065145500.0,2003-10-03 11:45:00+10:00
276.5,0.236,1065146400.0,2003-10-03 12:00:00+10:00
276.510417,0.286,1065147300.0,2003-10-03 12:15:00+10:00
276.520833,0.306,1065148200.0,2003-10-03 12:30:00+10:00
276.53125,0.346,1065149100.0,2003-10-03 12:45:00+10:00
276.541667,0.386,1065150000.0,2003-10-03 13:00:00+10:00
276.552083,0.396,1065150900.0,2003-10-03 13:15:00+10:00
276.5625,0.416,1065151800.0,2003-10-03 13:30:00+10:00
276.572917,0.446,1065152700.0,2003-10-03 13:45:00+10:00
276.583333,0.456,1065153600.0,2003-10-03 14:00:00+10:00
276.59375,0.446,1065154500.0,2003-10-03 14:15:00+10:00
276.604167,0.436,1065155400.0,2003-10-03 14:30:00+10:00
276.614583,0.416,1065156300.0,2003-10-03 14:45:00+10:00
276.625,0.406,1065157200.0,2003-10-03 15:00:00+10:00
276.635417,0.406,1065158100.0,2003-10-03 15:15:00+10:00
276.645833,0.336,1065159000.0,2003-10-03 15:30:00+10:00
276.65625,0.296,1065159900.0,2003-10-03 15:45:00+10:00
276.666667,0.276,1065160800.0,2003-10-03 16:00:00+10:00
276.677083,0.226,1065161700.0,2003-10-03 16:15:00+10:00
276.6875,0.176,1065162600.0,2003-10-03 16:30:00+10:00
276.697917,0.096,1065163500.0,2003-10-03 16:45:00+10:00
276.708333,0.056,1065164400.0,2003-10-03 17:00:00+10:00
276.71875,-0.014,1065165300.0,2003-10-03 17:15:00+10:00
276.729167,-0.064,1065166200.0,2003-10-03 17:30:00+10:00
276.739583,-0.124,1065167100.0,2003-10-03 17:45:00+10:00
276.75,-0.214,1065168000.0,2003-10-03 18:00:00+10:00
276.760417,-0.284,1065168900.0,2003-10-03 18:15:00+10:00
276.770833,-0.324,1065169800.0,2003-10-03 18:30:00+10:00
276.78125,-0.374,1065170700.0,2003-10-03 18:45:00+10:00
276.791667,-0.464,1065171600.0,2003-10-03 19:00:00+10:00
276.802083,-0.504,1065172500.0,2003-10-03 19:15:00+10:00
276.8125,-0.564,1065173400.0,2003-10-03 19:30:00+10:00
276.822917,-0.624,1065174300.0,2003-10-03 19:45:00+10:00
276.833333,-0.614,1065175200.0,2003-10-03 20:00:00+10:00
276.84375,-0.684,1065176100.0,2003-10-03 20:15:00+10:00
276.854167,-0.754,1065177000.0,2003-10-03 20:30:00+10:00
276.864583,-0.714,1065177900.0,2003-10-03 20:45:00+10:00
276.875,-0.754,1065178800.0,2003-10-03 21:00:00+10:00
276.885417,-0.774,1065179700.0,2003-10-03 21:15:00+10:00
276.895833,-0.764,1065180600.0,2003-10-03 21:30:00+10:00
276.90625,-0.774,1065181500.0,2003-10-03 21:45:00+10:00
276.916667,-0.774,1065182400.0,2003-10-03 22:00:00+10:00
276.927083,-0.734,1065183300.0,2003-10-03 22:15:00+10:00
276.9375,-0.724,1065184200.0,2003-10-03 22:30:00+10:00
276.947917,-0.714,1065185100.0,2003-10-03 22:45:00+10:00
276.958333,-0.674,1065186000.0,2003-10-03 23:00:00+10:00
276.96875,-0.644,1065186900.0,2003-10-03 23:15:00+10:00
276.979167,-0.604,1065187800.0,2003-10-03 23:30:00+10:00
276.989583,-0.584,1065188700.0,2003-10-03 23:45:00+10:00
277.0,-0.524,1065189600.0,2003-10-04 00:00:00+10:00
277.010417,-0.464,1065190500.0,2003-10-04 00:15:00+10:00
277.020833,-0.444,1065191400.0,2003-10-04 00:30:00+10:00
277.03125,-0.424,1065192300.0,2003-10-04 00:45:00+10:00
277.041667,-0.334,1065193200.0,2003-10-04 01:00:00+10:00
277.052083,-0.324,1065194100.0,2003-10-04 01:15:00+10:00
277.0625,-0.264,1065195000.0,2003-10-04 01:30:00+10:00
277.072917,-0.224,1065195900.0,2003-10-04 01:45:00+10:00
277.083333,-0.224,1065196800.0,2003-10-04 02:00:00+10:00
277.09375,-0.164,1065197700.0,2003-10-04 02:15:00+10:00
277.104167,-0.114,1065198600.0,2003-10-04 02:30:00+10:00
277.114583,-0.134,1065199500.0,2003-10-04 02:45:00+10:00
277.125,-0.094,1065200400.0,2003-10-04 03:00:00+10:00
277.135417,-0.084,1065201300.0,2003-10-04 03:15:00+10:00
277.145833,-0.094,1065202200.0,2003-10-04 03:30:00+10:00
277.15625,-0.074,1065203100.0,2003-10-04 03:45:00+10:00
277.166667,-0.074,1065204000.0,2003-10-04 04:00:00+10:00
277.177083,-0.114,1065204900.0,2003-10-04 04:15:00+10:00
277.1875,-0.074,1065205800.0,2003-10-04 04:30:00+10:00
277.197917,-0.104,1065206700.0,2003-10-04 04:45:00+10:00
277.208333,-0.164,1065207600.0,2003-10-04 05:00:00+10:00
277.21875,-0.144,1065208500.0,2003-10-04 05:15:00+10:00
277.229167,-0.184,1065209400.0,2003-10-04 05:30:00+10:00
277.239583,-0.224,1065210300.0,2003-10-04 05:45:00+10:00
277.25,-0.234,1065211200.0,2003-10-04 06:00:00+10:00
277.260417,-0.264,1065212100.0,2003-10-04 06:15:00+10:00
277.270833,-0.324,1065213000.0,2003-10-04 06:30:00+10:00
277.28125,-0.344,1065213900.0,2003-10-04 06:45:00+10:00
277.291667,-0.344,1065214800.0,2003-10-04 07:00:00+10:00
277.302083,-0.394,1065215700.0,2003-10-04 07:15:00+10:00
277.3125,-0.434,1065216600.0,2003-10-04 07:30:00+10:00
277.322917,-0.444,1065217500.0,2003-10-04 07:45:00+10:00
277.333333,-0.444,1065218400.0,2003-10-04 08:00:00+10:00
277.34375,-0.474,1065219300.0,2003-10-04 08:15:00+10:00
277.354167,-0.504,1065220200.0,2003-10-04 08:30:00+10:00
277.364583,-0.474,1065221100.0,2003-10-04 08:45:00+10:00
277.375,-0.494,1065222000.0,2003-10-04 09:00:00+10:00
277.385417,-0.464,1065222900.0,2003-10-04 09:15:00+10:00
277.395833,-0.474,1065223800.0,2003-10-04 09:30:00+10:00
277.40625,-0.504,1065224700.0,2003-10-04 09:45:00+10:00
277.416667,-0.424,1065225600.0,2003-10-04 10:00:00+10:00
277.427083,-0.414,1065226500.0,2003-10-04 10:15:00+10:00
277.4375,-0.384,1065227400.0,2003-10-04 10:30:00+10:00
277.447917,-0.384,1065228300.0,2003-10-04 10:45:00+10:00
277.458333,-0.324,1065229200.0,2003-10-04 11:00:00+10:00
277.46875,-0.274,1065230100.0,2003-10-04 11:15:00+10:00
277.479167,-0.254,1065231000.0,2003-10-04 11:30:00+10:00
277.489583,-0.174,1065231900.0,2003-10-04 11:45:00+10:00
277.5,-0.124,1065232800.0,2003-10-04 12:00:00+10:00
277.510417,-0.104,1065233700.0,2003-10-04 12:15:00+10:00
277.520833,-0.054,1065234600.0,2003-10-04 12:30:00+10:00
277.53125,0.026,1065235500.0,2003-10-04 12:45:00+10:00
277.541667,0.056,1065236400.0,2003-10-04 13:00:00+10:00
277.552083,0.096,1065237300.0,2003-10-04 13:15:00+10:00
277.5625,0.166,1065238200.0,2003-10-04 13:30:00+10:00
277.572917,0.186,1065239100.0,2003-10-04 13:45:00+10:00
277.583333,0.226,1065240000.0,2003-10-04 14:00:00+10:00
277.59375,0.276,1065240900.0,2003-10-04 14:15:00+10:00
277.604167,0.256,1065241800.0,2003-10-04 14:30:00+10:00
277.614583,0.316,1065242700.0,2003-10-04 14:45:00+10:00
277.625,0.336,1065243600.0,2003-10-04 15:00:00+10:00
277.635417,0.316,1065244500.0,2003-10-04 15:15:00+10:00
277.645833,0.346,1065245400.0,2003-10-04 15:30:00+10:00
277.65625,0.306,1065246300.0,2003-10-04 15:45:00+10:00
277.666667,0.326,1065247200.0,2003-10-04 16:00:00+10:00
277.677083,0.296,1065248100.0,2003-10-04 16:15:00+10:00
277.6875,0.266,1065249000.0,2003-10-04 16:30:00+10:00
277.697917,0.236,1065249900.0,2003-10-04 16:45:00+10:00
277.708333,0.186,1065250800.0,2003-10-04 17:00:00+10:00
277.71875,0.176,1065251700.0,2003-10-04 17:15:00+10:00
277.729167,0.106,1065252600.0,2003-10-04 17:30:00+10:00
277.739583,0.056,1065253500.0,2003-10-04 17:45:00+10:00
277.75,-0.004,1065254400.0,2003-10-04 18:00:00+10:00
277.760417,-0.044,1065255300.0,2003-10-04 18:15:00+10:00
277.770833,-0.114,1065256200.0,2003-10-04 18:30:00+10:00
277.78125,-0.164,1065257100.0,2003-10-04 18:45:00+10:00
277.791667,-0.224,1065258000.0,2003-10-04 19:00:00+10:00
277.802083,-0.324,1065258900.0,2003-10-04 19:15:00+10:00
277.8125,-0.354,1065259800.0,2003-10-04 19:30:00+10:00
277.822917,-0.404,1065260700.0,2003-10-04 19:45:00+10:00
277.833333,-0.494,1065261600.0,2003-10-04 20:00:00+10:00
277.84375,-0.544,1065262500.0,2003-10-04 20:15:00+10:00
277.854167,-0.584,1065263400.0,2003-10-04 20:30:00+10:00
277.864583,-0.684,1065264300.0,2003-10-04 20:45:00+10:00
277.875,-0.684,1065265200.0,2003-10-04 21:00:00+10:00
277.885417,-0.724,1065266100.0,2003-10-04 21:15:00+10:00
277.895833,-0.774,1065267000.0,2003-10-04 21:30:00+10:00
277.90625,-0.804,1065267900.0,2003-10-04 21:45:00+10:00
277.916667,-0.814,1065268800.0,2003-10-04 22:00:00+10:00
277.927083,-0.834,1065269700.0,2003-10-04 22:15:00+10:00
277.9375,-0.824,1065270600.0,2003-10-04 22:30:00+10:00
277.947917,-0.834,1065271500.0,2003-10-04 22:45:00+10:00
277.958333,-0.844,1065272400.0,2003-10-04 23:00:00+10:00
277.96875,-0.794,1065273300.0,2003-10-04 23:15:00+10:00
277.979167,-0.804,1065274200.0,2003-10-04 23:30:00+10:00
277.989583,-0.774,1065275100.0,2003-10-04 23:45:00+10:00
278.0,-0.744,1065276000.0,2003-10-05 00:00:00+10:00
278.010417,-0.704,1065276900.0,2003-10-05 00:15:00+10:00
278.020833,-0.654,1065277800.0,2003-10-05 00:30:00+10:00
278.03125,-0.624,1065278700.0,2003-10-05 00:45:00+10:00
278.041667,-0.594,1065279600.0,2003-10-05 01:00:00+10:00
278.052083,-0.514,1065280500.0,2003-10-05 01:15:00+10:00
278.0625,-0.464,1065281400.0,2003-10-05 01:30:00+10:00
278.072917,-0.424,1065282300.0,2003-10-05 01:45:00+10:00
278.083333,-0.394,1065283200.0,2003-10-05 02:00:00+10:00
278.09375,-0.334,1065284100.0,2003-10-05 02:15:00+10:00
278.104167,-0.274,1065285000.0,2003-10-05 02:30:00+10:00
278.114583,-0.244,1065285900.0,2003-10-05 02:45:00+10:00
278.125,-0.194,1065286800.0,2003-10-05 03:00:00+10:00
278.135417,-0.174,1065287700.0,2003-10-05 03:15:00+10:00
278.145833,-0.134,1065288600.0,2003-10-05 03:30:00+10:00
278.15625,-0.104,1065289500.0,2003-10-05 03:45:00+10:00
278.166667,-0.074,1065290400.0,2003-10-05 04:00:00+10:00
278.177083,-0.064,1065291300.0,2003-10-05 04:15:00+10:00
278.1875,-0.074,1065292200.0,2003-10-05 04:30:00+10:00
278.197917,-0.044,1065293100.0,2003-10-05 04:45:00+10:00
278.208333,-0.034,1065294000.0,2003-10-05 05:00:00+10:00
278.21875,-0.064,1065294900.0,2003-10-05 05:15:00+10:00
278.229167,-0.074,1065295800.0,2003-10-05 05:30:00+10:00
278.239583,-0.074,1065296700.0,2003-10-05 05:45:00+10:00
278.25,-0.094,1065297600.0,2003-10-05 06:00:00+10:00
278.260417,-0.134,1065298500.0,2003-10-05 06:15:00+10:00
278.270833,-0.164,1065299400.0,2003-10-05 06:30:00+10:00
278.28125,-0.204,1065300300.0,2003-10-05 06:45:00+10:00
278.291667,-0.214,1065301200.0,2003-10-05 07:00:00+10:00
278.302083,-0.244,1065302100.0,2003-10-05 07:15:00+10:00
278.3125,-0.284,1065303000.0,2003-10-05 07:30:00+10:00
278.322917,-0.334,1065303900.0,2003-10-05 07:45:00+10:00
278.333333,-0.364,1065304800.0,2003-10-05 08:00:00+10:00
278.34375,-0.394,1065305700.0,2003-10-05 08:15:00+10:00
278.354167,-0.394,1065306600.0,2003-10-05 08:30:00+10:00
278.364583,-0.454,1065307500.0,2003-10-05 08:45:00+10:00
278.375,-0.484,1065308400.0,2003-10-05 09:00:00+10:00
278.385417,-0.484,1065309300.0,2003-10-05 09:15:00+10:00
278.395833,-0.494,1065310200.0,2003-10-05 09:30:00+10:00
278.40625,-0.504,1065311100.0,2003-10-05 09:45:00+10:00
278.416667,-0.524,1065312000.0,2003-10-05 10:00:00+10:00
278.427083,-0.534,1065312900.0,2003-10-05 10:15:00+10:00
278.4375,-0.504,1065313800.0,2003-10-05 10:30:00+10:00
278.447917,-0.494,1065314700.0,2003-10-05 10:45:00+10:00
278.458333,-0.494,1065315600.0,2003-10-05 11:00:00+10:00
278.46875,-0.494,1065316500.0,2003-10-05 11:15:00+10:00
278.479167,-0.424,1065317400.0,2003-10-05 11:30:00+10:00
278.489583,-0.404,1065318300.0,2003-10-05 11:45:00+10:00
278.5,-0.394,1065319200.0,2003-10-05 12:00:00+10:00
278.510417,-0.334,1065320100.0,2003-10-05 12:15:00+10:00
278.520833,-0.284,1065321000.0,2003-10-05 12:30:00+10:00
278.53125,-0.234,1065321900.0,2003-10-05 12:45:00+10:00
278.541667,-0.204,1065322800.0,2003-10-05 13:00:00+10:00
278.552083,-0.144,1065323700.0,2003-10-05 13:15:00+10:00
278.5625,-0.084,1065324600.0,2003-10-05 13:30:00+10:00
278.572917,-0.034,1065325500.0,2003-10-05 13:45:00+10:00
278.583333,0.006,1065326400.0,2003-10-05 14:00:00+10:00
278.59375,0.056,1065327300.0,2003-10-05 14:15:00+10:00
278.604167,0.136,1065328200.0,2003-10-05 14:30:00+10:00
278.614583,0.166,1065329100.0,2003-10-05 14:45:00+10:00
278.625,0.216,1065330000.0,2003-10-05 15:00:00+10:00
278.635417,0.236,1065330900.0,2003-10-05 15:15:00+10:00
278.645833,0.256,1065331800.0,2003-10-05 15:30:00+10:00
278.65625,0.316,1065332700.0,2003-10-05 15:45:00+10:00
278.666667,0.336,1065333600.0,2003-10-05 16:00:00+10:00
278.677083,0.336,1065334500.0,2003-10-05 16:15:00+10:00
278.6875,0.336,1065335400.0,2003-10-05 16:30:00+10:00
278.697917,0.336,1065336300.0,2003-10-05 16:45:00+10:00
278.708333,0.356,1065337200.0,2003-10-05 17:00:00+10:00
278.71875,0.326,1065338100.0,2003-10-05 17:15:00+10:00
278.729167,0.286,1065339000.0,2003-10-05 17:30:00+10:00
278.739583,0.236,1065339900.0,2003-10-05 17:45:00+10:00
278.75,0.226,1065340800.0,2003-10-05 18:00:00+10:00
278.760417,0.206,1065341700.0,2003-10-05 18:15:00+10:00
278.770833,0.166,1065342600.0,2003-10-05 18:30:00+10:00
278.78125,0.086,1065343500.0,2003-10-05 18:45:00+10:00
278.791667,0.016,1065344400.0,2003-10-05 19:00:00+10:00
278.802083,-0.024,1065345300.0,2003-10-05 19:15:00+10:00
278.8125,-0.094,1065346200.0,2003-10-05 19:30:00+10:00
278.822917,-0.154,1065347100.0,2003-10-05 19:45:00+10:00
278.833333,-0.244,1065348000.0,2003-10-05 20:00:00+10:00
278.84375,-0.294,1065348900.0,2003-10-05 20:15:00+10:00
278.854167,-0.354,1065349800.0,2003-10-05 20:30:00+10:00
278.864583,-0.424,1065350700.0,2003-10-05 20:45:00+10:00
278.875,-0.494,1065351600.0,2003-10-05 21:00:00+10:00
278.885417,-0.574,1065352500.0,2003-10-05 21:15:00+10:00
278.895833,-0.614,1065353400.0,2003-10-05 21:30:00+10:00
278.90625,-0.654,1065354300.0,2003-10-05 21:45:00+10:00
278.916667,-0.694,1065355200.0,2003-10-05 22:00:00+10:00
278.927083,-0.764,1065356100.0,2003-10-05 22:15:00+10:00
278.9375,-0.784,1065357000.0,2003-10-05 22:30:00+10:00
278.947917,-0.774,1065357900.0,2003-10-05 22:45:00+10:00
278.958333,-0.804,1065358800.0,2003-10-05 23:00:00+10:00
278.96875,-0.844,1065359700.0,2003-10-05 23:15:00+10:00
278.979167,-0.834,1065360600.0,2003-10-05 23:30:00+10:00
278.989583,-0.834,1065361500.0,2003-10-05 23:45:00+10:00
279.0,-0.824,1065362400.0,2003-10-06 00:00:00+10:00
279.010417,-0.804,1065363300.0,2003-10-06 00:15:00+10:00
279.020833,-0.804,1065364200.0,2003-10-06 00:30:00+10:00
279.03125,-0.764,1065365100.0,2003-10-06 00:45:00+10:00
279.041667,-0.704,1065366000.0,2003-10-06 01:00:00+10:00
279.052083,-0.674,1065366900.0,2003-10-06 01:15:00+10:00
279.0625,-0.644,1065367800.0,2003-10-06 01:30:00+10:00
279.072917,-0.594,1065368700.0,2003-10-06 01:45:00+10:00
279.083333,-0.524,1065369600.0,2003-10-06 02:00:00+10:00
279.09375,-0.474,1065370500.0,2003-10-06 02:15:00+10:00
279.104167,-0.434,1065371400.0,2003-10-06 02:30:00+10:00
279.114583,-0.374,1065372300.0,2003-10-06 02:45:00+10:00
279.125,-0.324,1065373200.0,2003-10-06 03:00:00+10:00
279.135417,-0.284,1065374100.0,2003-10-06 03:15:00+10:00
279.145833,-0.194,1065375000.0,2003-10-06 03:30:00+10:00
279.15625,-0.174,1065375900.0,2003-10-06 03:45:00+10:00
279.166667,-0.144,1065376800.0,2003-10-06 04:00:00+10:00
279.177083,-0.074,1065377700.0,2003-10-06 04:15:00+10:00
279.1875,-0.044,1065378600.0,2003-10-06 04:30:00+10:00
279.197917,-0.014,1065379500.0,2003-10-06 04:45:00+10:00
279.208333,-0.004,1065380400.0,2003-10-06 05:00:00+10:00
279.21875,0.036,1065381300.0,2003-10-06 05:15:00+10:00
279.229167,0.026,1065382200.0,2003-10-06 05:30:00+10:00
279.239583,0.036,1065383100.0,2003-10-06 05:45:00+10:00
279.25,0.036,1065384000.0,2003-10-06 06:00:00+10:00
279.260417,-0.004,1065384900.0,2003-10-06 06:15:00+10:00
279.270833,0.016,1065385800.0,2003-10-06 06:30:00+10:00
279.28125,-0.034,1065386700.0,2003-10-06 06:45:00+10:00
279.291667,-0.074,1065387600.0,2003-10-06 07:00:00+10:00
279.302083,-0.074,1065388500.0,2003-10-06 07:15:00+10:00
279.3125,-0.114,1065389400.0,2003-10-06 07:30:00+10:00
279.322917,-0.174,1065390300.0,2003-10-06 07:45:00+10:00
279.333333,-0.184,1065391200.0,2003-10-06 08:00:00+10:00
279.34375,-0.234,1065392100.0,2003-10-06 08:15:00+10:00
279.354167,-0.304,1065393000.0,2003-10-06 08:30:00+10:00
279.364583,-0.314,1065393900.0,2003-10-06 08:45:00+10:00
279.375,-0.354,1065394800.0,2003-10-06 09:00:00+10:00
279.385417,-0.404,1065395700.0,2003-10-06 09:15:00+10:00
279.395833,-0.454,1065396600.0,2003-10-06 09:30:00+10:00
279.40625,-0.464,1065397500.0,2003-10-06 09:45:00+10:00
279.416667,-0.494,1065398400.0,2003-10-06 10:00:00+10:00
279.427083,-0.544,1065399300.0,2003-10-06 10:15:00+10:00
279.4375,-0.534,1065400200.0,2003-10-06 10:30:00+10:00
279.447917,-0.544,1065401100.0,2003-10-06 10:45:00+10:00
279.458333,-0.574,1065402000.0,2003-10-06 11:00:00+10:00
279.46875,-0.524,1065402900.0,2003-10-06 11:15:00+10:00
279.479167,-0.564,1065403800.0,2003-10-06 11:30:00+10:00
279.489583,-0.544,1065404700.0,2003-10-06 11:45:00+10:00
279.5,-0.494,1065405600.0,2003-10-06 12:00:00+10:00
279.510417,-0.474,1065406500.0,2003-10-06 12:15:00+10:00
279.520833,-0.474,1065407400.0,2003-10-06 12:30:00+10:00
279.53125,-0.424,1065408300.0,2003-10-06 12:45:00+10:00
279.541667,-0.354,1065409200.0,2003-10-06 13:00:00+10:00
279.552083,-0.364,1065410100.0,2003-10-06 13:15:00+10:00
279.5625,-0.294,1065411000.0,2003-10-06 13:30:00+10:00
279.572917,-0.234,1065411900.0,2003-10-06 13:45:00+10:00
279.583333,-0.204,1065412800.0,2003-10-06 14:00:00+10:00
279.59375,-0.094,1065413700.0,2003-10-06 14:15:00+10:00
279.604167,-0.074,1065414600.0,2003-10-06 14:30:00+10:00
279.614583,-0.034,1065415500.0,2003-10-06 14:45:00+10:00
279.625,0.076,1065416400.0,2003-10-06 15:00:00+10:00
279.635417,0.136,1065417300.0,2003-10-06 15:15:00+10:00
279.645833,0.166,1065418200.0,2003-10-06 15:30:00+10:00
279.65625,0.216,1065419100.0,2003-10-06 15:45:00+10:00
279.666667,0.276,1065420000.0,2003-10-06 16:00:00+10:00
279.677083,0.296,1065420900.0,2003-10-06 16:15:00+10:00
279.6875,0.346,1065421800.0,2003-10-06 16:30:00+10:00
279.697917,0.356,1065422700.0,2003-10-06 16:45:00+10:00
279.708333,0.376,1065423600.0,2003-10-06 17:00:00+10:00
279.71875,0.386,1065424500.0,2003-10-06 17:15:00+10:00
279.729167,0.396,1065425400.0,2003-10-06 17:30:00+10:00
279.739583,0.406,1065426300.0,2003-10-06 17:45:00+10:00
279.75,0.376,1065427200.0,2003-10-06 18:00:00+10:00
279.760417,0.366,1065428100.0,2003-10-06 18:15:00+10:00
279.770833,0.326,1065429000.0,2003-10-06 18:30:00+10:00
279.78125,0.316,1065429900.0,2003-10-06 18:45:00+10:00
279.791667,0.256,1065430800.0,2003-10-06 19:00:00+10:00
279.802083,0.206,1065431700.0,2003-10-06 19:15:00+10:00
279.8125,0.166,1065432600.0,2003-10-06 19:30:00+10:00
279.822917,0.086,1065433500.0,2003-10-06 19:45:00+10:00
279.833333,0.046,1065434400.0,2003-10-06 20:00:00+10:00
279.84375,-0.034,1065435300.0,2003-10-06 20:15:00+10:00
279.854167,-0.124,1065436200.0,2003-10-06 20:30:00+10:00
279.864583,-0.164,1065437100.0,2003-10-06 20:45:00+10:00
279.875,-0.264,1065438000.0,2003-10-06 21:00:00+10:00
279.885417,-0.324,1065438900.0,2003-10-06 21:15:00+10:00
279.895833,-0.384,1065439800.0,2003-10-06 21:30:00+10:00
279.90625,-0.484,1065440700.0,2003-10-06 21:45:00+10:00
279.916667,-0.514,1065441600.0,2003-10-06 22:00:00+10:00
279.927083,-0.594,1065442500.0,2003-10-06 22:15:00+10:00
279.9375,-0.654,1065443400.0,2003-10-06 22:30:00+10:00
279.947917,-0.714,1065444300.0,2003-10-06 22:45:00+10:00
279.958333,-0.754,1065445200.0,2003-10-06 23:00:00+10:00
279.96875,-0.794,1065446100.0,2003-10-06 23:15:00+10:00
279.979167,-0.814,1065447000.0,2003-10-06 23:30:00+10:00
279.989583,-0.844,1065447900.0,2003-10-06 23:45:00+10:00
280.0,-0.864,1065448800.0,2003-10-07 00:00:00+10:00
280.010417,-0.894,1065449700.0,2003-10-07 00:15:00+10:00
280.020833,-0.844,1065450600.0,2003-10-07 00:30:00+10:00
280.03125,-0.834,1065451500.0,2003-10-07 00:45:00+10:00
280.041667,-0.854,1065452400.0,2003-10-07 01:00:00+10:00
280.052083,-0.804,1065453300.0,2003-10-07 01:15:00+10:00
280.0625,-0.754,1065454200.0,2003-10-07 01:30:00+10:00
280.072917,-0.744,1065455100.0,2003-10-07 01:45:00+10:00
280.083333,-0.684,1065456000.0,2003-10-07 02:00:00+10:00
280.09375,-0.614,1065456900.0,2003-10-07 02:15:00+10:00
280.104167,-0.604,1065457800.0,2003-10-07 02:30:00+10:00
280.114583,-0.534,1065458700.0,2003-10-07 02:45:00+10:00
280.125,-0.454,1065459600.0,2003-10-07 03:00:00+10:00
280.135417,-0.414,1065460500.0,2003-10-07 03:15:00+10:00
280.145833,-0.354,1065461400.0,2003-10-07 03:30:00+10:00
280.15625,-0.264,1065462300.0,2003-10-07 03:45:00+10:00
280.166667,-0.224,1065463200.0,2003-10-07 04:00:00+10:00
280.177083,-0.174,1065464100.0,2003-10-07 04:15:00+10:00
280.1875,-0.124,1065465000.0,2003-10-07 04:30:00+10:00
280.197917,-0.044,1065465900.0,2003-10-07 04:45:00+10:00
280.208333,-0.014,1065466800.0,2003-10-07 05:00:00+10:00
280.21875,0.026,1065467700.0,2003-10-07 05:15:00+10:00
280.229167,0.066,1065468600.0,2003-10-07 05:30:00+10:00
280.239583,0.076,1065469500.0,2003-10-07 05:45:00+10:00
280.25,0.086,1065470400.0,2003-10-07 06:00:00+10:00
280.260417,0.116,1065471300.0,2003-10-07 06:15:00+10:00
280.270833,0.106,1065472200.0,2003-10-07 06:30:00+10:00
280.28125,0.086,1065473100.0,2003-10-07 06:45:00+10:00
280.291667,0.106,1065474000.0,2003-10-07 07:00:00+10:00
280.302083,0.066,1065474900.0,2003-10-07 07:15:00+10:00
280.3125,0.046,1065475800.0,2003-10-07 07:30:00+10:00
280.322917,0.016,1065476700.0,2003-10-07 07:45:00+10:00
280.333333,-0.034,1065477600.0,2003-10-07 08:00:00+10:00
280.34375,-0.044,1065478500.0,2003-10-07 08:15:00+10:00
280.354167,-0.094,1065479400.0,2003-10-07 08:30:00+10:00
280.364583,-0.164,1065480300.0,2003-10-07 08:45:00+10:00
280.375,-0.194,1065481200.0,2003-10-07 09:00:00+10:00
280.385417,-0.234,1065482100.0,2003-10-07 09:15:00+10:00
280.395833,-0.304,1065483000.0,2003-10-07 09:30:00+10:00
280.40625,-0.324,1065483900.0,2003-10-07 09:45:00+10:00
280.416667,-0.394,1065484800.0,2003-10-07 10:00:00+10:00
280.427083,-0.454,1065485700.0,2003-10-07 10:15:00+10:00
280.4375,-0.444,1065486600.0,2003-10-07 10:30:00+10:00
280.447917,-0.504,1065487500.0,2003-10-07 10:45:00+10:00
280.458333,-0.554,1065488400.0,2003-10-07 11:00:00+10:00
280.46875,-0.554,1065489300.0,2003-10-07 11:15:00+10:00
280.479167,-0.574,1065490200.0,2003-10-07 11:30:00+10:00
280.489583,-0.584,1065491100.0,2003-10-07 11:45:00+10:00
280.5,-0.584,1065492000.0,2003-10-07 12:00:00+10:00
280.510417,-0.584,1065492900.0,2003-10-07 12:15:00+10:00
280.520833,-0.584,1065493800.0,2003-10-07 12:30:00+10:00
280.53125,-0.554,1065494700.0,2003-10-07 12:45:00+10:00
280.541667,-0.534,1065495600.0,2003-10-07 13:00:00+10:00
280.552083,-0.504,1065496500.0,2003-10-07 13:15:00+10:00
280.5625,-0.504,1065497400.0,2003-10-07 13:30:00+10:00
280.572917,-0.454,1065498300.0,2003-10-07 13:45:00+10:00
280.583333,-0.354,1065499200.0,2003-10-07 14:00:00+10:00
280.59375,-0.344,1065500100.0,2003-10-07 14:15:00+10:00
280.604167,-0.294,1065501000.0,2003-10-07 14:30:00+10:00
280.614583,-0.214,1065501900.0,2003-10-07 14:45:00+10:00
280.625,-0.164,1065502800.0,2003-10-07 15:00:00+10:00
280.635417,-0.074,1065503700.0,2003-10-07 15:15:00+10:00
280.645833,-0.004,1065504600.0,2003-10-07 15:30:00+10:00
280.65625,0.016,1065505500.0,2003-10-07 15:45:00+10:00
280.666667,0.106,1065506400.0,2003-10-07 16:00:00+10:00
280.677083,0.186,1065507300.0,2003-10-07 16:15:00+10:00
280.6875,0.216,1065508200.0,2003-10-07 16:30:00+10:00
280.697917,0.286,1065509100.0,2003-10-07 16:45:00+10:00
280.708333,0.326,1065510000.0,2003-10-07 17:00:00+10:00
280.71875,0.356,1065510900.0,2003-10-07 17:15:00+10:00
280.729167,0.416,1065511800.0,2003-10-07 17:30:00+10:00
280.739583,0.436,1065512700.0,2003-10-07 17:45:00+10:00
280.75,0.436,1065513600.0,2003-10-07 18:00:00+10:00
280.760417,0.446,1065514500.0,2003-10-07 18:15:00+10:00
280.770833,0.456,1065515400.0,2003-10-07 18:30:00+10:00
280.78125,0.446,1065516300.0,2003-10-07 18:45:00+10:00
280.791667,0.426,1065517200.0,2003-10-07 19:00:00+10:00
280.802083,0.396,1065518100.0,2003-10-07 19:15:00+10:00
280.8125,0.366,1065519000.0,2003-10-07 19:30:00+10:00
280.822917,0.326,1065519900.0,2003-10-07 19:45:00+10:00
280.833333,0.266,1065520800.0,2003-10-07 20:00:00+10:00
280.84375,0.206,1065521700.0,2003-10-07 20:15:00+10:00
280.854167,0.136,1065522600.0,2003-10-07 20:30:00+10:00
280.864583,0.086,1065523500.0,2003-10-07 20:45:00+10:00
280.875,0.016,1065524400.0,2003-10-07 21:00:00+10:00
280.885417,-0.074,1065525300.0,2003-10-07 21:15:00+10:00
280.895833,-0.124,1065526200.0,2003-10-07 21:30:00+10:00
280.90625,-0.204,1065527100.0,2003-10-07 21:45:00+10:00
280.916667,-0.284,1065528000.0,2003-10-07 22:00:00+10:00
280.927083,-0.364,1065528900.0,2003-10-07 22:15:00+10:00
280.9375,-0.414,1065529800.0,2003-10-07 22:30:00+10:00
280.947917,-0.504,1065530700.0,2003-10-07 22:45:00+10:00
280.958333,-0.554,1065531600.0,2003-10-07 23:00:00+10:00
280.96875,-0.624,1065532500.0,2003-10-07 23:15:00+10:00
280.979167,-0.674,1065533400.0,2003-10-07 23:30:00+10:00
280.989583,-0.714,1065534300.0,2003-10-07 23:45:00+10:00
281.0,-0.754,1065535200.0,2003-10-08 00:00:00+10:00
281.010417,-0.754,1065536100.0,2003-10-08 00:15:00+10:00
281.020833,-0.784,1065537000.0,2003-10-08 00:30:00+10:00
281.03125,-0.824,1065537900.0,2003-10-08 00:45:00+10:00
281.041667,-0.794,1065538800.0,2003-10-08 01:00:00+10:00
281.052083,-0.794,1065539700.0,2003-10-08 01:15:00+10:00
281.0625,-0.794,1065540600.0,2003-10-08 01:30:00+10:00
281.072917,-0.754,1065541500.0,2003-10-08 01:45:00+10:00
281.083333,-0.744,1065542400.0,2003-10-08 02:00:00+10:00
281.09375,-0.694,1065543300.0,2003-10-08 02:15:00+10:00
281.104167,-0.614,1065544200.0,2003-10-08 02:30:00+10:00
281.114583,-0.604,1065545100.0,2003-10-08 02:45:00+10:00
281.125,-0.544,1065546000.0,2003-10-08 03:00:00+10:00
281.135417,-0.474,1065546900.0,2003-10-08 03:15:00+10:00
281.145833,-0.404,1065547800.0,2003-10-08 03:30:00+10:00
281.15625,-0.344,1065548700.0,2003-10-08 03:45:00+10:00
281.166667,-0.274,1065549600.0,2003-10-08 04:00:00+10:00
281.177083,-0.214,1065550500.0,2003-10-08 04:15:00+10:00
281.1875,-0.144,1065551400.0,2003-10-08 04:30:00+10:00
281.197917,-0.084,1065552300.0,2003-10-08 04:45:00+10:00
281.208333,-0.024,1065553200.0,2003-10-08 05:00:00+10:00
281.21875,0.046,1065554100.0,2003-10-08 05:15:00+10:00
281.229167,0.056,1065555000.0,2003-10-08 05:30:00+10:00
281.239583,0.126,1065555900.0,2003-10-08 05:45:00+10:00
281.25,0.176,1065556800.0,2003-10-08 06:00:00+10:00
281.260417,0.176,1065557700.0,2003-10-08 06:15:00+10:00
281.270833,0.216,1065558600.0,2003-10-08 06:30:00+10:00
281.28125,0.216,1065559500.0,2003-10-08 06:45:00+10:00
281.291667,0.216,1065560400.0,2003-10-08 07:00:00+10:00
281.302083,0.236,1065561300.0,2003-10-08 07:15:00+10:00
281.3125,0.216,1065562200.0,2003-10-08 07:30:00+10:00
281.322917,0.216,1065563100.0,2003-10-08 07:45:00+10:00
281.333333,0.176,1065564000.0,2003-10-08 08:00:00+10:00
281.34375,0.116,1065564900.0,2003-10-08 08:15:00+10:00
281.354167,0.096,1065565800.0,2003-10-08 08:30:00+10:00
281.364583,0.076,1065566700.0,2003-10-08 08:45:00+10:00
281.375,-0.014,1065567600.0,2003-10-08 09:00:00+10:00
281.385417,-0.034,1065568500.0,2003-10-08 09:15:00+10:00
281.395833,-0.134,1065569400.0,2003-10-08 09:30:00+10:00
281.40625,-0.174,1065570300.0,2003-10-08 09:45:00+10:00
281.416667,-0.174,1065571200.0,2003-10-08 10:00:00+10:00
281.427083,-0.304,1065572100.0,2003-10-08 10:15:00+10:00
281.4375,-0.364,1065573000.0,2003-10-08 10:30:00+10:00
281.447917,-0.394,1065573900.0,2003-10-08 10:45:00+10:00
281.458333,-0.454,1065574800.0,2003-10-08 11:00:00+10:00
281.46875,-0.474,1065575700.0,2003-10-08 11:15:00+10:00
281.479167,-0.534,1065576600.0,2003-10-08 11:30:00+10:00
281.489583,-0.604,1065577500.0,2003-10-08 11:45:00+10:00
281.5,-0.574,1065578400.0,2003-10-08 12:00:00+10:00
281.510417,-0.564,1065579300.0,2003-10-08 12:15:00+10:00
281.520833,-0.634,1065580200.0,2003-10-08 12:30:00+10:00
281.53125,-0.634,1065581100.0,2003-10-08 12:45:00+10:00
281.541667,-0.624,1065582000.0,2003-10-08 13:00:00+10:00
281.552083,-0.614,1065582900.0,2003-10-08 13:15:00+10:00
281.5625,-0.584,1065583800.0,2003-10-08 13:30:00+10:00
281.572917,-0.594,1065584700.0,2003-10-08 13:45:00+10:00
281.583333,-0.554,1065585600.0,2003-10-08 14:00:00+10:00
281.59375,-0.504,1065586500.0,2003-10-08 14:15:00+10:00
281.604167,-0.474,1065587400.0,2003-10-08 14:30:00+10:00
281.614583,-0.414,1065588300.0,2003-10-08 14:45:00+10:00
281.625,-0.354,1065589200.0,2003-10-08 15:00:00+10:00
281.635417,-0.304,1065590100.0,2003-10-08 15:15:00+10:00
281.645833,-0.204,1065591000.0,2003-10-08 15:30:00+10:00
281.65625,-0.164,1065591900.0,2003-10-08 15:45:00+10:00
281.666667,-0.094,1065592800.0,2003-10-08 16:00:00+10:00
281.677083,0.016,1065593700.0,2003-10-08 16:15:00+10:00
281.6875,0.056,1065594600.0,2003-10-08 16:30:00+10:00
281.697917,0.106,1065595500.0,2003-10-08 16:45:00+10:00
281.708333,0.186,1065596400.0,2003-10-08 17:00:00+10:00
281.71875,0.236,1065597300.0,2003-10-08 17:15:00+10:00
281.729167,0.306,1065598200.0,2003-10-08 17:30:00+10:00
281.739583,0.376,1065599100.0,2003-10-08 17:45:00+10:00
281.75,0.376,1065600000.0,2003-10-08 18:00:00+10:00
281.760417,0.406,1065600900.0,2003-10-08 18:15:00+10:00
281.770833,0.486,1065601800.0,2003-10-08 18:30:00+10:00
281.78125,0.466,1065602700.0,2003-10-08 18:45:00+10:00
281.791667,0.466,1065603600.0,2003-10-08 19:00:00+10:00
281.802083,0.476,1065604500.0,2003-10-08 19:15:00+10:00
281.8125,0.446,1065605400.0,2003-10-08 19:30:00+10:00
281.822917,0.456,1065606300.0,2003-10-08 19:45:00+10:00
281.833333,0.436,1065607200.0,2003-10-08 20:00:00+10:00
281.84375,0.366,1065608100.0,2003-10-08 20:15:00+10:00
281.854167,0.296,1065609000.0,2003-10-08 20:30:00+10:00
281.864583,0.296,1065609900.0,2003-10-08 20:45:00+10:00
281.875,0.226,1065610800.0,2003-10-08 21:00:00+10:00
281.885417,0.156,1065611700.0,2003-10-08 21:15:00+10:00
281.895833,0.046,1065612600.0,2003-10-08 21:30:00+10:00
281.90625,-0.014,1065613500.0,2003-10-08 21:45:00+10:00
281.916667,-0.024,1065614400.0,2003-10-08 22:00:00+10:00
281.927083,-0.144,1065615300.0,2003-10-08 22:15:00+10:00
281.9375,-0.224,1065616200.0,2003-10-08 22:30:00+10:00
281.947917,-0.324,1065617100.0,2003-10-08 22:45:00+10:00
281.958333,-0.354,1065618000.0,2003-10-08 23:00:00+10:00
281.96875,-0.394,1065618900.0,2003-10-08 23:15:00+10:00
281.979167,-0.514,1065619800.0,2003-10-08 23:30:00+10:00
281.989583,-0.554,1065620700.0,2003-10-08 23:45:00+10:00
282.0,-0.594,1065621600.0,2003-10-09 00:00:00+10:00
282.010417,-0.644,1065622500.0,2003-10-09 00:15:00+10:00
282.020833,-0.674,1065623400.0,2003-10-09 00:30:00+10:00
282.03125,-0.714,1065624300.0,2003-10-09 00:45:00+10:00
282.041667,-0.744,1065625200.0,2003-10-09 01:00:00+10:00
282.052083,-0.724,1065626100.0,2003-10-09 01:15:00+10:00
282.0625,-0.754,1065627000.0,2003-10-09 01:30:00+10:00
282.072917,-0.744,1065627900.0,2003-10-09 01:45:00+10:00
282.083333,-0.714,1065628800.0,2003-10-09 02:00:00+10:00
282.09375,-0.694,1065629700.0,2003-10-09 02:15:00+10:00
282.104167,-0.694,1065630600.0,2003-10-09 02:30:00+10:00
282.114583,-0.614,1065631500.0,2003-10-09 02:45:00+10:00
282.125,-0.584,1065632400.0,2003-10-09 03:00:00+10:00
282.135417,-0.544,1065633300.0,2003-10-09 03:15:00+10:00
282.145833,-0.454,1065634200.0,2003-10-09 03:30:00+10:00
282.15625,-0.414,1065635100.0,2003-10-09 03:45:00+10:00
282.166667,-0.344,1065636000.0,2003-10-09 04:00:00+10:00
282.177083,-0.244,1065636900.0,2003-10-09 04:15:00+10:00
282.1875,-0.204,1065637800.0,2003-10-09 04:30:00+10:00
282.197917,-0.124,1065638700.0,2003-10-09 04:45:00+10:00
282.208333,-0.054,1065639600.0,2003-10-09 05:00:00+10:00
282.21875,-0.014,1065640500.0,2003-10-09 05:15:00+10:00
282.229167,0.076,1065641400.0,2003-10-09 05:30:00+10:00
282.239583,0.146,1065642300.0,2003-10-09 05:45:00+10:00
282.25,0.176,1065643200.0,2003-10-09 06:00:00+10:00
282.260417,0.226,1065644100.0,2003-10-09 06:15:00+10:00
282.270833,0.276,1065645000.0,2003-10-09 06:30:00+10:00
282.28125,0.316,1065645900.0,2003-10-09 06:45:00+10:00
282.291667,0.336,1065646800.0,2003-10-09 07:00:00+10:00
282.302083,0.326,1065647700.0,2003-10-09 07:15:00+10:00
282.3125,0.366,1065648600.0,2003-10-09 07:30:00+10:00
282.322917,0.366,1065649500.0,2003-10-09 07:45:00+10:00
282.333333,0.346,1065650400.0,2003-10-09 08:00:00+10:00
282.34375,0.346,1065651300.0,2003-10-09 08:15:00+10:00
282.354167,0.296,1065652200.0,2003-10-09 08:30:00+10:00
282.364583,0.266,1065653100.0,2003-10-09 08:45:00+10:00
282.375,0.256,1065654000.0,2003-10-09 09:00:00+10:00
282.385417,0.186,1065654900.0,2003-10-09 09:15:00+10:00
282.395833,0.116,1065655800.0,2003-10-09 09:30:00+10:00
282.40625,0.076,1065656700.0,2003-10-09 09:45:00+10:00
282.416667,0.006,1065657600.0,2003-10-09 10:00:00+10:00
282.427083,-0.064,1065658500.0,2003-10-09 10:15:00+10:00
282.4375,-0.124,1065659400.0,2003-10-09 10:30:00+10:00
282.447917,-0.174,1065660300.0,2003-10-09 10:45:00+10:00
282.458333,-0.234,1065661200.0,2003-10-09 11:00:00+10:00
282.46875,-0.294,1065662100.0,2003-10-09 11:15:00+10:00
282.479167,-0.354,1065663000.0,2003-10-09 11:30:00+10:00
282.489583,-0.404,1065663900.0,2003-10-09 11:45:00+10:00
282.5,-0.454,1065664800.0,2003-10-09 12:00:00+10:00
282.510417,-0.494,1065665700.0,2003-10-09 12:15:00+10:00
282.520833,-0.534,1065666600.0,2003-10-09 12:30:00+10:00
282.53125,-0.564,1065667500.0,2003-10-09 12:45:00+10:00
282.541667,-0.584,1065668400.0,2003-10-09 13:00:00+10:00
282.552083,-0.604,1065669300.0,2003-10-09 13:15:00+10:00
282.5625,-0.604,1065670200.0,2003-10-09 13:30:00+10:00
282.572917,-0.614,1065671100.0,2003-10-09 13:45:00+10:00
282.583333,-0.604,1065672000.0,2003-10-09 14:00:00+10:00
282.59375,-0.584,1065672900.0,2003-10-09 14:15:00+10:00
282.604167,-0.564,1065673800.0,2003-10-09 14:30:00+10:00
282.614583,-0.524,1065674700.0,2003-10-09 14:45:00+10:00
282.625,-0.484,1065675600.0,2003-10-09 15:00:00+10:00
282.635417,-0.454,1065676500.0,2003-10-09 15:15:00+10:00
282.645833,-0.384,1065677400.0,2003-10-09 15:30:00+10:00
282.65625,-0.304,1065678300.0,2003-10-09 15:45:00+10:00
282.666667,-0.264,1065679200.0,2003-10-09 16:00:00+10:00
282.677083,-0.204,1065680100.0,2003-10-09 16:15:00+10:00
282.6875,-0.134,1065681000.0,2003-10-09 16:30:00+10:00
282.697917,-0.084,1065681900.0,2003-10-09 16:45:00+10:00
282.708333,0.006,1065682800.0,2003-10-09 17:00:00+10:00
282.71875,0.066,1065683700.0,2003-10-09 17:15:00+10:00
282.729167,0.126,1065684600.0,2003-10-09 17:30:00+10:00
282.739583,0.186,1065685500.0,2003-10-09 17:45:00+10:00
282.75,0.216,1065686400.0,2003-10-09 18:00:00+10:00
282.760417,0.296,1065687300.0,2003-10-09 18:15:00+10:00
282.770833,0.356,1065688200.0,2003-10-09 18:30:00+10:00
282.78125,0.376,1065689100.0,2003-10-09 18:45:00+10:00
282.791667,0.386,1065690000.0,2003-10-09 19:00:00+10:00
282.802083,0.396,1065690900.0,2003-10-09 19:15:00+10:00
282.8125,0.446,1065691800.0,2003-10-09 19:30:00+10:00
282.822917,0.456,1065692700.0,2003-10-09 19:45:00+10:00
282.833333,0.426,1065693600.0,2003-10-09 20:00:00+10:00
282.84375,0.396,1065694500.0,2003-10-09 20:15:00+10:00
282.854167,0.356,1065695400.0,2003-10-09 20:30:00+10:00
282.864583,0.386,1065696300.0,2003-10-09 20:45:00+10:00
282.875,0.336,1065697200.0,2003-10-09 21:00:00+10:00
282.885417,0.226,1065698100.0,2003-10-09 21:15:00+10:00
282.895833,0.186,1065699000.0,2003-10-09 21:30:00+10:00
282.90625,0.186,1065699900.0,2003-10-09 21:45:00+10:00
282.916667,0.086,1065700800.0,2003-10-09 22:00:00+10:00
282.927083,0.006,1065701700.0,2003-10-09 22:15:00+10:00
282.9375,-0.074,1065702600.0,2003-10-09 22:30:00+10:00
282.947917,-0.144,1065703500.0,2003-10-09 22:45:00+10:00
282.958333,-0.174,1065704400.0,2003-10-09 23:00:00+10:00
282.96875,-0.254,1065705300.0,2003-10-09 23:15:00+10:00
282.979167,-0.344,1065706200.0,2003-10-09 23:30:00+10:00
282.989583,-0.424,1065707100.0,2003-10-09 23:45:00+10:00
283.0,-0.454,1065708000.0,2003-10-10 00:00:00+10:00
283.010417,-0.494,1065708900.0,2003-10-10 00:15:00+10:00
283.020833,-0.584,1065709800.0,2003-10-10 00:30:00+10:00
283.03125,-0.604,1065710700.0,2003-10-10 00:45:00+10:00
283.041667,-0.624,1065711600.0,2003-10-10 01:00:00+10:00
283.052083,-0.684,1065712500.0,2003-10-10 01:15:00+10:00
283.0625,-0.714,1065713400.0,2003-10-10 01:30:00+10:00
283.072917,-0.684,1065714300.0,2003-10-10 01:45:00+10:00
283.083333,-0.694,1065715200.0,2003-10-10 02:00:00+10:00
283.09375,-0.724,1065716100.0,2003-10-10 02:15:00+10:00
283.104167,-0.674,1065717000.0,2003-10-10 02:30:00+10:00
283.114583,-0.674,1065717900.0,2003-10-10 02:45:00+10:00
283.125,-0.624,1065718800.0,2003-10-10 03:00:00+10:00
283.135417,-0.574,1065719700.0,2003-10-10 03:15:00+10:00
283.145833,-0.544,1065720600.0,2003-10-10 03:30:00+10:00
283.15625,-0.494,1065721500.0,2003-10-10 03:45:00+10:00
283.166667,-0.434,1065722400.0,2003-10-10 04:00:00+10:00
283.177083,-0.344,1065723300.0,2003-10-10 04:15:00+10:00
283.1875,-0.284,1065724200.0,2003-10-10 04:30:00+10:00
283.197917,-0.254,1065725100.0,2003-10-10 04:45:00+10:00
283.208333,-0.204,1065726000.0,2003-10-10 05:00:00+10:00
283.21875,-0.054,1065726900.0,2003-10-10 05:15:00+10:00
283.229167,0.016,1065727800.0,2003-10-10 05:30:00+10:00
283.239583,0.026,1065728700.0,2003-10-10 05:45:00+10:00
283.25,0.066,1065729600.0,2003-10-10 06:00:00+10:00
283.260417,0.176,1065730500.0,2003-10-10 06:15:00+10:00
283.270833,0.236,1065731400.0,2003-10-10 06:30:00+10:00
283.28125,0.306,1065732300.0,2003-10-10 06:45:00+10:00
283.291667,0.326,1065733200.0,2003-10-10 07:00:00+10:00
283.302083,0.306,1065734100.0,2003-10-10 07:15:00+10:00
283.3125,0.416,1065735000.0,2003-10-10 07:30:00+10:00
283.322917,0.456,1065735900.0,2003-10-10 07:45:00+10:00
283.333333,0.456,1065736800.0,2003-10-10 08:00:00+10:00
283.34375,0.426,1065737700.0,2003-10-10 08:15:00+10:00
283.354167,0.436,1065738600.0,2003-10-10 08:30:00+10:00
283.364583,0.426,1065739500.0,2003-10-10 08:45:00+10:00
283.375,0.446,1065740400.0,2003-10-10 09:00:00+10:00
283.385417,0.366,1065741300.0,2003-10-10 09:15:00+10:00
283.395833,0.316,1065742200.0,2003-10-10 09:30:00+10:00
283.40625,0.276,1065743100.0,2003-10-10 09:45:00+10:00
283.416667,0.266,1065744000.0,2003-10-10 10:00:00+10:00
283.427083,0.196,1065744900.0,2003-10-10 10:15:00+10:00
283.4375,0.096,1065745800.0,2003-10-10 10:30:00+10:00
283.447917,0.036,1065746700.0,2003-10-10 10:45:00+10:00
283.458333,-0.014,1065747600.0,2003-10-10 11:00:00+10:00
283.46875,-0.024,1065748500.0,2003-10-10 11:15:00+10:00
283.479167,-0.134,1065749400.0,2003-10-10 11:30:00+10:00
283.489583,-0.214,1065750300.0,2003-10-10 11:45:00+10:00
283.5,-0.254,1065751200.0,2003-10-10 12:00:00+10:00
283.510417,-0.284,1065752100.0,2003-10-10 12:15:00+10:00
283.520833,-0.344,1065753000.0,2003-10-10 12:30:00+10:00
283.53125,-0.434,1065753900.0,2003-10-10 12:45:00+10:00
283.541667,-0.494,1065754800.0,2003-10-10 13:00:00+10:00
283.552083,-0.514,1065755700.0,2003-10-10 13:15:00+10:00
283.5625,-0.484,1065756600.0,2003-10-10 13:30:00+10:00
283.572917,-0.534,1065757500.0,2003-10-10 13:45:00+10:00
283.583333,-0.544,1065758400.0,2003-10-10 14:00:00+10:00
283.59375,-0.584,1065759300.0,2003-10-10 14:15:00+10:00
283.604167,-0.544,1065760200.0,2003-10-10 14:30:00+10:00
283.614583,-0.504,1065761100.0,2003-10-10 14:45:00+10:00
283.625,-0.514,1065762000.0,2003-10-10 15:00:00+10:00
283.635417,-0.444,1065762900.0,2003-10-10 15:15:00+10:00
283.645833,-0.454,1065763800.0,2003-10-10 15:30:00+10:00
283.65625,-0.364,1065764700.0,2003-10-10 15:45:00+10:00
283.666667,-0.324,1065765600.0,2003-10-10 16:00:00+10:00
283.677083,-0.294,1065766500.0,2003-10-10 16:15:00+10:00
283.6875,-0.204,1065767400.0,2003-10-10 16:30:00+10:00
283.697917,-0.174,1065768300.0,2003-10-10 16:45:00+10:00
283.708333,-0.084,1065769200.0,2003-10-10 17:00:00+10:00
283.71875,-0.034,1065770100.0,2003-10-10 17:15:00+10:00
283.729167,0.036,1065771000.0,2003-10-10 17:30:00+10:00
283.739583,0.106,1065771900.0,2003-10-10 17:45:00+10:00
283.75,0.176,1065772800.0,2003-10-10 18:00:00+10:00
283.760417,0.246,1065773700.0,2003-10-10 18:15:00+10:00
283.770833,0.286,1065774600.0,2003-10-10 18:30:00+10:00
283.78125,0.326,1065775500.0,2003-10-10 18:45:00+10:00
283.791667,0.386,1065776400.0,2003-10-10 19:00:00+10:00
283.802083,0.416,1065777300.0,2003-10-10 19:15:00+10:00
283.8125,0.426,1065778200.0,2003-10-10 19:30:00+10:00
283.822917,0.476,1065779100.0,2003-10-10 19:45:00+10:00
283.833333,0.466,1065780000.0,2003-10-10 20:00:00+10:00
283.84375,0.496,1065780900.0,2003-10-10 20:15:00+10:00
283.854167,0.486,1065781800.0,2003-10-10 20:30:00+10:00
283.864583,0.486,1065782700.0,2003-10-10 20:45:00+10:00
283.875,0.456,1065783600.0,2003-10-10 21:00:00+10:00
283.885417,0.406,1065784500.0,2003-10-10 21:15:00+10:00
283.895833,0.406,1065785400.0,2003-10-10 21:30:00+10:00
283.90625,0.316,1065786300.0,2003-10-10 21:45:00+10:00
283.916667,0.296,1065787200.0,2003-10-10 22:00:00+10:00
283.927083,0.216,1065788100.0,2003-10-10 22:15:00+10:00
283.9375,0.156,1065789000.0,2003-10-10 22:30:00+10:00
283.947917,0.096,1065789900.0,2003-10-10 22:45:00+10:00
283.958333,0.006,1065790800.0,2003-10-10 23:00:00+10:00
283.96875,-0.034,1065791700.0,2003-10-10 23:15:00+10:00
283.979167,-0.114,1065792600.0,2003-10-10 23:30:00+10:00
283.989583,-0.214,1065793500.0,2003-10-10 23:45:00+10:00
284.0,-0.254,1065794400.0,2003-10-11 00:00:00+10:00
284.010417,-0.324,1065795300.0,2003-10-11 00:15:00+10:00
284.020833,-0.384,1065796200.0,2003-10-11 00:30:00+10:00
284.03125,-0.424,1065797100.0,2003-10-11 00:45:00+10:00
284.041667,-0.464,1065798000.0,2003-10-11 01:00:00+10:00
284.052083,-0.544,1065798900.0,2003-10-11 01:15:00+10:00
284.0625,-0.544,1065799800.0,2003-10-11 01:30:00+10:00
284.072917,-0.574,1065800700.0,2003-10-11 01:45:00+10:00
284.083333,-0.614,1065801600.0,2003-10-11 02:00:00+10:00
284.09375,-0.614,1065802500.0,2003-10-11 02:15:00+10:00
284.104167,-0.634,1065803400.0,2003-10-11 02:30:00+10:00
284.114583,-0.594,1065804300.0,2003-10-11 02:45:00+10:00
284.125,-0.604,1065805200.0,2003-10-11 03:00:00+10:00
284.135417,-0.594,1065806100.0,2003-10-11 03:15:00+10:00
284.145833,-0.554,1065807000.0,2003-10-11 03:30:00+10:00
284.15625,-0.514,1065807900.0,2003-10-11 03:45:00+10:00
284.166667,-0.454,1065808800.0,2003-10-11 04:00:00+10:00
284.177083,-0.424,1065809700.0,2003-10-11 04:15:00+10:00
284.1875,-0.384,1065810600.0,2003-10-11 04:30:00+10:00
284.197917,-0.304,1065811500.0,2003-10-11 04:45:00+10:00
284.208333,-0.244,1065812400.0,2003-10-11 05:00:00+10:00
284.21875,-0.184,1065813300.0,2003-10-11 05:15:00+10:00
284.229167,-0.104,1065814200.0,2003-10-11 05:30:00+10:00
284.239583,-0.044,1065815100.0,2003-10-11 05:45:00+10:00
284.25,0.006,1065816000.0,2003-10-11 06:00:00+10:00
284.260417,0.106,1065816900.0,2003-10-11 06:15:00+10:00
284.270833,0.156,1065817800.0,2003-10-11 06:30:00+10:00
284.28125,0.196,1065818700.0,2003-10-11 06:45:00+10:00
284.291667,0.266,1065819600.0,2003-10-11 07:00:00+10:00
284.302083,0.326,1065820500.0,2003-10-11 07:15:00+10:00
284.3125,0.326,1065821400.0,2003-10-11 07:30:00+10:00
284.322917,0.396,1065822300.0,2003-10-11 07:45:00+10:00
284.333333,0.396,1065823200.0,2003-10-11 08:00:00+10:00
284.34375,0.416,1065824100.0,2003-10-11 08:15:00+10:00
284.354167,0.436,1065825000.0,2003-10-11 08:30:00+10:00
284.364583,0.416,1065825900.0,2003-10-11 08:45:00+10:00
284.375,0.436,1065826800.0,2003-10-11 09:00:00+10:00
284.385417,0.406,1065827700.0,2003-10-11 09:15:00+10:00
284.395833,0.356,1065828600.0,2003-10-11 09:30:00+10:00
284.40625,0.316,1065829500.0,2003-10-11 09:45:00+10:00
284.416667,0.266,1065830400.0,2003-10-11 10:00:00+10:00
284.427083,0.236,1065831300.0,2003-10-11 10:15:00+10:00
284.4375,0.186,1065832200.0,2003-10-11 10:30:00+10:00
284.447917,0.106,1065833100.0,2003-10-11 10:45:00+10:00
284.458333,0.026,1065834000.0,2003-10-11 11:00:00+10:00
284.46875,-0.034,1065834900.0,2003-10-11 11:15:00+10:00
284.479167,-0.124,1065835800.0,2003-10-11 11:30:00+10:00
284.489583,-0.194,1065836700.0,2003-10-11 11:45:00+10:00
284.5,-0.244,1065837600.0,2003-10-11 12:00:00+10:00
284.510417,-0.354,1065838500.0,2003-10-11 12:15:00+10:00
284.520833,-0.394,1065839400.0,2003-10-11 12:30:00+10:00
284.53125,-0.454,1065840300.0,2003-10-11 12:45:00+10:00
284.541667,-0.514,1065841200.0,2003-10-11 13:00:00+10:00
284.552083,-0.584,1065842100.0,2003-10-11 13:15:00+10:00
284.5625,-0.644,1065843000.0,2003-10-11 13:30:00+10:00
284.572917,-0.674,1065843900.0,2003-10-11 13:45:00+10:00
284.583333,-0.694,1065844800.0,2003-10-11 14:00:00+10:00
284.59375,-0.734,1065845700.0,2003-10-11 14:15:00+10:00
284.604167,-0.774,1065846600.0,2003-10-11 14:30:00+10:00
284.614583,-0.764,1065847500.0,2003-10-11 14:45:00+10:00
284.625,-0.784,1065848400.0,2003-10-11 15:00:00+10:00
284.635417,-0.744,1065849300.0,2003-10-11 15:15:00+10:00
284.645833,-0.744,1065850200.0,2003-10-11 15:30:00+10:00
284.65625,-0.774,1065851100.0,2003-10-11 15:45:00+10:00
284.666667,-0.704,1065852000.0,2003-10-11 16:00:00+10:00
284.677083,-0.664,1065852900.0,2003-10-11 16:15:00+10:00
284.6875,-0.624,1065853800.0,2003-10-11 16:30:00+10:00
284.697917,-0.594,1065854700.0,2003-10-11 16:45:00+10:00
284.708333,-0.524,1065855600.0,2003-10-11 17:00:00+10:00
284.71875,-0.494,1065856500.0,2003-10-11 17:15:00+10:00
284.729167,-0.404,1065857400.0,2003-10-11 17:30:00+10:00
284.739583,-0.324,1065858300.0,2003-10-11 17:45:00+10:00
284.75,-0.314,1065859200.0,2003-10-11 18:00:00+10:00
284.760417,-0.224,1065860100.0,2003-10-11 18:15:00+10:00
284.770833,-0.154,1065861000.0,2003-10-11 18:30:00+10:00
284.78125,-0.104,1065861900.0,2003-10-11 18:45:00+10:00
284.791667,-0.034,1065862800.0,2003-10-11 19:00:00+10:00
284.802083,-0.024,1065863700.0,2003-10-11 19:15:00+10:00
284.8125,0.046,1065864600.0,2003-10-11 19:30:00+10:00
284.822917,0.106,1065865500.0,2003-10-11 19:45:00+10:00
284.833333,0.116,1065866400.0,2003-10-11 20:00:00+10:00
284.84375,0.126,1065867300.0,2003-10-11 20:15:00+10:00
284.854167,0.156,1065868200.0,2003-10-11 20:30:00+10:00
284.864583,0.186,1065869100.0,2003-10-11 20:45:00+10:00
284.875,0.176,1065870000.0,2003-10-11 21:00:00+10:00
284.885417,0.166,1065870900.0,2003-10-11 21:15:00+10:00
284.895833,0.146,1065871800.0,2003-10-11 21:30:00+10:00
284.90625,0.126,1065872700.0,2003-10-11 21:45:00+10:00
284.916667,0.116,1065873600.0,2003-10-11 22:00:00+10:00
284.927083,0.056,1065874500.0,2003-10-11 22:15:00+10:00
284.9375,0.006,1065875400.0,2003-10-11 22:30:00+10:00
284.947917,-0.024,1065876300.0,2003-10-11 22:45:00+10:00
284.958333,-0.064,1065877200.0,2003-10-11 23:00:00+10:00
284.96875,-0.164,1065878100.0,2003-10-11 23:15:00+10:00
284.979167,-0.214,1065879000.0,2003-10-11 23:30:00+10:00
284.989583,-0.274,1065879900.0,2003-10-11 23:45:00+10:00
285.0,-0.354,1065880800.0,2003-10-12 00:00:00+10:00
285.010417,-0.374,1065881700.0,2003-10-12 00:15:00+10:00
285.020833,-0.454,1065882600.0,2003-10-12 00:30:00+10:00
285.03125,-0.524,1065883500.0,2003-10-12 00:45:00+10:00
285.041667,-0.544,1065884400.0,2003-10-12 01:00:00+10:00
285.052083,-0.604,1065885300.0,2003-10-12 01:15:00+10:00
285.0625,-0.634,1065886200.0,2003-10-12 01:30:00+10:00
285.072917,-0.694,1065887100.0,2003-10-12 01:45:00+10:00
285.083333,-0.724,1065888000.0,2003-10-12 02:00:00+10:00
285.09375,-0.734,1065888900.0,2003-10-12 02:15:00+10:00
285.104167,-0.754,1065889800.0,2003-10-12 02:30:00+10:00
285.114583,-0.764,1065890700.0,2003-10-12 02:45:00+10:00
285.125,-0.774,1065891600.0,2003-10-12 03:00:00+10:00
285.135417,-0.754,1065892500.0,2003-10-12 03:15:00+10:00
285.145833,-0.724,1065893400.0,2003-10-12 03:30:00+10:00
285.15625,-0.694,1065894300.0,2003-10-12 03:45:00+10:00
285.166667,-0.694,1065895200.0,2003-10-12 04:00:00+10:00
285.177083,-0.634,1065896100.0,2003-10-12 04:15:00+10:00
285.1875,-0.574,1065897000.0,2003-10-12 04:30:00+10:00
285.197917,-0.544,1065897900.0,2003-10-12 04:45:00+10:00
285.208333,-0.474,1065898800.0,2003-10-12 05:00:00+10:00
285.21875,-0.424,1065899700.0,2003-10-12 05:15:00+10:00
285.229167,-0.344,1065900600.0,2003-10-12 05:30:00+10:00
285.239583,-0.274,1065901500.0,2003-10-12 05:45:00+10:00
285.25,-0.214,1065902400.0,2003-10-12 06:00:00+10:00
285.260417,-0.164,1065903300.0,2003-10-12 06:15:00+10:00
285.270833,-0.084,1065904200.0,2003-10-12 06:30:00+10:00
285.28125,-0.004,1065905100.0,2003-10-12 06:45:00+10:00
285.291667,0.026,1065906000.0,2003-10-12 07:00:00+10:00
285.302083,0.096,1065906900.0,2003-10-12 07:15:00+10:00
285.3125,0.146,1065907800.0,2003-10-12 07:30:00+10:00
285.322917,0.216,1065908700.0,2003-10-12 07:45:00+10:00
285.333333,0.246,1065909600.0,2003-10-12 08:00:00+10:00
285.34375,0.266,1065910500.0,2003-10-12 08:15:00+10:00
285.354167,0.286,1065911400.0,2003-10-12 08:30:00+10:00
285.364583,0.336,1065912300.0,2003-10-12 08:45:00+10:00
285.375,0.366,1065913200.0,2003-10-12 09:00:00+10:00
285.385417,0.326,1065914100.0,2003-10-12 09:15:00+10:00
285.395833,0.326,1065915000.0,2003-10-12 09:30:00+10:00
285.40625,0.316,1065915900.0,2003-10-12 09:45:00+10:00
285.416667,0.306,1065916800.0,2003-10-12 10:00:00+10:00
285.427083,0.276,1065917700.0,2003-10-12 10:15:00+10:00
285.4375,0.196,1065918600.0,2003-10-12 10:30:00+10:00
285.447917,0.156,1065919500.0,2003-10-12 10:45:00+10:00
285.458333,0.116,1065920400.0,2003-10-12 11:00:00+10:00
285.46875,0.076,1065921300.0,2003-10-12 11:15:00+10:00
285.479167,-0.014,1065922200.0,2003-10-12 11:30:00+10:00
285.489583,-0.104,1065923100.0,2003-10-12 11:45:00+10:00
285.5,-0.144,1065924000.0,2003-10-12 12:00:00+10:00
285.510417,-0.224,1065924900.0,2003-10-12 12:15:00+10:00
285.520833,-0.284,1065925800.0,2003-10-12 12:30:00+10:00
285.53125,-0.364,1065926700.0,2003-10-12 12:45:00+10:00
285.541667,-0.444,1065927600.0,2003-10-12 13:00:00+10:00
285.552083,-0.504,1065928500.0,2003-10-12 13:15:00+10:00
285.5625,-0.544,1065929400.0,2003-10-12 13:30:00+10:00
285.572917,-0.614,1065930300.0,2003-10-12 13:45:00+10:00
285.583333,-0.684,1065931200.0,2003-10-12 14:00:00+10:00
285.59375,-0.704,1065932100.0,2003-10-12 14:15:00+10:00
285.604167,-0.724,1065933000.0,2003-10-12 14:30:00+10:00
285.614583,-0.784,1065933900.0,2003-10-12 14:45:00+10:00
285.625,-0.784,1065934800.0,2003-10-12 15:00:00+10:00
285.635417,-0.794,1065935700.0,2003-10-12 15:15:00+10:00
285.645833,-0.834,1065936600.0,2003-10-12 15:30:00+10:00
285.65625,-0.794,1065937500.0,2003-10-12 15:45:00+10:00
285.666667,-0.794,1065938400.0,2003-10-12 16:00:00+10:00
285.677083,-0.794,1065939300.0,2003-10-12 16:15:00+10:00
285.6875,-0.754,1065940200.0,2003-10-12 16:30:00+10:00
285.697917,-0.724,1065941100.0,2003-10-12 16:45:00+10:00
285.708333,-0.714,1065942000.0,2003-10-12 17:00:00+10:00
285.71875,-0.664,1065942900.0,2003-10-12 17:15:00+10:00
285.729167,-0.604,1065943800.0,2003-10-12 17:30:00+10:00
285.739583,-0.544,1065944700.0,2003-10-12 17:45:00+10:00
285.75,-0.484,1065945600.0,2003-10-12 18:00:00+10:00
285.760417,-0.444,1065946500.0,2003-10-12 18:15:00+10:00
285.770833,-0.384,1065947400.0,2003-10-12 18:30:00+10:00
285.78125,-0.314,1065948300.0,2003-10-12 18:45:00+10:00
285.791667,-0.264,1065949200.0,2003-10-12 19:00:00+10:00
285.802083,-0.204,1065950100.0,2003-10-12 19:15:00+10:00
285.8125,-0.184,1065951000.0,2003-10-12 19:30:00+10:00
285.822917,-0.124,1065951900.0,2003-10-12 19:45:00+10:00
285.833333,-0.044,1065952800.0,2003-10-12 20:00:00+10:00
285.84375,-0.054,1065953700.0,2003-10-12 20:15:00+10:00
285.854167,-0.004,1065954600.0,2003-10-12 20:30:00+10:00
285.864583,0.016,1065955500.0,2003-10-12 20:45:00+10:00
285.875,0.046,1065956400.0,2003-10-12 21:00:00+10:00
285.885417,0.066,1065957300.0,2003-10-12 21:15:00+10:00
285.895833,0.076,1065958200.0,2003-10-12 21:30:00+10:00
285.90625,0.056,1065959100.0,2003-10-12 21:45:00+10:00
285.916667,0.036,1065960000.0,2003-10-12 22:00:00+10:00
285.927083,0.046,1065960900.0,2003-10-12 22:15:00+10:00
285.9375,-0.004,1065961800.0,2003-10-12 22:30:00+10:00
285.947917,-0.034,1065962700.0,2003-10-12 22:45:00+10:00
285.958333,-0.074,1065963600.0,2003-10-12 23:00:00+10:00
285.96875,-0.124,1065964500.0,2003-10-12 23:15:00+10:00
285.979167,-0.154,1065965400.0,2003-10-12 23:30:00+10:00
285.989583,-0.234,1065966300.0,2003-10-12 23:45:00+10:00
286.0,-0.294,1065967200.0,2003-10-13 00:00:00+10:00
286.010417,-0.324,1065968100.0,2003-10-13 00:15:00+10:00
286.020833,-0.404,1065969000.0,2003-10-13 00:30:00+10:00
286.03125,-0.454,1065969900.0,2003-10-13 00:45:00+10:00
286.041667,-0.494,1065970800.0,2003-10-13 01:00:00+10:00
286.052083,-0.584,1065971700.0,2003-10-13 01:15:00+10:00
286.0625,-0.604,1065972600.0,2003-10-13 01:30:00+10:00
286.072917,-0.644,1065973500.0,2003-10-13 01:45:00+10:00
286.083333,-0.704,1065974400.0,2003-10-13 02:00:00+10:00
286.09375,-0.734,1065975300.0,2003-10-13 02:15:00+10:00
286.104167,-0.764,1065976200.0,2003-10-13 02:30:00+10:00
286.114583,-0.774,1065977100.0,2003-10-13 02:45:00+10:00
286.125,-0.774,1065978000.0,2003-10-13 03:00:00+10:00
286.135417,-0.804,1065978900.0,2003-10-13 03:15:00+10:00
286.145833,-0.814,1065979800.0,2003-10-13 03:30:00+10:00
286.15625,-0.774,1065980700.0,2003-10-13 03:45:00+10:00
286.166667,-0.784,1065981600.0,2003-10-13 04:00:00+10:00
286.177083,-0.744,1065982500.0,2003-10-13 04:15:00+10:00
286.1875,-0.704,1065983400.0,2003-10-13 04:30:00+10:00
286.197917,-0.694,1065984300.0,2003-10-13 04:45:00+10:00
286.208333,-0.644,1065985200.0,2003-10-13 05:00:00+10:00
286.21875,-0.554,1065986100.0,2003-10-13 05:15:00+10:00
286.229167,-0.534,1065987000.0,2003-10-13 05:30:00+10:00
286.239583,-0.484,1065987900.0,2003-10-13 05:45:00+10:00
286.25,-0.414,1065988800.0,2003-10-13 06:00:00+10:00
286.260417,-0.364,1065989700.0,2003-10-13 06:15:00+10:00
286.270833,-0.284,1065990600.0,2003-10-13 06:30:00+10:00
286.28125,-0.224,1065991500.0,2003-10-13 06:45:00+10:00
286.291667,-0.184,1065992400.0,2003-10-13 07:00:00+10:00
286.302083,-0.104,1065993300.0,2003-10-13 07:15:00+10:00
286.3125,-0.054,1065994200.0,2003-10-13 07:30:00+10:00
286.322917,0.006,1065995100.0,2003-10-13 07:45:00+10:00
286.333333,0.066,1065996000.0,2003-10-13 08:00:00+10:00
286.34375,0.086,1065996900.0,2003-10-13 08:15:00+10:00
286.354167,0.136,1065997800.0,2003-10-13 08:30:00+10:00
286.364583,0.186,1065998700.0,2003-10-13 08:45:00+10:00
286.375,0.206,1065999600.0,2003-10-13 09:00:00+10:00
286.385417,0.226,1066000500.0,2003-10-13 09:15:00+10:00
286.395833,0.216,1066001400.0,2003-10-13 09:30:00+10:00
286.40625,0.236,1066002300.0,2003-10-13 09:45:00+10:00
286.416667,0.246,1066003200.0,2003-10-13 10:00:00+10:00
286.427083,0.216,1066004100.0,2003-10-13 10:15:00+10:00
286.4375,0.176,1066005000.0,2003-10-13 10:30:00+10:00
286.447917,0.166,1066005900.0,2003-10-13 10:45:00+10:00
286.458333,0.146,1066006800.0,2003-10-13 11:00:00+10:00
286.46875,0.096,1066007700.0,2003-10-13 11:15:00+10:00
286.479167,0.036,1066008600.0,2003-10-13 11:30:00+10:00
286.489583,-0.034,1066009500.0,2003-10-13 11:45:00+10:00
286.5,-0.084,1066010400.0,2003-10-13 12:00:00+10:00
286.510417,-0.134,1066011300.0,2003-10-13 12:15:00+10:00
286.520833,-0.224,1066012200.0,2003-10-13 12:30:00+10:00
286.53125,-0.304,1066013100.0,2003-10-13 12:45:00+10:00
286.541667,-0.354,1066014000.0,2003-10-13 13:00:00+10:00
286.552083,-0.424,1066014900.0,2003-10-13 13:15:00+10:00
286.5625,-0.494,1066015800.0,2003-10-13 13:30:00+10:00
286.572917,-0.564,1066016700.0,2003-10-13 13:45:00+10:00
286.583333,-0.624,1066017600.0,2003-10-13 14:00:00+10:00
286.59375,-0.674,1066018500.0,2003-10-13 14:15:00+10:00
286.604167,-0.704,1066019400.0,2003-10-13 14:30:00+10:00
286.614583,-0.754,1066020300.0,2003-10-13 14:45:00+10:00
286.625,-0.814,1066021200.0,2003-10-13 15:00:00+10:00
286.635417,-0.824,1066022100.0,2003-10-13 15:15:00+10:00
286.645833,-0.844,1066023000.0,2003-10-13 15:30:00+10:00
286.65625,-0.854,1066023900.0,2003-10-13 15:45:00+10:00
286.666667,-0.894,1066024800.0,2003-10-13 16:00:00+10:00
286.677083,-0.884,1066025700.0,2003-10-13 16:15:00+10:00
286.6875,-0.874,1066026600.0,2003-10-13 16:30:00+10:00
286.697917,-0.874,1066027500.0,2003-10-13 16:45:00+10:00
286.708333,-0.834,1066028400.0,2003-10-13 17:00:00+10:00
286.71875,-0.834,1066029300.0,2003-10-13 17:15:00+10:00
286.729167,-0.804,1066030200.0,2003-10-13 17:30:00+10:00
286.739583,-0.734,1066031100.0,2003-10-13 17:45:00+10:00
286.75,-0.694,1066032000.0,2003-10-13 18:00:00+10:00
286.760417,-0.654,1066032900.0,2003-10-13 18:15:00+10:00
286.770833,-0.624,1066033800.0,2003-10-13 18:30:00+10:00
286.78125,-0.574,1066034700.0,2003-10-13 18:45:00+10:00
286.791667,-0.494,1066035600.0,2003-10-13 19:00:00+10:00
286.802083,-0.444,1066036500.0,2003-10-13 19:15:00+10:00
286.8125,-0.414,1066037400.0,2003-10-13 19:30:00+10:00
286.822917,-0.374,1066038300.0,2003-10-13 19:45:00+10:00
286.833333,-0.304,1066039200.0,2003-10-13 20:00:00+10:00
286.84375,-0.264,1066040100.0,2003-10-13 20:15:00+10:00
286.854167,-0.214,1066041000.0,2003-10-13 20:30:00+10:00
286.864583,-0.194,1066041900.0,2003-10-13 20:45:00+10:00
286.875,-0.154,1066042800.0,2003-10-13 21:00:00+10:00
286.885417,-0.104,1066043700.0,2003-10-13 21:15:00+10:00
286.895833,-0.094,1066044600.0,2003-10-13 21:30:00+10:00
286.90625,-0.064,1066045500.0,2003-10-13 21:45:00+10:00
286.916667,-0.064,1066046400.0,2003-10-13 22:00:00+10:00
286.927083,-0.054,1066047300.0,2003-10-13 22:15:00+10:00
286.9375,-0.074,1066048200.0,2003-10-13 22:30:00+10:00
286.947917,-0.064,1066049100.0,2003-10-13 22:45:00+10:00
286.958333,-0.074,1066050000.0,2003-10-13 23:00:00+10:00
286.96875,-0.114,1066050900.0,2003-10-13 23:15:00+10:00
286.979167,-0.154,1066051800.0,2003-10-13 23:30:00+10:00
286.989583,-0.184,1066052700.0,2003-10-13 23:45:00+10:00
287.0,-0.224,1066053600.0,2003-10-14 00:00:00+10:00
287.010417,-0.264,1066054500.0,2003-10-14 00:15:00+10:00
287.020833,-0.314,1066055400.0,2003-10-14 00:30:00+10:00
287.03125,-0.364,1066056300.0,2003-10-14 00:45:00+10:00
287.041667,-0.424,1066057200.0,2003-10-14 01:00:00+10:00
287.052083,-0.444,1066058100.0,2003-10-14 01:15:00+10:00
287.0625,-0.514,1066059000.0,2003-10-14 01:30:00+10:00
287.072917,-0.554,1066059900.0,2003-10-14 01:45:00+10:00
287.083333,-0.584,1066060800.0,2003-10-14 02:00:00+10:00
287.09375,-0.624,1066061700.0,2003-10-14 02:15:00+10:00
287.104167,-0.654,1066062600.0,2003-10-14 02:30:00+10:00
287.114583,-0.684,1066063500.0,2003-10-14 02:45:00+10:00
287.125,-0.714,1066064400.0,2003-10-14 03:00:00+10:00
287.135417,-0.744,1066065300.0,2003-10-14 03:15:00+10:00
287.145833,-0.724,1066066200.0,2003-10-14 03:30:00+10:00
287.15625,-0.734,1066067100.0,2003-10-14 03:45:00+10:00
287.166667,-0.724,1066068000.0,2003-10-14 04:00:00+10:00
287.177083,-0.734,1066068900.0,2003-10-14 04:15:00+10:00
287.1875,-0.714,1066069800.0,2003-10-14 04:30:00+10:00
287.197917,-0.664,1066070700.0,2003-10-14 04:45:00+10:00
287.208333,-0.654,1066071600.0,2003-10-14 05:00:00+10:00
287.21875,-0.624,1066072500.0,2003-10-14 05:15:00+10:00
287.229167,-0.584,1066073400.0,2003-10-14 05:30:00+10:00
287.239583,-0.564,1066074300.0,2003-10-14 05:45:00+10:00
287.25,-0.464,1066075200.0,2003-10-14 06:00:00+10:00
287.260417,-0.444,1066076100.0,2003-10-14 06:15:00+10:00
287.270833,-0.414,1066077000.0,2003-10-14 06:30:00+10:00
287.28125,-0.334,1066077900.0,2003-10-14 06:45:00+10:00
287.291667,-0.254,1066078800.0,2003-10-14 07:00:00+10:00
287.302083,-0.214,1066079700.0,2003-10-14 07:15:00+10:00
287.3125,-0.164,1066080600.0,2003-10-14 07:30:00+10:00
287.322917,-0.104,1066081500.0,2003-10-14 07:45:00+10:00
287.333333,-0.044,1066082400.0,2003-10-14 08:00:00+10:00
287.34375,0.026,1066083300.0,2003-10-14 08:15:00+10:00
287.354167,0.046,1066084200.0,2003-10-14 08:30:00+10:00
287.364583,0.106,1066085100.0,2003-10-14 08:45:00+10:00
287.375,0.146,1066086000.0,2003-10-14 09:00:00+10:00
287.385417,0.176,1066086900.0,2003-10-14 09:15:00+10:00
287.395833,0.206,1066087800.0,2003-10-14 09:30:00+10:00
287.40625,0.226,1066088700.0,2003-10-14 09:45:00+10:00
287.416667,0.236,1066089600.0,2003-10-14 10:00:00+10:00
287.427083,0.246,1066090500.0,2003-10-14 10:15:00+10:00
287.4375,0.236,1066091400.0,2003-10-14 10:30:00+10:00
287.447917,0.236,1066092300.0,2003-10-14 10:45:00+10:00
287.458333,0.206,1066093200.0,2003-10-14 11:00:00+10:00
287.46875,0.206,1066094100.0,2003-10-14 11:15:00+10:00
287.479167,0.156,1066095000.0,2003-10-14 11:30:00+10:00
287.489583,0.116,1066095900.0,2003-10-14 11:45:00+10:00
287.5,0.056,1066096800.0,2003-10-14 12:00:00+10:00
287.510417,0.016,1066097700.0,2003-10-14 12:15:00+10:00
287.520833,-0.044,1066098600.0,2003-10-14 12:30:00+10:00
287.53125,-0.124,1066099500.0,2003-10-14 12:45:00+10:00
287.541667,-0.184,1066100400.0,2003-10-14 13:00:00+10:00
287.552083,-0.254,1066101300.0,2003-10-14 13:15:00+10:00
287.5625,-0.284,1066102200.0,2003-10-14 13:30:00+10:00
287.572917,-0.354,1066103100.0,2003-10-14 13:45:00+10:00
287.583333,-0.464,1066104000.0,2003-10-14 14:00:00+10:00
287.59375,-0.474,1066104900.0,2003-10-14 14:15:00+10:00
287.604167,-0.554,1066105800.0,2003-10-14 14:30:00+10:00
287.614583,-0.584,1066106700.0,2003-10-14 14:45:00+10:00
287.625,-0.634,1066107600.0,2003-10-14 15:00:00+10:00
287.635417,-0.714,1066108500.0,2003-10-14 15:15:00+10:00
287.645833,-0.734,1066109400.0,2003-10-14 15:30:00+10:00
287.65625,-0.764,1066110300.0,2003-10-14 15:45:00+10:00
287.666667,-0.774,1066111200.0,2003-10-14 16:00:00+10:00
287.677083,-0.814,1066112100.0,2003-10-14 16:15:00+10:00
287.6875,-0.864,1066113000.0,2003-10-14 16:30:00+10:00
287.697917,-0.824,1066113900.0,2003-10-14 16:45:00+10:00
287.708333,-0.834,1066114800.0,2003-10-14 17:00:00+10:00
287.71875,-0.824,1066115700.0,2003-10-14 17:15:00+10:00
287.729167,-0.824,1066116600.0,2003-10-14 17:30:00+10:00
287.739583,-0.804,1066117500.0,2003-10-14 17:45:00+10:00
287.75,-0.774,1066118400.0,2003-10-14 18:00:00+10:00
287.760417,-0.734,1066119300.0,2003-10-14 18:15:00+10:00
287.770833,-0.684,1066120200.0,2003-10-14 18:30:00+10:00
287.78125,-0.714,1066121100.0,2003-10-14 18:45:00+10:00
287.791667,-0.634,1066122000.0,2003-10-14 19:00:00+10:00
287.802083,-0.564,1066122900.0,2003-10-14 19:15:00+10:00
287.8125,-0.544,1066123800.0,2003-10-14 19:30:00+10:00
287.822917,-0.474,1066124700.0,2003-10-14 19:45:00+10:00
287.833333,-0.474,1066125600.0,2003-10-14 20:00:00+10:00
287.84375,-0.404,1066126500.0,2003-10-14 20:15:00+10:00
287.854167,-0.344,1066127400.0,2003-10-14 20:30:00+10:00
287.864583,-0.324,1066128300.0,2003-10-14 20:45:00+10:00
287.875,-0.294,1066129200.0,2003-10-14 21:00:00+10:00
287.885417,-0.254,1066130100.0,2003-10-14 21:15:00+10:00
287.895833,-0.204,1066131000.0,2003-10-14 21:30:00+10:00
287.90625,-0.194,1066131900.0,2003-10-14 21:45:00+10:00
287.916667,-0.154,1066132800.0,2003-10-14 22:00:00+10:00
287.927083,-0.164,1066133700.0,2003-10-14 22:15:00+10:00
287.9375,-0.134,1066134600.0,2003-10-14 22:30:00+10:00
287.947917,-0.094,1066135500.0,2003-10-14 22:45:00+10:00
287.958333,-0.114,1066136400.0,2003-10-14 23:00:00+10:00
287.96875,-0.114,1066137300.0,2003-10-14 23:15:00+10:00
287.979167,-0.144,1066138200.0,2003-10-14 23:30:00+10:00
287.989583,-0.134,1066139100.0,2003-10-14 23:45:00+10:00
288.0,-0.154,1066140000.0,2003-10-15 00:00:00+10:00
288.010417,-0.204,1066140900.0,2003-10-15 00:15:00+10:00
288.020833,-0.244,1066141800.0,2003-10-15 00:30:00+10:00
288.03125,-0.244,1066142700.0,2003-10-15 00:45:00+10:00
288.041667,-0.284,1066143600.0,2003-10-15 01:00:00+10:00
288.052083,-0.344,1066144500.0,2003-10-15 01:15:00+10:00
288.0625,-0.364,1066145400.0,2003-10-15 01:30:00+10:00
288.072917,-0.414,1066146300.0,2003-10-15 01:45:00+10:00
288.083333,-0.454,1066147200.0,2003-10-15 02:00:00+10:00
288.09375,-0.484,1066148100.0,2003-10-15 02:15:00+10:00
288.104167,-0.514,1066149000.0,2003-10-15 02:30:00+10:00
288.114583,-0.554,1066149900.0,2003-10-15 02:45:00+10:00
288.125,-0.564,1066150800.0,2003-10-15 03:00:00+10:00
288.135417,-0.594,1066151700.0,2003-10-15 03:15:00+10:00
288.145833,-0.604,1066152600.0,2003-10-15 03:30:00+10:00
288.15625,-0.624,1066153500.0,2003-10-15 03:45:00+10:00
288.166667,-0.624,1066154400.0,2003-10-15 04:00:00+10:00
288.177083,-0.624,1066155300.0,2003-10-15 04:15:00+10:00
288.1875,-0.644,1066156200.0,2003-10-15 04:30:00+10:00
288.197917,-0.624,1066157100.0,2003-10-15 04:45:00+10:00
288.208333,-0.604,1066158000.0,2003-10-15 05:00:00+10:00
288.21875,-0.594,1066158900.0,2003-10-15 05:15:00+10:00
288.229167,-0.564,1066159800.0,2003-10-15 05:30:00+10:00
288.239583,-0.534,1066160700.0,2003-10-15 05:45:00+10:00
288.25,-0.524,1066161600.0,2003-10-15 06:00:00+10:00
288.260417,-0.444,1066162500.0,2003-10-15 06:15:00+10:00
288.270833,-0.414,1066163400.0,2003-10-15 06:30:00+10:00
288.28125,-0.414,1066164300.0,2003-10-15 06:45:00+10:00
288.291667,-0.324,1066165200.0,2003-10-15 07:00:00+10:00
288.302083,-0.284,1066166100.0,2003-10-15 07:15:00+10:00
288.3125,-0.204,1066167000.0,2003-10-15 07:30:00+10:00
288.322917,-0.164,1066167900.0,2003-10-15 07:45:00+10:00
288.333333,-0.144,1066168800.0,2003-10-15 08:00:00+10:00
288.34375,-0.054,1066169700.0,2003-10-15 08:15:00+10:00
288.354167,0.016,1066170600.0,2003-10-15 08:30:00+10:00
288.364583,0.046,1066171500.0,2003-10-15 08:45:00+10:00
288.375,0.066,1066172400.0,2003-10-15 09:00:00+10:00
288.385417,0.126,1066173300.0,2003-10-15 09:15:00+10:00
288.395833,0.176,1066174200.0,2003-10-15 09:30:00+10:00
288.40625,0.226,1066175100.0,2003-10-15 09:45:00+10:00
288.416667,0.216,1066176000.0,2003-10-15 10:00:00+10:00
288.427083,0.226,1066176900.0,2003-10-15 10:15:00+10:00
288.4375,0.276,1066177800.0,2003-10-15 10:30:00+10:00
288.447917,0.296,1066178700.0,2003-10-15 10:45:00+10:00
288.458333,0.296,1066179600.0,2003-10-15 11:00:00+10:00
288.46875,0.266,1066180500.0,2003-10-15 11:15:00+10:00
288.479167,0.266,1066181400.0,2003-10-15 11:30:00+10:00
288.489583,0.266,1066182300.0,2003-10-15 11:45:00+10:00
288.5,0.236,1066183200.0,2003-10-15 12:00:00+10:00
288.510417,0.216,1066184100.0,2003-10-15 12:15:00+10:00
288.520833,0.146,1066185000.0,2003-10-15 12:30:00+10:00
288.53125,0.096,1066185900.0,2003-10-15 12:45:00+10:00
288.541667,0.066,1066186800.0,2003-10-15 13:00:00+10:00
288.552083,0.026,1066187700.0,2003-10-15 13:15:00+10:00
288.5625,-0.044,1066188600.0,2003-10-15 13:30:00+10:00
288.572917,-0.134,1066189500.0,2003-10-15 13:45:00+10:00
288.583333,-0.164,1066190400.0,2003-10-15 14:00:00+10:00
288.59375,-0.214,1066191300.0,2003-10-15 14:15:00+10:00
288.604167,-0.284,1066192200.0,2003-10-15 14:30:00+10:00
288.614583,-0.334,1066193100.0,2003-10-15 14:45:00+10:00
288.625,-0.414,1066194000.0,2003-10-15 15:00:00+10:00
288.635417,-0.424,1066194900.0,2003-10-15 15:15:00+10:00
288.645833,-0.474,1066195800.0,2003-10-15 15:30:00+10:00
288.65625,-0.524,1066196700.0,2003-10-15 15:45:00+10:00
288.666667,-0.564,1066197600.0,2003-10-15 16:00:00+10:00
288.677083,-0.604,1066198500.0,2003-10-15 16:15:00+10:00
288.6875,-0.634,1066199400.0,2003-10-15 16:30:00+10:00
288.697917,-0.644,1066200300.0,2003-10-15 16:45:00+10:00
288.708333,-0.684,1066201200.0,2003-10-15 17:00:00+10:00
288.71875,-0.704,1066202100.0,2003-10-15 17:15:00+10:00
288.729167,-0.704,1066203000.0,2003-10-15 17:30:00+10:00
288.739583,-0.724,1066203900.0,2003-10-15 17:45:00+10:00
288.75,-0.694,1066204800.0,2003-10-15 18:00:00+10:00
288.760417,-0.664,1066205700.0,2003-10-15 18:15:00+10:00
288.770833,-0.684,1066206600.0,2003-10-15 18:30:00+10:00
288.78125,-0.644,1066207500.0,2003-10-15 18:45:00+10:00
288.791667,-0.584,1066208400.0,2003-10-15 19:00:00+10:00
288.802083,-0.574,1066209300.0,2003-10-15 19:15:00+10:00
288.8125,-0.554,1066210200.0,2003-10-15 19:30:00+10:00
288.822917,-0.494,1066211100.0,2003-10-15 19:45:00+10:00
288.833333,-0.484,1066212000.0,2003-10-15 20:00:00+10:00
288.84375,-0.434,1066212900.0,2003-10-15 20:15:00+10:00
288.854167,-0.364,1066213800.0,2003-10-15 20:30:00+10:00
288.864583,-0.364,1066214700.0,2003-10-15 20:45:00+10:00
288.875,-0.324,1066215600.0,2003-10-15 21:00:00+10:00
288.885417,-0.284,1066216500.0,2003-10-15 21:15:00+10:00
288.895833,-0.244,1066217400.0,2003-10-15 21:30:00+10:00
288.90625,-0.194,1066218300.0,2003-10-15 21:45:00+10:00
288.916667,-0.174,1066219200.0,2003-10-15 22:00:00+10:00
288.927083,-0.184,1066220100.0,2003-10-15 22:15:00+10:00
288.9375,-0.114,1066221000.0,2003-10-15 22:30:00+10:00
288.947917,-0.104,1066221900.0,2003-10-15 22:45:00+10:00
288.958333,-0.074,1066222800.0,2003-10-15 23:00:00+10:00
288.96875,-0.084,1066223700.0,2003-10-15 23:15:00+10:00
288.979167,-0.154,1066224600.0,2003-10-15 23:30:00+10:00
288.989583,-0.044,1066225500.0,2003-10-15 23:45:00+10:00
289.0,-0.074,1066226400.0,2003-10-16 00:00:00+10:00
289.010417,-0.134,1066227300.0,2003-10-16 00:15:00+10:00
289.020833,-0.144,1066228200.0,2003-10-16 00:30:00+10:00
289.03125,-0.134,1066229100.0,2003-10-16 00:45:00+10:00
289.041667,-0.124,1066230000.0,2003-10-16 01:00:00+10:00
289.052083,-0.194,1066230900.0,2003-10-16 01:15:00+10:00
289.0625,-0.214,1066231800.0,2003-10-16 01:30:00+10:00
289.072917,-0.294,1066232700.0,2003-10-16 01:45:00+10:00
289.083333,-0.234,1066233600.0,2003-10-16 02:00:00+10:00
289.09375,-0.274,1066234500.0,2003-10-16 02:15:00+10:00
289.104167,-0.364,1066235400.0,2003-10-16 02:30:00+10:00
289.114583,-0.384,1066236300.0,2003-10-16 02:45:00+10:00
289.125,-0.424,1066237200.0,2003-10-16 03:00:00+10:00
289.135417,-0.384,1066238100.0,2003-10-16 03:15:00+10:00
289.145833,-0.444,1066239000.0,2003-10-16 03:30:00+10:00
289.15625,-0.494,1066239900.0,2003-10-16 03:45:00+10:00
289.166667,-0.504,1066240800.0,2003-10-16 04:00:00+10:00
289.177083,-0.474,1066241700.0,2003-10-16 04:15:00+10:00
289.1875,-0.484,1066242600.0,2003-10-16 04:30:00+10:00
289.197917,-0.514,1066243500.0,2003-10-16 04:45:00+10:00
289.208333,-0.524,1066244400.0,2003-10-16 05:00:00+10:00
289.21875,-0.534,1066245300.0,2003-10-16 05:15:00+10:00
289.229167,-0.464,1066246200.0,2003-10-16 05:30:00+10:00
289.239583,-0.464,1066247100.0,2003-10-16 05:45:00+10:00
289.25,-0.494,1066248000.0,2003-10-16 06:00:00+10:00
289.260417,-0.494,1066248900.0,2003-10-16 06:15:00+10:00
289.270833,-0.444,1066249800.0,2003-10-16 06:30:00+10:00
289.28125,-0.384,1066250700.0,2003-10-16 06:45:00+10:00
289.291667,-0.374,1066251600.0,2003-10-16 07:00:00+10:00
289.302083,-0.344,1066252500.0,2003-10-16 07:15:00+10:00
289.3125,-0.304,1066253400.0,2003-10-16 07:30:00+10:00
289.322917,-0.234,1066254300.0,2003-10-16 07:45:00+10:00
289.333333,-0.194,1066255200.0,2003-10-16 08:00:00+10:00
289.34375,-0.144,1066256100.0,2003-10-16 08:15:00+10:00
289.354167,-0.104,1066257000.0,2003-10-16 08:30:00+10:00
289.364583,-0.064,1066257900.0,2003-10-16 08:45:00+10:00
289.375,0.016,1066258800.0,2003-10-16 09:00:00+10:00
289.385417,0.046,1066259700.0,2003-10-16 09:15:00+10:00
289.395833,0.066,1066260600.0,2003-10-16 09:30:00+10:00
289.40625,0.126,1066261500.0,2003-10-16 09:45:00+10:00
289.416667,0.156,1066262400.0,2003-10-16 10:00:00+10:00
289.427083,0.186,1066263300.0,2003-10-16 10:15:00+10:00
289.4375,0.236,1066264200.0,2003-10-16 10:30:00+10:00
289.447917,0.226,1066265100.0,2003-10-16 10:45:00+10:00
289.458333,0.246,1066266000.0,2003-10-16 11:00:00+10:00
289.46875,0.306,1066266900.0,2003-10-16 11:15:00+10:00
289.479167,0.276,1066267800.0,2003-10-16 11:30:00+10:00
289.489583,0.276,1066268700.0,2003-10-16 11:45:00+10:00
289.5,0.286,1066269600.0,2003-10-16 12:00:00+10:00
289.510417,0.276,1066270500.0,2003-10-16 12:15:00+10:00
289.520833,0.246,1066271400.0,2003-10-16 12:30:00+10:00
289.53125,0.226,1066272300.0,2003-10-16 12:45:00+10:00
289.541667,0.196,1066273200.0,2003-10-16 13:00:00+10:00
289.552083,0.136,1066274100.0,2003-10-16 13:15:00+10:00
289.5625,0.126,1066275000.0,2003-10-16 13:30:00+10:00
289.572917,0.076,1066275900.0,2003-10-16 13:45:00+10:00
289.583333,0.026,1066276800.0,2003-10-16 14:00:00+10:00
289.59375,-0.024,1066277700.0,2003-10-16 14:15:00+10:00
289.604167,-0.074,1066278600.0,2003-10-16 14:30:00+10:00
289.614583,-0.134,1066279500.0,2003-10-16 14:45:00+10:00
289.625,-0.184,1066280400.0,2003-10-16 15:00:00+10:00
289.635417,-0.214,1066281300.0,2003-10-16 15:15:00+10:00
289.645833,-0.264,1066282200.0,2003-10-16 15:30:00+10:00
289.65625,-0.344,1066283100.0,2003-10-16 15:45:00+10:00
289.666667,-0.384,1066284000.0,2003-10-16 16:00:00+10:00
289.677083,-0.424,1066284900.0,2003-10-16 16:15:00+10:00
289.6875,-0.454,1066285800.0,2003-10-16 16:30:00+10:00
289.697917,-0.504,1066286700.0,2003-10-16 16:45:00+10:00
289.708333,-0.554,1066287600.0,2003-10-16 17:00:00+10:00
289.71875,-0.594,1066288500.0,2003-10-16 17:15:00+10:00
289.729167,-0.614,1066289400.0,2003-10-16 17:30:00+10:00
289.739583,-0.624,1066290300.0,2003-10-16 17:45:00+10:00
289.75,-0.644,1066291200.0,2003-10-16 18:00:00+10:00
289.760417,-0.674,1066292100.0,2003-10-16 18:15:00+10:00
289.770833,-0.664,1066293000.0,2003-10-16 18:30:00+10:00
289.78125,-0.664,1066293900.0,2003-10-16 18:45:00+10:00
289.791667,-0.674,1066294800.0,2003-10-16 19:00:00+10:00
289.802083,-0.654,1066295700.0,2003-10-16 19:15:00+10:00
289.8125,-0.654,1066296600.0,2003-10-16 19:30:00+10:00
289.822917,-0.624,1066297500.0,2003-10-16 19:45:00+10:00
289.833333,-0.604,1066298400.0,2003-10-16 20:00:00+10:00
289.84375,-0.604,1066299300.0,2003-10-16 20:15:00+10:00
289.854167,-0.564,1066300200.0,2003-10-16 20:30:00+10:00
289.864583,-0.524,1066301100.0,2003-10-16 20:45:00+10:00
289.875,-0.494,1066302000.0,2003-10-16 21:00:00+10:00
289.885417,-0.474,1066302900.0,2003-10-16 21:15:00+10:00
289.895833,-0.434,1066303800.0,2003-10-16 21:30:00+10:00
289.90625,-0.404,1066304700.0,2003-10-16 21:45:00+10:00
289.916667,-0.374,1066305600.0,2003-10-16 22:00:00+10:00
289.927083,-0.344,1066306500.0,2003-10-16 22:15:00+10:00
289.9375,-0.324,1066307400.0,2003-10-16 22:30:00+10:00
289.947917,-0.284,1066308300.0,2003-10-16 22:45:00+10:00
289.958333,-0.244,1066309200.0,2003-10-16 23:00:00+10:00
289.96875,-0.244,1066310100.0,2003-10-16 23:15:00+10:00
289.979167,-0.224,1066311000.0,2003-10-16 23:30:00+10:00
289.989583,-0.204,1066311900.0,2003-10-16 23:45:00+10:00
290.0,-0.184,1066312800.0,2003-10-17 00:00:00+10:00
290.010417,-0.174,1066313700.0,2003-10-17 00:15:00+10:00
290.020833,-0.164,1066314600.0,2003-10-17 00:30:00+10:00
290.03125,-0.184,1066315500.0,2003-10-17 00:45:00+10:00
290.041667,-0.164,1066316400.0,2003-10-17 01:00:00+10:00
290.052083,-0.174,1066317300.0,2003-10-17 01:15:00+10:00
290.0625,-0.184,1066318200.0,2003-10-17 01:30:00+10:00
290.072917,-0.194,1066319100.0,2003-10-17 01:45:00+10:00
290.083333,-0.224,1066320000.0,2003-10-17 02:00:00+10:00
290.09375,-0.224,1066320900.0,2003-10-17 02:15:00+10:00
290.104167,-0.244,1066321800.0,2003-10-17 02:30:00+10:00
290.114583,-0.284,1066322700.0,2003-10-17 02:45:00+10:00
290.125,-0.314,1066323600.0,2003-10-17 03:00:00+10:00
290.135417,-0.304,1066324500.0,2003-10-17 03:15:00+10:00
290.145833,-0.334,1066325400.0,2003-10-17 03:30:00+10:00
290.15625,-0.364,1066326300.0,2003-10-17 03:45:00+10:00
290.166667,-0.384,1066327200.0,2003-10-17 04:00:00+10:00
290.177083,-0.404,1066328100.0,2003-10-17 04:15:00+10:00
290.1875,-0.394,1066329000.0,2003-10-17 04:30:00+10:00
290.197917,-0.404,1066329900.0,2003-10-17 04:45:00+10:00
290.208333,-0.434,1066330800.0,2003-10-17 05:00:00+10:00
290.21875,-0.444,1066331700.0,2003-10-17 05:15:00+10:00
290.229167,-0.444,1066332600.0,2003-10-17 05:30:00+10:00
290.239583,-0.434,1066333500.0,2003-10-17 05:45:00+10:00
290.25,-0.454,1066334400.0,2003-10-17 06:00:00+10:00
290.260417,-0.454,1066335300.0,2003-10-17 06:15:00+10:00
290.270833,-0.434,1066336200.0,2003-10-17 06:30:00+10:00
290.28125,-0.404,1066337100.0,2003-10-17 06:45:00+10:00
290.291667,-0.384,1066338000.0,2003-10-17 07:00:00+10:00
290.302083,-0.384,1066338900.0,2003-10-17 07:15:00+10:00
290.3125,-0.364,1066339800.0,2003-10-17 07:30:00+10:00
290.322917,-0.314,1066340700.0,2003-10-17 07:45:00+10:00
290.333333,-0.264,1066341600.0,2003-10-17 08:00:00+10:00
290.34375,-0.254,1066342500.0,2003-10-17 08:15:00+10:00
290.354167,-0.224,1066343400.0,2003-10-17 08:30:00+10:00
290.364583,-0.164,1066344300.0,2003-10-17 08:45:00+10:00
290.375,-0.124,1066345200.0,2003-10-17 09:00:00+10:00
290.385417,-0.094,1066346100.0,2003-10-17 09:15:00+10:00
290.395833,-0.064,1066347000.0,2003-10-17 09:30:00+10:00
290.40625,-0.034,1066347900.0,2003-10-17 09:45:00+10:00
290.416667,0.026,1066348800.0,2003-10-17 10:00:00+10:00
290.427083,0.056,1066349700.0,2003-10-17 10:15:00+10:00
290.4375,0.066,1066350600.0,2003-10-17 10:30:00+10:00
290.447917,0.116,1066351500.0,2003-10-17 10:45:00+10:00
290.458333,0.146,1066352400.0,2003-10-17 11:00:00+10:00
290.46875,0.166,1066353300.0,2003-10-17 11:15:00+10:00
290.479167,0.206,1066354200.0,2003-10-17 11:30:00+10:00
290.489583,0.186,1066355100.0,2003-10-17 11:45:00+10:00
290.5,0.206,1066356000.0,2003-10-17 12:00:00+10:00
290.510417,0.236,1066356900.0,2003-10-17 12:15:00+10:00
290.520833,0.226,1066357800.0,2003-10-17 12:30:00+10:00
290.53125,0.206,1066358700.0,2003-10-17 12:45:00+10:00
290.541667,0.186,1066359600.0,2003-10-17 13:00:00+10:00
290.552083,0.176,1066360500.0,2003-10-17 13:15:00+10:00
290.5625,0.166,1066361400.0,2003-10-17 13:30:00+10:00
290.572917,0.136,1066362300.0,2003-10-17 13:45:00+10:00
290.583333,0.076,1066363200.0,2003-10-17 14:00:00+10:00
290.59375,0.056,1066364100.0,2003-10-17 14:15:00+10:00
290.604167,0.036,1066365000.0,2003-10-17 14:30:00+10:00
290.614583,-0.024,1066365900.0,2003-10-17 14:45:00+10:00
290.625,-0.064,1066366800.0,2003-10-17 15:00:00+10:00
290.635417,-0.124,1066367700.0,2003-10-17 15:15:00+10:00
290.645833,-0.164,1066368600.0,2003-10-17 15:30:00+10:00
290.65625,-0.184,1066369500.0,2003-10-17 15:45:00+10:00
290.666667,-0.264,1066370400.0,2003-10-17 16:00:00+10:00
290.677083,-0.304,1066371300.0,2003-10-17 16:15:00+10:00
290.6875,-0.354,1066372200.0,2003-10-17 16:30:00+10:00
290.697917,-0.394,1066373100.0,2003-10-17 16:45:00+10:00
290.708333,-0.434,1066374000.0,2003-10-17 17:00:00+10:00
290.71875,-0.474,1066374900.0,2003-10-17 17:15:00+10:00
290.729167,-0.524,1066375800.0,2003-10-17 17:30:00+10:00
290.739583,-0.554,1066376700.0,2003-10-17 17:45:00+10:00
290.75,-0.574,1066377600.0,2003-10-17 18:00:00+10:00
290.760417,-0.614,1066378500.0,2003-10-17 18:15:00+10:00
290.770833,-0.644,1066379400.0,2003-10-17 18:30:00+10:00
290.78125,-0.654,1066380300.0,2003-10-17 18:45:00+10:00
290.791667,-0.674,1066381200.0,2003-10-17 19:00:00+10:00
290.802083,-0.664,1066382100.0,2003-10-17 19:15:00+10:00
290.8125,-0.704,1066383000.0,2003-10-17 19:30:00+10:00
290.822917,-0.694,1066383900.0,2003-10-17 19:45:00+10:00
290.833333,-0.674,1066384800.0,2003-10-17 20:00:00+10:00
290.84375,-0.694,1066385700.0,2003-10-17 20:15:00+10:00
290.854167,-0.674,1066386600.0,2003-10-17 20:30:00+10:00
290.864583,-0.654,1066387500.0,2003-10-17 20:45:00+10:00
290.875,-0.644,1066388400.0,2003-10-17 21:00:00+10:00
290.885417,-0.614,1066389300.0,2003-10-17 21:15:00+10:00
290.895833,-0.584,1066390200.0,2003-10-17 21:30:00+10:00
290.90625,-0.574,1066391100.0,2003-10-17 21:45:00+10:00
290.916667,-0.524,1066392000.0,2003-10-17 22:00:00+10:00
290.927083,-0.484,1066392900.0,2003-10-17 22:15:00+10:00
290.9375,-0.474,1066393800.0,2003-10-17 22:30:00+10:00
290.947917,-0.434,1066394700.0,2003-10-17 22:45:00+10:00
290.958333,-0.404,1066395600.0,2003-10-17 23:00:00+10:00
290.96875,-0.364,1066396500.0,2003-10-17 23:15:00+10:00
290.979167,-0.324,1066397400.0,2003-10-17 23:30:00+10:00
290.989583,-0.314,1066398300.0,2003-10-17 23:45:00+10:00
291.0,-0.294,1066399200.0,2003-10-18 00:00:00+10:00
291.010417,-0.234,1066400100.0,2003-10-18 00:15:00+10:00
291.020833,-0.234,1066401000.0,2003-10-18 00:30:00+10:00
291.03125,-0.204,1066401900.0,2003-10-18 00:45:00+10:00
291.041667,-0.194,1066402800.0,2003-10-18 01:00:00+10:00
291.052083,-0.184,1066403700.0,2003-10-18 01:15:00+10:00
291.0625,-0.164,1066404600.0,2003-10-18 01:30:00+10:00
291.072917,-0.164,1066405500.0,2003-10-18 01:45:00+10:00
291.083333,-0.184,1066406400.0,2003-10-18 02:00:00+10:00
291.09375,-0.194,1066407300.0,2003-10-18 02:15:00+10:00
291.104167,-0.184,1066408200.0,2003-10-18 02:30:00+10:00
291.114583,-0.194,1066409100.0,2003-10-18 02:45:00+10:00
291.125,-0.204,1066410000.0,2003-10-18 03:00:00+10:00
291.135417,-0.234,1066410900.0,2003-10-18 03:15:00+10:00
291.145833,-0.244,1066411800.0,2003-10-18 03:30:00+10:00
291.15625,-0.244,1066412700.0,2003-10-18 03:45:00+10:00
291.166667,-0.274,1066413600.0,2003-10-18 04:00:00+10:00
291.177083,-0.294,1066414500.0,2003-10-18 04:15:00+10:00
291.1875,-0.314,1066415400.0,2003-10-18 04:30:00+10:00
291.197917,-0.314,1066416300.0,2003-10-18 04:45:00+10:00
291.208333,-0.324,1066417200.0,2003-10-18 05:00:00+10:00
291.21875,-0.364,1066418100.0,2003-10-18 05:15:00+10:00
291.229167,-0.364,1066419000.0,2003-10-18 05:30:00+10:00
291.239583,-0.394,1066419900.0,2003-10-18 05:45:00+10:00
291.25,-0.404,1066420800.0,2003-10-18 06:00:00+10:00
291.260417,-0.404,1066421700.0,2003-10-18 06:15:00+10:00
291.270833,-0.424,1066422600.0,2003-10-18 06:30:00+10:00
291.28125,-0.434,1066423500.0,2003-10-18 06:45:00+10:00
291.291667,-0.404,1066424400.0,2003-10-18 07:00:00+10:00
291.302083,-0.404,1066425300.0,2003-10-18 07:15:00+10:00
291.3125,-0.424,1066426200.0,2003-10-18 07:30:00+10:00
291.322917,-0.394,1066427100.0,2003-10-18 07:45:00+10:00
291.333333,-0.364,1066428000.0,2003-10-18 08:00:00+10:00
291.34375,-0.344,1066428900.0,2003-10-18 08:15:00+10:00
291.354167,-0.314,1066429800.0,2003-10-18 08:30:00+10:00
291.364583,-0.314,1066430700.0,2003-10-18 08:45:00+10:00
291.375,-0.274,1066431600.0,2003-10-18 09:00:00+10:00
291.385417,-0.214,1066432500.0,2003-10-18 09:15:00+10:00
291.395833,-0.204,1066433400.0,2003-10-18 09:30:00+10:00
291.40625,-0.194,1066434300.0,2003-10-18 09:45:00+10:00
291.416667,-0.144,1066435200.0,2003-10-18 10:00:00+10:00
291.427083,-0.104,1066436100.0,2003-10-18 10:15:00+10:00
291.4375,-0.064,1066437000.0,2003-10-18 10:30:00+10:00
291.447917,-0.024,1066437900.0,2003-10-18 10:45:00+10:00
291.458333,-0.014,1066438800.0,2003-10-18 11:00:00+10:00
291.46875,0.016,1066439700.0,2003-10-18 11:15:00+10:00
291.479167,0.076,1066440600.0,2003-10-18 11:30:00+10:00
291.489583,0.096,1066441500.0,2003-10-18 11:45:00+10:00
291.5,0.106,1066442400.0,2003-10-18 12:00:00+10:00
291.510417,0.146,1066443300.0,2003-10-18 12:15:00+10:00
291.520833,0.166,1066444200.0,2003-10-18 12:30:00+10:00
291.53125,0.176,1066445100.0,2003-10-18 12:45:00+10:00
291.541667,0.176,1066446000.0,2003-10-18 13:00:00+10:00
291.552083,0.186,1066446900.0,2003-10-18 13:15:00+10:00
291.5625,0.176,1066447800.0,2003-10-18 13:30:00+10:00
291.572917,0.186,1066448700.0,2003-10-18 13:45:00+10:00
291.583333,0.186,1066449600.0,2003-10-18 14:00:00+10:00
291.59375,0.156,1066450500.0,2003-10-18 14:15:00+10:00
291.604167,0.136,1066451400.0,2003-10-18 14:30:00+10:00
291.614583,0.126,1066452300.0,2003-10-18 14:45:00+10:00
291.625,0.106,1066453200.0,2003-10-18 15:00:00+10:00
291.635417,0.056,1066454100.0,2003-10-18 15:15:00+10:00
291.645833,0.036,1066455000.0,2003-10-18 15:30:00+10:00
291.65625,-0.004,1066455900.0,2003-10-18 15:45:00+10:00
291.666667,-0.054,1066456800.0,2003-10-18 16:00:00+10:00
291.677083,-0.094,1066457700.0,2003-10-18 16:15:00+10:00
291.6875,-0.154,1066458600.0,2003-10-18 16:30:00+10:00
291.697917,-0.174,1066459500.0,2003-10-18 16:45:00+10:00
291.708333,-0.204,1066460400.0,2003-10-18 17:00:00+10:00
291.71875,-0.284,1066461300.0,2003-10-18 17:15:00+10:00
291.729167,-0.334,1066462200.0,2003-10-18 17:30:00+10:00
291.739583,-0.344,1066463100.0,2003-10-18 17:45:00+10:00
291.75,-0.394,1066464000.0,2003-10-18 18:00:00+10:00
291.760417,-0.454,1066464900.0,2003-10-18 18:15:00+10:00
291.770833,-0.504,1066465800.0,2003-10-18 18:30:00+10:00
291.78125,-0.504,1066466700.0,2003-10-18 18:45:00+10:00
291.791667,-0.554,1066467600.0,2003-10-18 19:00:00+10:00
291.802083,-0.584,1066468500.0,2003-10-18 19:15:00+10:00
291.8125,-0.614,1066469400.0,2003-10-18 19:30:00+10:00
291.822917,-0.634,1066470300.0,2003-10-18 19:45:00+10:00
291.833333,-0.644,1066471200.0,2003-10-18 20:00:00+10:00
291.84375,-0.654,1066472100.0,2003-10-18 20:15:00+10:00
291.854167,-0.674,1066473000.0,2003-10-18 20:30:00+10:00
291.864583,-0.694,1066473900.0,2003-10-18 20:45:00+10:00
291.875,-0.684,1066474800.0,2003-10-18 21:00:00+10:00
291.885417,-0.644,1066475700.0,2003-10-18 21:15:00+10:00
291.895833,-0.644,1066476600.0,2003-10-18 21:30:00+10:00
291.90625,-0.654,1066477500.0,2003-10-18 21:45:00+10:00
291.916667,-0.634,1066478400.0,2003-10-18 22:00:00+10:00
291.927083,-0.594,1066479300.0,2003-10-18 22:15:00+10:00
291.9375,-0.554,1066480200.0,2003-10-18 22:30:00+10:00
291.947917,-0.544,1066481100.0,2003-10-18 22:45:00+10:00
291.958333,-0.524,1066482000.0,2003-10-18 23:00:00+10:00
291.96875,-0.494,1066482900.0,2003-10-18 23:15:00+10:00
291.979167,-0.424,1066483800.0,2003-10-18 23:30:00+10:00
291.989583,-0.414,1066484700.0,2003-10-18 23:45:00+10:00
292.0,-0.394,1066485600.0,2003-10-19 00:00:00+10:00
292.010417,-0.364,1066486500.0,2003-10-19 00:15:00+10:00
292.020833,-0.314,1066487400.0,2003-10-19 00:30:00+10:00
292.03125,-0.274,1066488300.0,2003-10-19 00:45:00+10:00
292.041667,-0.264,1066489200.0,2003-10-19 01:00:00+10:00
292.052083,-0.254,1066490100.0,2003-10-19 01:15:00+10:00
292.0625,-0.214,1066491000.0,2003-10-19 01:30:00+10:00
292.072917,-0.194,1066491900.0,2003-10-19 01:45:00+10:00
292.083333,-0.164,1066492800.0,2003-10-19 02:00:00+10:00
292.09375,-0.154,1066493700.0,2003-10-19 02:15:00+10:00
292.104167,-0.164,1066494600.0,2003-10-19 02:30:00+10:00
292.114583,-0.124,1066495500.0,2003-10-19 02:45:00+10:00
292.125,-0.144,1066496400.0,2003-10-19 03:00:00+10:00
292.135417,-0.124,1066497300.0,2003-10-19 03:15:00+10:00
292.145833,-0.154,1066498200.0,2003-10-19 03:30:00+10:00
292.15625,-0.164,1066499100.0,2003-10-19 03:45:00+10:00
292.166667,-0.134,1066500000.0,2003-10-19 04:00:00+10:00
292.177083,-0.154,1066500900.0,2003-10-19 04:15:00+10:00
292.1875,-0.184,1066501800.0,2003-10-19 04:30:00+10:00
292.197917,-0.194,1066502700.0,2003-10-19 04:45:00+10:00
292.208333,-0.214,1066503600.0,2003-10-19 05:00:00+10:00
292.21875,-0.214,1066504500.0,2003-10-19 05:15:00+10:00
292.229167,-0.244,1066505400.0,2003-10-19 05:30:00+10:00
292.239583,-0.264,1066506300.0,2003-10-19 05:45:00+10:00
292.25,-0.274,1066507200.0,2003-10-19 06:00:00+10:00
292.260417,-0.294,1066508100.0,2003-10-19 06:15:00+10:00
292.270833,-0.304,1066509000.0,2003-10-19 06:30:00+10:00
292.28125,-0.364,1066509900.0,2003-10-19 06:45:00+10:00
292.291667,-0.324,1066510800.0,2003-10-19 07:00:00+10:00
292.302083,-0.344,1066511700.0,2003-10-19 07:15:00+10:00
292.3125,-0.344,1066512600.0,2003-10-19 07:30:00+10:00
292.322917,-0.344,1066513500.0,2003-10-19 07:45:00+10:00
292.333333,-0.384,1066514400.0,2003-10-19 08:00:00+10:00
292.34375,-0.334,1066515300.0,2003-10-19 08:15:00+10:00
292.354167,-0.314,1066516200.0,2003-10-19 08:30:00+10:00
292.364583,-0.304,1066517100.0,2003-10-19 08:45:00+10:00
292.375,-0.314,1066518000.0,2003-10-19 09:00:00+10:00
292.385417,-0.274,1066518900.0,2003-10-19 09:15:00+10:00
292.395833,-0.224,1066519800.0,2003-10-19 09:30:00+10:00
292.40625,-0.224,1066520700.0,2003-10-19 09:45:00+10:00
292.416667,-0.224,1066521600.0,2003-10-19 10:00:00+10:00
292.427083,-0.174,1066522500.0,2003-10-19 10:15:00+10:00
292.4375,-0.134,1066523400.0,2003-10-19 10:30:00+10:00
292.447917,-0.104,1066524300.0,2003-10-19 10:45:00+10:00
292.458333,-0.074,1066525200.0,2003-10-19 11:00:00+10:00
292.46875,-0.044,1066526100.0,2003-10-19 11:15:00+10:00
292.479167,-0.014,1066527000.0,2003-10-19 11:30:00+10:00
292.489583,0.066,1066527900.0,2003-10-19 11:45:00+10:00
292.5,0.076,1066528800.0,2003-10-19 12:00:00+10:00
292.510417,0.086,1066529700.0,2003-10-19 12:15:00+10:00
292.520833,0.146,1066530600.0,2003-10-19 12:30:00+10:00
292.53125,0.196,1066531500.0,2003-10-19 12:45:00+10:00
292.541667,0.196,1066532400.0,2003-10-19 13:00:00+10:00
292.552083,0.206,1066533300.0,2003-10-19 13:15:00+10:00
292.5625,0.216,1066534200.0,2003-10-19 13:30:00+10:00
292.572917,0.266,1066535100.0,2003-10-19 13:45:00+10:00
292.583333,0.296,1066536000.0,2003-10-19 14:00:00+10:00
292.59375,0.286,1066536900.0,2003-10-19 14:15:00+10:00
292.604167,0.266,1066537800.0,2003-10-19 14:30:00+10:00
292.614583,0.256,1066538700.0,2003-10-19 14:45:00+10:00
292.625,0.326,1066539600.0,2003-10-19 15:00:00+10:00
292.635417,0.296,1066540500.0,2003-10-19 15:15:00+10:00
292.645833,0.246,1066541400.0,2003-10-19 15:30:00+10:00
292.65625,0.226,1066542300.0,2003-10-19 15:45:00+10:00
292.666667,0.216,1066543200.0,2003-10-19 16:00:00+10:00
292.677083,0.226,1066544100.0,2003-10-19 16:15:00+10:00
292.6875,0.146,1066545000.0,2003-10-19 16:30:00+10:00
292.697917,0.046,1066545900.0,2003-10-19 16:45:00+10:00
292.708333,0.026,1066546800.0,2003-10-19 17:00:00+10:00
292.71875,0.036,1066547700.0,2003-10-19 17:15:00+10:00
292.729167,-0.074,1066548600.0,2003-10-19 17:30:00+10:00
292.739583,-0.084,1066549500.0,2003-10-19 17:45:00+10:00
292.75,-0.174,1066550400.0,2003-10-19 18:00:00+10:00
292.760417,-0.244,1066551300.0,2003-10-19 18:15:00+10:00
292.770833,-0.184,1066552200.0,2003-10-19 18:30:00+10:00
292.78125,-0.304,1066553100.0,2003-10-19 18:45:00+10:00
292.791667,-0.364,1066554000.0,2003-10-19 19:00:00+10:00
292.802083,-0.334,1066554900.0,2003-10-19 19:15:00+10:00
292.8125,-0.454,1066555800.0,2003-10-19 19:30:00+10:00
292.822917,-0.514,1066556700.0,2003-10-19 19:45:00+10:00
292.833333,-0.484,1066557600.0,2003-10-19 20:00:00+10:00
292.84375,-0.564,1066558500.0,2003-10-19 20:15:00+10:00
292.854167,-0.574,1066559400.0,2003-10-19 20:30:00+10:00
292.864583,-0.604,1066560300.0,2003-10-19 20:45:00+10:00
292.875,-0.664,1066561200.0,2003-10-19 21:00:00+10:00
292.885417,-0.624,1066562100.0,2003-10-19 21:15:00+10:00
292.895833,-0.614,1066563000.0,2003-10-19 21:30:00+10:00
292.90625,-0.664,1066563900.0,2003-10-19 21:45:00+10:00
292.916667,-0.634,1066564800.0,2003-10-19 22:00:00+10:00
292.927083,-0.624,1066565700.0,2003-10-19 22:15:00+10:00
292.9375,-0.634,1066566600.0,2003-10-19 22:30:00+10:00
292.947917,-0.554,1066567500.0,2003-10-19 22:45:00+10:00
292.958333,-0.584,1066568400.0,2003-10-19 23:00:00+10:00
292.96875,-0.534,1066569300.0,2003-10-19 23:15:00+10:00
292.979167,-0.494,1066570200.0,2003-10-19 23:30:00+10:00
292.989583,-0.504,1066571100.0,2003-10-19 23:45:00+10:00
293.0,-0.384,1066572000.0,2003-10-20 00:00:00+10:00
293.010417,-0.424,1066572900.0,2003-10-20 00:15:00+10:00
293.020833,-0.404,1066573800.0,2003-10-20 00:30:00+10:00
293.03125,-0.274,1066574700.0,2003-10-20 00:45:00+10:00
293.041667,-0.284,1066575600.0,2003-10-20 01:00:00+10:00
293.052083,-0.214,1066576500.0,2003-10-20 01:15:00+10:00
293.0625,-0.234,1066577400.0,2003-10-20 01:30:00+10:00
293.072917,-0.174,1066578300.0,2003-10-20 01:45:00+10:00
293.083333,-0.084,1066579200.0,2003-10-20 02:00:00+10:00
293.09375,-0.084,1066580100.0,2003-10-20 02:15:00+10:00
293.104167,-0.084,1066581000.0,2003-10-20 02:30:00+10:00
293.114583,-0.034,1066581900.0,2003-10-20 02:45:00+10:00
293.125,0.046,1066582800.0,2003-10-20 03:00:00+10:00
293.135417,-0.014,1066583700.0,2003-10-20 03:15:00+10:00
293.145833,0.046,1066584600.0,2003-10-20 03:30:00+10:00
293.15625,0.036,1066585500.0,2003-10-20 03:45:00+10:00
293.166667,0.046,1066586400.0,2003-10-20 04:00:00+10:00
293.177083,0.106,1066587300.0,2003-10-20 04:15:00+10:00
293.1875,0.036,1066588200.0,2003-10-20 04:30:00+10:00
293.197917,0.046,1066589100.0,2003-10-20 04:45:00+10:00
293.208333,0.056,1066590000.0,2003-10-20 05:00:00+10:00
293.21875,0.026,1066590900.0,2003-10-20 05:15:00+10:00
293.229167,0.026,1066591800.0,2003-10-20 05:30:00+10:00
293.239583,-0.004,1066592700.0,2003-10-20 05:45:00+10:00
293.25,-0.054,1066593600.0,2003-10-20 06:00:00+10:00
293.260417,-0.034,1066594500.0,2003-10-20 06:15:00+10:00
293.270833,-0.074,1066595400.0,2003-10-20 06:30:00+10:00
293.28125,-0.114,1066596300.0,2003-10-20 06:45:00+10:00
293.291667,-0.114,1066597200.0,2003-10-20 07:00:00+10:00
293.302083,-0.174,1066598100.0,2003-10-20 07:15:00+10:00
293.3125,-0.154,1066599000.0,2003-10-20 07:30:00+10:00
293.322917,-0.194,1066599900.0,2003-10-20 07:45:00+10:00
293.333333,-0.204,1066600800.0,2003-10-20 08:00:00+10:00
293.34375,-0.244,1066601700.0,2003-10-20 08:15:00+10:00
293.354167,-0.224,1066602600.0,2003-10-20 08:30:00+10:00
293.364583,-0.234,1066603500.0,2003-10-20 08:45:00+10:00
293.375,-0.254,1066604400.0,2003-10-20 09:00:00+10:00
293.385417,-0.274,1066605300.0,2003-10-20 09:15:00+10:00
293.395833,-0.274,1066606200.0,2003-10-20 09:30:00+10:00
293.40625,-0.224,1066607100.0,2003-10-20 09:45:00+10:00
293.416667,-0.234,1066608000.0,2003-10-20 10:00:00+10:00
293.427083,-0.244,1066608900.0,2003-10-20 10:15:00+10:00
293.4375,-0.204,1066609800.0,2003-10-20 10:30:00+10:00
293.447917,-0.174,1066610700.0,2003-10-20 10:45:00+10:00
293.458333,-0.134,1066611600.0,2003-10-20 11:00:00+10:00
293.46875,-0.134,1066612500.0,2003-10-20 11:15:00+10:00
293.479167,-0.084,1066613400.0,2003-10-20 11:30:00+10:00
293.489583,-0.044,1066614300.0,2003-10-20 11:45:00+10:00
293.5,-0.004,1066615200.0,2003-10-20 12:00:00+10:00
293.510417,0.036,1066616100.0,2003-10-20 12:15:00+10:00
293.520833,0.066,1066617000.0,2003-10-20 12:30:00+10:00
293.53125,0.126,1066617900.0,2003-10-20 12:45:00+10:00
293.541667,0.176,1066618800.0,2003-10-20 13:00:00+10:00
293.552083,0.186,1066619700.0,2003-10-20 13:15:00+10:00
293.5625,0.216,1066620600.0,2003-10-20 13:30:00+10:00
293.572917,0.286,1066621500.0,2003-10-20 13:45:00+10:00
293.583333,0.326,1066622400.0,2003-10-20 14:00:00+10:00
293.59375,0.326,1066623300.0,2003-10-20 14:15:00+10:00
293.604167,0.356,1066624200.0,2003-10-20 14:30:00+10:00
293.614583,0.396,1066625100.0,2003-10-20 14:45:00+10:00
293.625,0.406,1066626000.0,2003-10-20 15:00:00+10:00
293.635417,0.456,1066626900.0,2003-10-20 15:15:00+10:00
293.645833,0.406,1066627800.0,2003-10-20 15:30:00+10:00
293.65625,0.406,1066628700.0,2003-10-20 15:45:00+10:00
293.666667,0.416,1066629600.0,2003-10-20 16:00:00+10:00
293.677083,0.426,1066630500.0,2003-10-20 16:15:00+10:00
293.6875,0.406,1066631400.0,2003-10-20 16:30:00+10:00
293.697917,0.346,1066632300.0,2003-10-20 16:45:00+10:00
293.708333,0.306,1066633200.0,2003-10-20 17:00:00+10:00
293.71875,0.316,1066634100.0,2003-10-20 17:15:00+10:00
293.729167,0.296,1066635000.0,2003-10-20 17:30:00+10:00
293.739583,0.206,1066635900.0,2003-10-20 17:45:00+10:00
293.75,0.146,1066636800.0,2003-10-20 18:00:00+10:00
293.760417,0.106,1066637700.0,2003-10-20 18:15:00+10:00
293.770833,0.086,1066638600.0,2003-10-20 18:30:00+10:00
293.78125,0.036,1066639500.0,2003-10-20 18:45:00+10:00
293.791667,-0.124,1066640400.0,2003-10-20 19:00:00+10:00
293.802083,-0.134,1066641300.0,2003-10-20 19:15:00+10:00
293.8125,-0.164,1066642200.0,2003-10-20 19:30:00+10:00
293.822917,-0.214,1066643100.0,2003-10-20 19:45:00+10:00
293.833333,-0.294,1066644000.0,2003-10-20 20:00:00+10:00
293.84375,-0.384,1066644900.0,2003-10-20 20:15:00+10:00
293.854167,-0.434,1066645800.0,2003-10-20 20:30:00+10:00
293.864583,-0.444,1066646700.0,2003-10-20 20:45:00+10:00
293.875,-0.494,1066647600.0,2003-10-20 21:00:00+10:00
293.885417,-0.554,1066648500.0,2003-10-20 21:15:00+10:00
293.895833,-0.584,1066649400.0,2003-10-20 21:30:00+10:00
293.90625,-0.614,1066650300.0,2003-10-20 21:45:00+10:00
293.916667,-0.614,1066651200.0,2003-10-20 22:00:00+10:00
293.927083,-0.624,1066652100.0,2003-10-20 22:15:00+10:00
293.9375,-0.644,1066653000.0,2003-10-20 22:30:00+10:00
293.947917,-0.654,1066653900.0,2003-10-20 22:45:00+10:00
293.958333,-0.644,1066654800.0,2003-10-20 23:00:00+10:00
293.96875,-0.624,1066655700.0,2003-10-20 23:15:00+10:00
293.979167,-0.604,1066656600.0,2003-10-20 23:30:00+10:00
293.989583,-0.594,1066657500.0,2003-10-20 23:45:00+10:00
294.0,-0.544,1066658400.0,2003-10-21 00:00:00+10:00
294.010417,-0.524,1066659300.0,2003-10-21 00:15:00+10:00
294.020833,-0.484,1066660200.0,2003-10-21 00:30:00+10:00
294.03125,-0.424,1066661100.0,2003-10-21 00:45:00+10:00
294.041667,-0.384,1066662000.0,2003-10-21 01:00:00+10:00
294.052083,-0.354,1066662900.0,2003-10-21 01:15:00+10:00
294.0625,-0.284,1066663800.0,2003-10-21 01:30:00+10:00
294.072917,-0.234,1066664700.0,2003-10-21 01:45:00+10:00
294.083333,-0.194,1066665600.0,2003-10-21 02:00:00+10:00
294.09375,-0.124,1066666500.0,2003-10-21 02:15:00+10:00
294.104167,-0.084,1066667400.0,2003-10-21 02:30:00+10:00
294.114583,-0.064,1066668300.0,2003-10-21 02:45:00+10:00
294.125,0.016,1066669200.0,2003-10-21 03:00:00+10:00
294.135417,0.056,1066670100.0,2003-10-21 03:15:00+10:00
294.145833,0.066,1066671000.0,2003-10-21 03:30:00+10:00
294.15625,0.116,1066671900.0,2003-10-21 03:45:00+10:00
294.166667,0.136,1066672800.0,2003-10-21 04:00:00+10:00
294.177083,0.146,1066673700.0,2003-10-21 04:15:00+10:00
294.1875,0.176,1066674600.0,2003-10-21 04:30:00+10:00
294.197917,0.186,1066675500.0,2003-10-21 04:45:00+10:00
294.208333,0.176,1066676400.0,2003-10-21 05:00:00+10:00
294.21875,0.176,1066677300.0,2003-10-21 05:15:00+10:00
294.229167,0.186,1066678200.0,2003-10-21 05:30:00+10:00
294.239583,0.156,1066679100.0,2003-10-21 05:45:00+10:00
294.25,0.126,1066680000.0,2003-10-21 06:00:00+10:00
294.260417,0.126,1066680900.0,2003-10-21 06:15:00+10:00
294.270833,0.106,1066681800.0,2003-10-21 06:30:00+10:00
294.28125,0.086,1066682700.0,2003-10-21 06:45:00+10:00
294.291667,0.016,1066683600.0,2003-10-21 07:00:00+10:00
294.302083,-0.004,1066684500.0,2003-10-21 07:15:00+10:00
294.3125,-0.014,1066685400.0,2003-10-21 07:30:00+10:00
294.322917,-0.064,1066686300.0,2003-10-21 07:45:00+10:00
294.333333,-0.094,1066687200.0,2003-10-21 08:00:00+10:00
294.34375,-0.144,1066688100.0,2003-10-21 08:15:00+10:00
294.354167,-0.174,1066689000.0,2003-10-21 08:30:00+10:00
294.364583,-0.164,1066689900.0,2003-10-21 08:45:00+10:00
294.375,-0.224,1066690800.0,2003-10-21 09:00:00+10:00
294.385417,-0.254,1066691700.0,2003-10-21 09:15:00+10:00
294.395833,-0.274,1066692600.0,2003-10-21 09:30:00+10:00
294.40625,-0.284,1066693500.0,2003-10-21 09:45:00+10:00
294.416667,-0.274,1066694400.0,2003-10-21 10:00:00+10:00
294.427083,-0.294,1066695300.0,2003-10-21 10:15:00+10:00
294.4375,-0.304,1066696200.0,2003-10-21 10:30:00+10:00
294.447917,-0.274,1066697100.0,2003-10-21 10:45:00+10:00
294.458333,-0.284,1066698000.0,2003-10-21 11:00:00+10:00
294.46875,-0.254,1066698900.0,2003-10-21 11:15:00+10:00
294.479167,-0.204,1066699800.0,2003-10-21 11:30:00+10:00
294.489583,-0.214,1066700700.0,2003-10-21 11:45:00+10:00
294.5,-0.154,1066701600.0,2003-10-21 12:00:00+10:00
294.510417,-0.104,1066702500.0,2003-10-21 12:15:00+10:00
294.520833,-0.094,1066703400.0,2003-10-21 12:30:00+10:00
294.53125,-0.054,1066704300.0,2003-10-21 12:45:00+10:00
294.541667,0.016,1066705200.0,2003-10-21 13:00:00+10:00
294.552083,0.066,1066706100.0,2003-10-21 13:15:00+10:00
294.5625,0.086,1066707000.0,2003-10-21 13:30:00+10:00
294.572917,0.156,1066707900.0,2003-10-21 13:45:00+10:00
294.583333,0.206,1066708800.0,2003-10-21 14:00:00+10:00
294.59375,0.266,1066709700.0,2003-10-21 14:15:00+10:00
294.604167,0.306,1066710600.0,2003-10-21 14:30:00+10:00
294.614583,0.336,1066711500.0,2003-10-21 14:45:00+10:00
294.625,0.396,1066712400.0,2003-10-21 15:00:00+10:00
294.635417,0.426,1066713300.0,2003-10-21 15:15:00+10:00
294.645833,0.486,1066714200.0,2003-10-21 15:30:00+10:00
294.65625,0.506,1066715100.0,2003-10-21 15:45:00+10:00
294.666667,0.496,1066716000.0,2003-10-21 16:00:00+10:00
294.677083,0.556,1066716900.0,2003-10-21 16:15:00+10:00
294.6875,0.546,1066717800.0,2003-10-21 16:30:00+10:00
294.697917,0.556,1066718700.0,2003-10-21 16:45:00+10:00
294.708333,0.536,1066719600.0,2003-10-21 17:00:00+10:00
294.71875,0.486,1066720500.0,2003-10-21 17:15:00+10:00
294.729167,0.516,1066721400.0,2003-10-21 17:30:00+10:00
294.739583,0.466,1066722300.0,2003-10-21 17:45:00+10:00
294.75,0.416,1066723200.0,2003-10-21 18:00:00+10:00
294.760417,0.386,1066724100.0,2003-10-21 18:15:00+10:00
294.770833,0.316,1066725000.0,2003-10-21 18:30:00+10:00
294.78125,0.286,1066725900.0,2003-10-21 18:45:00+10:00
294.791667,0.236,1066726800.0,2003-10-21 19:00:00+10:00
294.802083,0.166,1066727700.0,2003-10-21 19:15:00+10:00
294.8125,0.066,1066728600.0,2003-10-21 19:30:00+10:00
294.822917,0.046,1066729500.0,2003-10-21 19:45:00+10:00
294.833333,-0.044,1066730400.0,2003-10-21 20:00:00+10:00
294.84375,-0.114,1066731300.0,2003-10-21 20:15:00+10:00
294.854167,-0.154,1066732200.0,2003-10-21 20:30:00+10:00
294.864583,-0.274,1066733100.0,2003-10-21 20:45:00+10:00
294.875,-0.304,1066734000.0,2003-10-21 21:00:00+10:00
294.885417,-0.364,1066734900.0,2003-10-21 21:15:00+10:00
294.895833,-0.464,1066735800.0,2003-10-21 21:30:00+10:00
294.90625,-0.494,1066736700.0,2003-10-21 21:45:00+10:00
294.916667,-0.524,1066737600.0,2003-10-21 22:00:00+10:00
294.927083,-0.554,1066738500.0,2003-10-21 22:15:00+10:00
294.9375,-0.624,1066739400.0,2003-10-21 22:30:00+10:00
294.947917,-0.634,1066740300.0,2003-10-21 22:45:00+10:00
294.958333,-0.644,1066741200.0,2003-10-21 23:00:00+10:00
294.96875,-0.634,1066742100.0,2003-10-21 23:15:00+10:00
294.979167,-0.614,1066743000.0,2003-10-21 23:30:00+10:00
294.989583,-0.674,1066743900.0,2003-10-21 23:45:00+10:00
295.0,-0.664,1066744800.0,2003-10-22 00:00:00+10:00
295.010417,-0.594,1066745700.0,2003-10-22 00:15:00+10:00
295.020833,-0.564,1066746600.0,2003-10-22 00:30:00+10:00
295.03125,-0.534,1066747500.0,2003-10-22 00:45:00+10:00
295.041667,-0.564,1066748400.0,2003-10-22 01:00:00+10:00
295.052083,-0.454,1066749300.0,2003-10-22 01:15:00+10:00
295.0625,-0.394,1066750200.0,2003-10-22 01:30:00+10:00
295.072917,-0.334,1066751100.0,2003-10-22 01:45:00+10:00
295.083333,-0.294,1066752000.0,2003-10-22 02:00:00+10:00
295.09375,-0.294,1066752900.0,2003-10-22 02:15:00+10:00
295.104167,-0.114,1066753800.0,2003-10-22 02:30:00+10:00
295.114583,-0.084,1066754700.0,2003-10-22 02:45:00+10:00
295.125,-0.034,1066755600.0,2003-10-22 03:00:00+10:00
295.135417,-0.004,1066756500.0,2003-10-22 03:15:00+10:00
295.145833,0.066,1066757400.0,2003-10-22 03:30:00+10:00
295.15625,0.136,1066758300.0,2003-10-22 03:45:00+10:00
295.166667,0.196,1066759200.0,2003-10-22 04:00:00+10:00
295.177083,0.226,1066760100.0,2003-10-22 04:15:00+10:00
295.1875,0.216,1066761000.0,2003-10-22 04:30:00+10:00
295.197917,0.296,1066761900.0,2003-10-22 04:45:00+10:00
295.208333,0.336,1066762800.0,2003-10-22 05:00:00+10:00
295.21875,0.326,1066763700.0,2003-10-22 05:15:00+10:00
295.229167,0.316,1066764600.0,2003-10-22 05:30:00+10:00
295.239583,0.316,1066765500.0,2003-10-22 05:45:00+10:00
295.25,0.336,1066766400.0,2003-10-22 06:00:00+10:00
295.260417,0.316,1066767300.0,2003-10-22 06:15:00+10:00
295.270833,0.286,1066768200.0,2003-10-22 06:30:00+10:00
295.28125,0.256,1066769100.0,2003-10-22 06:45:00+10:00
295.291667,0.216,1066770000.0,2003-10-22 07:00:00+10:00
295.302083,0.186,1066770900.0,2003-10-22 07:15:00+10:00
295.3125,0.146,1066771800.0,2003-10-22 07:30:00+10:00
295.322917,0.066,1066772700.0,2003-10-22 07:45:00+10:00
295.333333,0.046,1066773600.0,2003-10-22 08:00:00+10:00
295.34375,-0.004,1066774500.0,2003-10-22 08:15:00+10:00
295.354167,-0.074,1066775400.0,2003-10-22 08:30:00+10:00
295.364583,-0.124,1066776300.0,2003-10-22 08:45:00+10:00
295.375,-0.144,1066777200.0,2003-10-22 09:00:00+10:00
295.385417,-0.234,1066778100.0,2003-10-22 09:15:00+10:00
295.395833,-0.264,1066779000.0,2003-10-22 09:30:00+10:00
295.40625,-0.284,1066779900.0,2003-10-22 09:45:00+10:00
295.416667,-0.344,1066780800.0,2003-10-22 10:00:00+10:00
295.427083,-0.384,1066781700.0,2003-10-22 10:15:00+10:00
295.4375,-0.404,1066782600.0,2003-10-22 10:30:00+10:00
295.447917,-0.424,1066783500.0,2003-10-22 10:45:00+10:00
295.458333,-0.444,1066784400.0,2003-10-22 11:00:00+10:00
295.46875,-0.424,1066785300.0,2003-10-22 11:15:00+10:00
295.479167,-0.444,1066786200.0,2003-10-22 11:30:00+10:00
295.489583,-0.454,1066787100.0,2003-10-22 11:45:00+10:00
295.5,-0.404,1066788000.0,2003-10-22 12:00:00+10:00
295.510417,-0.404,1066788900.0,2003-10-22 12:15:00+10:00
295.520833,-0.354,1066789800.0,2003-10-22 12:30:00+10:00
295.53125,-0.324,1066790700.0,2003-10-22 12:45:00+10:00
295.541667,-0.304,1066791600.0,2003-10-22 13:00:00+10:00
295.552083,-0.234,1066792500.0,2003-10-22 13:15:00+10:00
295.5625,-0.174,1066793400.0,2003-10-22 13:30:00+10:00
295.572917,-0.114,1066794300.0,2003-10-22 13:45:00+10:00
295.583333,-0.084,1066795200.0,2003-10-22 14:00:00+10:00
295.59375,-0.014,1066796100.0,2003-10-22 14:15:00+10:00
295.604167,0.096,1066797000.0,2003-10-22 14:30:00+10:00
295.614583,0.126,1066797900.0,2003-10-22 14:45:00+10:00
295.625,0.186,1066798800.0,2003-10-22 15:00:00+10:00
295.635417,0.256,1066799700.0,2003-10-22 15:15:00+10:00
295.645833,0.296,1066800600.0,2003-10-22 15:30:00+10:00
295.65625,0.376,1066801500.0,2003-10-22 15:45:00+10:00
295.666667,0.436,1066802400.0,2003-10-22 16:00:00+10:00
295.677083,0.446,1066803300.0,2003-10-22 16:15:00+10:00
295.6875,0.476,1066804200.0,2003-10-22 16:30:00+10:00
295.697917,0.536,1066805100.0,2003-10-22 16:45:00+10:00
295.708333,0.546,1066806000.0,2003-10-22 17:00:00+10:00
295.71875,0.556,1066806900.0,2003-10-22 17:15:00+10:00
295.729167,0.536,1066807800.0,2003-10-22 17:30:00+10:00
295.739583,0.546,1066808700.0,2003-10-22 17:45:00+10:00
295.75,0.546,1066809600.0,2003-10-22 18:00:00+10:00
295.760417,0.526,1066810500.0,2003-10-22 18:15:00+10:00
295.770833,0.476,1066811400.0,2003-10-22 18:30:00+10:00
295.78125,0.426,1066812300.0,2003-10-22 18:45:00+10:00
295.791667,0.396,1066813200.0,2003-10-22 19:00:00+10:00
295.802083,0.346,1066814100.0,2003-10-22 19:15:00+10:00
295.8125,0.276,1066815000.0,2003-10-22 19:30:00+10:00
295.822917,0.186,1066815900.0,2003-10-22 19:45:00+10:00
295.833333,0.136,1066816800.0,2003-10-22 20:00:00+10:00
295.84375,0.056,1066817700.0,2003-10-22 20:15:00+10:00
295.854167,-0.044,1066818600.0,2003-10-22 20:30:00+10:00
295.864583,-0.124,1066819500.0,2003-10-22 20:45:00+10:00
295.875,-0.204,1066820400.0,2003-10-22 21:00:00+10:00
295.885417,-0.284,1066821300.0,2003-10-22 21:15:00+10:00
295.895833,-0.344,1066822200.0,2003-10-22 21:30:00+10:00
295.90625,-0.424,1066823100.0,2003-10-22 21:45:00+10:00
295.916667,-0.514,1066824000.0,2003-10-22 22:00:00+10:00
295.927083,-0.554,1066824900.0,2003-10-22 22:15:00+10:00
295.9375,-0.614,1066825800.0,2003-10-22 22:30:00+10:00
295.947917,-0.664,1066826700.0,2003-10-22 22:45:00+10:00
295.958333,-0.704,1066827600.0,2003-10-22 23:00:00+10:00
295.96875,-0.754,1066828500.0,2003-10-22 23:15:00+10:00
295.979167,-0.764,1066829400.0,2003-10-22 23:30:00+10:00
295.989583,-0.774,1066830300.0,2003-10-22 23:45:00+10:00
296.0,-0.794,1066831200.0,2003-10-23 00:00:00+10:00
296.010417,-0.814,1066832100.0,2003-10-23 00:15:00+10:00
296.020833,-0.774,1066833000.0,2003-10-23 00:30:00+10:00
296.03125,-0.764,1066833900.0,2003-10-23 00:45:00+10:00
296.041667,-0.734,1066834800.0,2003-10-23 01:00:00+10:00
296.052083,-0.694,1066835700.0,2003-10-23 01:15:00+10:00
296.0625,-0.654,1066836600.0,2003-10-23 01:30:00+10:00
296.072917,-0.574,1066837500.0,2003-10-23 01:45:00+10:00
296.083333,-0.534,1066838400.0,2003-10-23 02:00:00+10:00
296.09375,-0.474,1066839300.0,2003-10-23 02:15:00+10:00
296.104167,-0.394,1066840200.0,2003-10-23 02:30:00+10:00
296.114583,-0.334,1066841100.0,2003-10-23 02:45:00+10:00
296.125,-0.244,1066842000.0,2003-10-23 03:00:00+10:00
296.135417,-0.174,1066842900.0,2003-10-23 03:15:00+10:00
296.145833,-0.114,1066843800.0,2003-10-23 03:30:00+10:00
296.15625,-0.044,1066844700.0,2003-10-23 03:45:00+10:00
296.166667,0.036,1066845600.0,2003-10-23 04:00:00+10:00
296.177083,0.116,1066846500.0,2003-10-23 04:15:00+10:00
296.1875,0.176,1066847400.0,2003-10-23 04:30:00+10:00
296.197917,0.206,1066848300.0,2003-10-23 04:45:00+10:00
296.208333,0.256,1066849200.0,2003-10-23 05:00:00+10:00
296.21875,0.336,1066850100.0,2003-10-23 05:15:00+10:00
296.229167,0.346,1066851000.0,2003-10-23 05:30:00+10:00
296.239583,0.346,1066851900.0,2003-10-23 05:45:00+10:00
296.25,0.386,1066852800.0,2003-10-23 06:00:00+10:00
296.260417,0.366,1066853700.0,2003-10-23 06:15:00+10:00
296.270833,0.406,1066854600.0,2003-10-23 06:30:00+10:00
296.28125,0.406,1066855500.0,2003-10-23 06:45:00+10:00
296.291667,0.326,1066856400.0,2003-10-23 07:00:00+10:00
296.302083,0.316,1066857300.0,2003-10-23 07:15:00+10:00
296.3125,0.306,1066858200.0,2003-10-23 07:30:00+10:00
296.322917,0.246,1066859100.0,2003-10-23 07:45:00+10:00
296.333333,0.206,1066860000.0,2003-10-23 08:00:00+10:00
296.34375,0.146,1066860900.0,2003-10-23 08:15:00+10:00
296.354167,0.066,1066861800.0,2003-10-23 08:30:00+10:00
296.364583,0.026,1066862700.0,2003-10-23 08:45:00+10:00
296.375,-0.034,1066863600.0,2003-10-23 09:00:00+10:00
296.385417,-0.124,1066864500.0,2003-10-23 09:15:00+10:00
296.395833,-0.184,1066865400.0,2003-10-23 09:30:00+10:00
296.40625,-0.244,1066866300.0,2003-10-23 09:45:00+10:00
296.416667,-0.304,1066867200.0,2003-10-23 10:00:00+10:00
296.427083,-0.354,1066868100.0,2003-10-23 10:15:00+10:00
296.4375,-0.424,1066869000.0,2003-10-23 10:30:00+10:00
296.447917,-0.464,1066869900.0,2003-10-23 10:45:00+10:00
296.458333,-0.484,1066870800.0,2003-10-23 11:00:00+10:00
296.46875,-0.544,1066871700.0,2003-10-23 11:15:00+10:00
296.479167,-0.554,1066872600.0,2003-10-23 11:30:00+10:00
296.489583,-0.624,1066873500.0,2003-10-23 11:45:00+10:00
296.5,-0.574,1066874400.0,2003-10-23 12:00:00+10:00
296.510417,-0.574,1066875300.0,2003-10-23 12:15:00+10:00
296.520833,-0.614,1066876200.0,2003-10-23 12:30:00+10:00
296.53125,-0.624,1066877100.0,2003-10-23 12:45:00+10:00
296.541667,-0.554,1066878000.0,2003-10-23 13:00:00+10:00
296.552083,-0.534,1066878900.0,2003-10-23 13:15:00+10:00
296.5625,-0.514,1066879800.0,2003-10-23 13:30:00+10:00
296.572917,-0.434,1066880700.0,2003-10-23 13:45:00+10:00
296.583333,-0.384,1066881600.0,2003-10-23 14:00:00+10:00
296.59375,-0.334,1066882500.0,2003-10-23 14:15:00+10:00
296.604167,-0.234,1066883400.0,2003-10-23 14:30:00+10:00
296.614583,-0.204,1066884300.0,2003-10-23 14:45:00+10:00
296.625,-0.124,1066885200.0,2003-10-23 15:00:00+10:00
296.635417,-0.024,1066886100.0,2003-10-23 15:15:00+10:00
296.645833,0.036,1066887000.0,2003-10-23 15:30:00+10:00
296.65625,0.116,1066887900.0,2003-10-23 15:45:00+10:00
296.666667,0.166,1066888800.0,2003-10-23 16:00:00+10:00
296.677083,0.236,1066889700.0,2003-10-23 16:15:00+10:00
296.6875,0.326,1066890600.0,2003-10-23 16:30:00+10:00
296.697917,0.376,1066891500.0,2003-10-23 16:45:00+10:00
296.708333,0.396,1066892400.0,2003-10-23 17:00:00+10:00
296.71875,0.456,1066893300.0,2003-10-23 17:15:00+10:00
296.729167,0.496,1066894200.0,2003-10-23 17:30:00+10:00
296.739583,0.536,1066895100.0,2003-10-23 17:45:00+10:00
296.75,0.546,1066896000.0,2003-10-23 18:00:00+10:00
296.760417,0.546,1066896900.0,2003-10-23 18:15:00+10:00
296.770833,0.566,1066897800.0,2003-10-23 18:30:00+10:00
296.78125,0.536,1066898700.0,2003-10-23 18:45:00+10:00
296.791667,0.496,1066899600.0,2003-10-23 19:00:00+10:00
296.802083,0.486,1066900500.0,2003-10-23 19:15:00+10:00
296.8125,0.446,1066901400.0,2003-10-23 19:30:00+10:00
296.822917,0.366,1066902300.0,2003-10-23 19:45:00+10:00
296.833333,0.326,1066903200.0,2003-10-23 20:00:00+10:00
296.84375,0.226,1066904100.0,2003-10-23 20:15:00+10:00
296.854167,0.176,1066905000.0,2003-10-23 20:30:00+10:00
296.864583,0.106,1066905900.0,2003-10-23 20:45:00+10:00
296.875,-0.004,1066906800.0,2003-10-23 21:00:00+10:00
296.885417,-0.094,1066907700.0,2003-10-23 21:15:00+10:00
296.895833,-0.184,1066908600.0,2003-10-23 21:30:00+10:00
296.90625,-0.254,1066909500.0,2003-10-23 21:45:00+10:00
296.916667,-0.334,1066910400.0,2003-10-23 22:00:00+10:00
296.927083,-0.424,1066911300.0,2003-10-23 22:15:00+10:00
296.9375,-0.524,1066912200.0,2003-10-23 22:30:00+10:00
296.947917,-0.574,1066913100.0,2003-10-23 22:45:00+10:00
296.958333,-0.634,1066914000.0,2003-10-23 23:00:00+10:00
296.96875,-0.714,1066914900.0,2003-10-23 23:15:00+10:00
296.979167,-0.764,1066915800.0,2003-10-23 23:30:00+10:00
296.989583,-0.834,1066916700.0,2003-10-23 23:45:00+10:00
297.0,-0.834,1066917600.0,2003-10-24 00:00:00+10:00
297.010417,-0.834,1066918500.0,2003-10-24 00:15:00+10:00
297.020833,-0.914,1066919400.0,2003-10-24 00:30:00+10:00
297.03125,-0.904,1066920300.0,2003-10-24 00:45:00+10:00
297.041667,-0.884,1066921200.0,2003-10-24 01:00:00+10:00
297.052083,-0.864,1066922100.0,2003-10-24 01:15:00+10:00
297.0625,-0.844,1066923000.0,2003-10-24 01:30:00+10:00
297.072917,-0.814,1066923900.0,2003-10-24 01:45:00+10:00
297.083333,-0.754,1066924800.0,2003-10-24 02:00:00+10:00
297.09375,-0.704,1066925700.0,2003-10-24 02:15:00+10:00
297.104167,-0.614,1066926600.0,2003-10-24 02:30:00+10:00
297.114583,-0.584,1066927500.0,2003-10-24 02:45:00+10:00
297.125,-0.504,1066928400.0,2003-10-24 03:00:00+10:00
297.135417,-0.414,1066929300.0,2003-10-24 03:15:00+10:00
297.145833,-0.344,1066930200.0,2003-10-24 03:30:00+10:00
297.15625,-0.254,1066931100.0,2003-10-24 03:45:00+10:00
297.166667,-0.184,1066932000.0,2003-10-24 04:00:00+10:00
297.177083,-0.104,1066932900.0,2003-10-24 04:15:00+10:00
297.1875,-0.014,1066933800.0,2003-10-24 04:30:00+10:00
297.197917,0.086,1066934700.0,2003-10-24 04:45:00+10:00
297.208333,0.136,1066935600.0,2003-10-24 05:00:00+10:00
297.21875,0.176,1066936500.0,2003-10-24 05:15:00+10:00
297.229167,0.266,1066937400.0,2003-10-24 05:30:00+10:00
297.239583,0.326,1066938300.0,2003-10-24 05:45:00+10:00
297.25,0.356,1066939200.0,2003-10-24 06:00:00+10:00
297.260417,0.366,1066940100.0,2003-10-24 06:15:00+10:00
297.270833,0.406,1066941000.0,2003-10-24 06:30:00+10:00
297.28125,0.426,1066941900.0,2003-10-24 06:45:00+10:00
297.291667,0.436,1066942800.0,2003-10-24 07:00:00+10:00
297.302083,0.416,1066943700.0,2003-10-24 07:15:00+10:00
297.3125,0.396,1066944600.0,2003-10-24 07:30:00+10:00
297.322917,0.376,1066945500.0,2003-10-24 07:45:00+10:00
297.333333,0.336,1066946400.0,2003-10-24 08:00:00+10:00
297.34375,0.296,1066947300.0,2003-10-24 08:15:00+10:00
297.354167,0.236,1066948200.0,2003-10-24 08:30:00+10:00
297.364583,0.186,1066949100.0,2003-10-24 08:45:00+10:00
297.375,0.116,1066950000.0,2003-10-24 09:00:00+10:00
297.385417,0.036,1066950900.0,2003-10-24 09:15:00+10:00
297.395833,-0.044,1066951800.0,2003-10-24 09:30:00+10:00
297.40625,-0.114,1066952700.0,2003-10-24 09:45:00+10:00
297.416667,-0.164,1066953600.0,2003-10-24 10:00:00+10:00
297.427083,-0.284,1066954500.0,2003-10-24 10:15:00+10:00
297.4375,-0.364,1066955400.0,2003-10-24 10:30:00+10:00
297.447917,-0.424,1066956300.0,2003-10-24 10:45:00+10:00
297.458333,-0.484,1066957200.0,2003-10-24 11:00:00+10:00
297.46875,-0.534,1066958100.0,2003-10-24 11:15:00+10:00
297.479167,-0.604,1066959000.0,2003-10-24 11:30:00+10:00
297.489583,-0.654,1066959900.0,2003-10-24 11:45:00+10:00
297.5,-0.704,1066960800.0,2003-10-24 12:00:00+10:00
297.510417,-0.704,1066961700.0,2003-10-24 12:15:00+10:00
297.520833,-0.744,1066962600.0,2003-10-24 12:30:00+10:00
297.53125,-0.784,1066963500.0,2003-10-24 12:45:00+10:00
297.541667,-0.764,1066964400.0,2003-10-24 13:00:00+10:00
297.552083,-0.764,1066965300.0,2003-10-24 13:15:00+10:00
297.5625,-0.734,1066966200.0,2003-10-24 13:30:00+10:00
297.572917,-0.734,1066967100.0,2003-10-24 13:45:00+10:00
297.583333,-0.704,1066968000.0,2003-10-24 14:00:00+10:00
297.59375,-0.654,1066968900.0,2003-10-24 14:15:00+10:00
297.604167,-0.574,1066969800.0,2003-10-24 14:30:00+10:00
297.614583,-0.534,1066970700.0,2003-10-24 14:45:00+10:00
297.625,-0.474,1066971600.0,2003-10-24 15:00:00+10:00
297.635417,-0.384,1066972500.0,2003-10-24 15:15:00+10:00
297.645833,-0.294,1066973400.0,2003-10-24 15:30:00+10:00
297.65625,-0.204,1066974300.0,2003-10-24 15:45:00+10:00
297.666667,-0.144,1066975200.0,2003-10-24 16:00:00+10:00
297.677083,-0.074,1066976100.0,2003-10-24 16:15:00+10:00
297.6875,0.016,1066977000.0,2003-10-24 16:30:00+10:00
297.697917,0.126,1066977900.0,2003-10-24 16:45:00+10:00
297.708333,0.176,1066978800.0,2003-10-24 17:00:00+10:00
297.71875,0.226,1066979700.0,2003-10-24 17:15:00+10:00
297.729167,0.276,1066980600.0,2003-10-24 17:30:00+10:00
297.739583,0.376,1066981500.0,2003-10-24 17:45:00+10:00
297.75,0.446,1066982400.0,2003-10-24 18:00:00+10:00
297.760417,0.456,1066983300.0,2003-10-24 18:15:00+10:00
297.770833,0.466,1066984200.0,2003-10-24 18:30:00+10:00
297.78125,0.496,1066985100.0,2003-10-24 18:45:00+10:00
297.791667,0.546,1066986000.0,2003-10-24 19:00:00+10:00
297.802083,0.526,1066986900.0,2003-10-24 19:15:00+10:00
297.8125,0.486,1066987800.0,2003-10-24 19:30:00+10:00
297.822917,0.476,1066988700.0,2003-10-24 19:45:00+10:00
297.833333,0.446,1066989600.0,2003-10-24 20:00:00+10:00
297.84375,0.416,1066990500.0,2003-10-24 20:15:00+10:00
297.854167,0.346,1066991400.0,2003-10-24 20:30:00+10:00
297.864583,0.276,1066992300.0,2003-10-24 20:45:00+10:00
297.875,0.216,1066993200.0,2003-10-24 21:00:00+10:00
297.885417,0.126,1066994100.0,2003-10-24 21:15:00+10:00
297.895833,0.066,1066995000.0,2003-10-24 21:30:00+10:00
297.90625,-0.054,1066995900.0,2003-10-24 21:45:00+10:00
297.916667,-0.134,1066996800.0,2003-10-24 22:00:00+10:00
297.927083,-0.194,1066997700.0,2003-10-24 22:15:00+10:00
297.9375,-0.324,1066998600.0,2003-10-24 22:30:00+10:00
297.947917,-0.394,1066999500.0,2003-10-24 22:45:00+10:00
297.958333,-0.504,1067000400.0,2003-10-24 23:00:00+10:00
297.96875,-0.534,1067001300.0,2003-10-24 23:15:00+10:00
297.979167,-0.624,1067002200.0,2003-10-24 23:30:00+10:00
297.989583,-0.704,1067003100.0,2003-10-24 23:45:00+10:00
298.0,-0.764,1067004000.0,2003-10-25 00:00:00+10:00
298.010417,-0.834,1067004900.0,2003-10-25 00:15:00+10:00
298.020833,-0.844,1067005800.0,2003-10-25 00:30:00+10:00
298.03125,-0.864,1067006700.0,2003-10-25 00:45:00+10:00
298.041667,-0.894,1067007600.0,2003-10-25 01:00:00+10:00
298.052083,-0.924,1067008500.0,2003-10-25 01:15:00+10:00
298.0625,-0.924,1067009400.0,2003-10-25 01:30:00+10:00
298.072917,-0.894,1067010300.0,2003-10-25 01:45:00+10:00
298.083333,-0.884,1067011200.0,2003-10-25 02:00:00+10:00
298.09375,-0.864,1067012100.0,2003-10-25 02:15:00+10:00
298.104167,-0.784,1067013000.0,2003-10-25 02:30:00+10:00
298.114583,-0.774,1067013900.0,2003-10-25 02:45:00+10:00
298.125,-0.684,1067014800.0,2003-10-25 03:00:00+10:00
298.135417,-0.614,1067015700.0,2003-10-25 03:15:00+10:00
298.145833,-0.554,1067016600.0,2003-10-25 03:30:00+10:00
298.15625,-0.444,1067017500.0,2003-10-25 03:45:00+10:00
298.166667,-0.374,1067018400.0,2003-10-25 04:00:00+10:00
298.177083,-0.294,1067019300.0,2003-10-25 04:15:00+10:00
298.1875,-0.174,1067020200.0,2003-10-25 04:30:00+10:00
298.197917,-0.084,1067021100.0,2003-10-25 04:45:00+10:00
298.208333,-0.034,1067022000.0,2003-10-25 05:00:00+10:00
298.21875,0.086,1067022900.0,2003-10-25 05:15:00+10:00
298.229167,0.166,1067023800.0,2003-10-25 05:30:00+10:00
298.239583,0.206,1067024700.0,2003-10-25 05:45:00+10:00
298.25,0.316,1067025600.0,2003-10-25 06:00:00+10:00
298.260417,0.366,1067026500.0,2003-10-25 06:15:00+10:00
298.270833,0.396,1067027400.0,2003-10-25 06:30:00+10:00
298.28125,0.476,1067028300.0,2003-10-25 06:45:00+10:00
298.291667,0.526,1067029200.0,2003-10-25 07:00:00+10:00
298.302083,0.516,1067030100.0,2003-10-25 07:15:00+10:00
298.3125,0.546,1067031000.0,2003-10-25 07:30:00+10:00
298.322917,0.536,1067031900.0,2003-10-25 07:45:00+10:00
298.333333,0.536,1067032800.0,2003-10-25 08:00:00+10:00
298.34375,0.526,1067033700.0,2003-10-25 08:15:00+10:00
298.354167,0.496,1067034600.0,2003-10-25 08:30:00+10:00
298.364583,0.446,1067035500.0,2003-10-25 08:45:00+10:00
298.375,0.376,1067036400.0,2003-10-25 09:00:00+10:00
298.385417,0.326,1067037300.0,2003-10-25 09:15:00+10:00
298.395833,0.276,1067038200.0,2003-10-25 09:30:00+10:00
298.40625,0.166,1067039100.0,2003-10-25 09:45:00+10:00
298.416667,0.086,1067040000.0,2003-10-25 10:00:00+10:00
298.427083,0.006,1067040900.0,2003-10-25 10:15:00+10:00
298.4375,-0.084,1067041800.0,2003-10-25 10:30:00+10:00
298.447917,-0.154,1067042700.0,2003-10-25 10:45:00+10:00
298.458333,-0.274,1067043600.0,2003-10-25 11:00:00+10:00
298.46875,-0.334,1067044500.0,2003-10-25 11:15:00+10:00
298.479167,-0.414,1067045400.0,2003-10-25 11:30:00+10:00
298.489583,-0.484,1067046300.0,2003-10-25 11:45:00+10:00
298.5,-0.564,1067047200.0,2003-10-25 12:00:00+10:00
298.510417,-0.644,1067048100.0,2003-10-25 12:15:00+10:00
298.520833,-0.684,1067049000.0,2003-10-25 12:30:00+10:00
298.53125,-0.734,1067049900.0,2003-10-25 12:45:00+10:00
298.541667,-0.774,1067050800.0,2003-10-25 13:00:00+10:00
298.552083,-0.824,1067051700.0,2003-10-25 13:15:00+10:00
298.5625,-0.814,1067052600.0,2003-10-25 13:30:00+10:00
298.572917,-0.804,1067053500.0,2003-10-25 13:45:00+10:00
298.583333,-0.834,1067054400.0,2003-10-25 14:00:00+10:00
298.59375,-0.814,1067055300.0,2003-10-25 14:15:00+10:00
298.604167,-0.804,1067056200.0,2003-10-25 14:30:00+10:00
298.614583,-0.714,1067057100.0,2003-10-25 14:45:00+10:00
298.625,-0.714,1067058000.0,2003-10-25 15:00:00+10:00
298.635417,-0.694,1067058900.0,2003-10-25 15:15:00+10:00
298.645833,-0.614,1067059800.0,2003-10-25 15:30:00+10:00
298.65625,-0.574,1067060700.0,2003-10-25 15:45:00+10:00
298.666667,-0.434,1067061600.0,2003-10-25 16:00:00+10:00
298.677083,-0.354,1067062500.0,2003-10-25 16:15:00+10:00
298.6875,-0.354,1067063400.0,2003-10-25 16:30:00+10:00
298.697917,-0.224,1067064300.0,2003-10-25 16:45:00+10:00
298.708333,-0.094,1067065200.0,2003-10-25 17:00:00+10:00
298.71875,-0.054,1067066100.0,2003-10-25 17:15:00+10:00
298.729167,0.036,1067067000.0,2003-10-25 17:30:00+10:00
298.739583,0.106,1067067900.0,2003-10-25 17:45:00+10:00
298.75,0.166,1067068800.0,2003-10-25 18:00:00+10:00
298.760417,0.306,1067069700.0,2003-10-25 18:15:00+10:00
298.770833,0.326,1067070600.0,2003-10-25 18:30:00+10:00
298.78125,0.366,1067071500.0,2003-10-25 18:45:00+10:00
298.791667,0.426,1067072400.0,2003-10-25 19:00:00+10:00
298.802083,0.476,1067073300.0,2003-10-25 19:15:00+10:00
298.8125,0.546,1067074200.0,2003-10-25 19:30:00+10:00
298.822917,0.506,1067075100.0,2003-10-25 19:45:00+10:00
298.833333,0.506,1067076000.0,2003-10-25 20:00:00+10:00
298.84375,0.536,1067076900.0,2003-10-25 20:15:00+10:00
298.854167,0.536,1067077800.0,2003-10-25 20:30:00+10:00
298.864583,0.466,1067078700.0,2003-10-25 20:45:00+10:00
298.875,0.396,1067079600.0,2003-10-25 21:00:00+10:00
298.885417,0.396,1067080500.0,2003-10-25 21:15:00+10:00
298.895833,0.376,1067081400.0,2003-10-25 21:30:00+10:00
298.90625,0.256,1067082300.0,2003-10-25 21:45:00+10:00
298.916667,0.176,1067083200.0,2003-10-25 22:00:00+10:00
298.927083,0.066,1067084100.0,2003-10-25 22:15:00+10:00
298.9375,0.036,1067085000.0,2003-10-25 22:30:00+10:00
298.947917,-0.024,1067085900.0,2003-10-25 22:45:00+10:00
298.958333,-0.174,1067086800.0,2003-10-25 23:00:00+10:00
298.96875,-0.284,1067087700.0,2003-10-25 23:15:00+10:00
298.979167,-0.344,1067088600.0,2003-10-25 23:30:00+10:00
298.989583,-0.344,1067089500.0,2003-10-25 23:45:00+10:00
299.0,-0.454,1067090400.0,2003-10-26 00:00:00+10:00
299.010417,-0.634,1067091300.0,2003-10-26 00:15:00+10:00
299.020833,-0.634,1067092200.0,2003-10-26 00:30:00+10:00
299.03125,-0.644,1067093100.0,2003-10-26 00:45:00+10:00
299.041667,-0.644,1067094000.0,2003-10-26 01:00:00+10:00
299.052083,-0.764,1067094900.0,2003-10-26 01:15:00+10:00
299.0625,-0.844,1067095800.0,2003-10-26 01:30:00+10:00
299.072917,-0.774,1067096700.0,2003-10-26 01:45:00+10:00
299.083333,-0.764,1067097600.0,2003-10-26 03:00:00+11:00
299.09375,-0.774,1067098500.0,2003-10-26 03:15:00+11:00
299.104167,-0.804,1067099400.0,2003-10-26 03:30:00+11:00
299.114583,-0.794,1067100300.0,2003-10-26 03:45:00+11:00
299.125,-0.694,1067101200.0,2003-10-26 04:00:00+11:00
299.135417,-0.644,1067102100.0,2003-10-26 04:15:00+11:00
299.145833,-0.614,1067103000.0,2003-10-26 04:30:00+11:00
299.15625,-0.564,1067103900.0,2003-10-26 04:45:00+11:00
299.166667,-0.504,1067104800.0,2003-10-26 05:00:00+11:00
299.177083,-0.344,1067105700.0,2003-10-26 05:15:00+11:00
299.1875,-0.284,1067106600.0,2003-10-26 05:30:00+11:00
299.197917,-0.224,1067107500.0,2003-10-26 05:45:00+11:00
299.208333,-0.134,1067108400.0,2003-10-26 06:00:00+11:00
299.21875,-0.024,1067109300.0,2003-10-26 06:15:00+11:00
299.229167,0.096,1067110200.0,2003-10-26 06:30:00+11:00
299.239583,0.146,1067111100.0,2003-10-26 06:45:00+11:00
299.25,0.236,1067112000.0,2003-10-26 07:00:00+11:00
299.260417,0.336,1067112900.0,2003-10-26 07:15:00+11:00
299.270833,0.406,1067113800.0,2003-10-26 07:30:00+11:00
299.28125,0.506,1067114700.0,2003-10-26 07:45:00+11:00
299.291667,0.506,1067115600.0,2003-10-26 08:00:00+11:00
299.302083,0.586,1067116500.0,2003-10-26 08:15:00+11:00
299.3125,0.666,1067117400.0,2003-10-26 08:30:00+11:00
299.322917,0.696,1067118300.0,2003-10-26 08:45:00+11:00
299.333333,0.686,1067119200.0,2003-10-26 09:00:00+11:00
299.34375,0.676,1067120100.0,2003-10-26 09:15:00+11:00
299.354167,0.746,1067121000.0,2003-10-26 09:30:00+11:00
299.364583,0.726,1067121900.0,2003-10-26 09:45:00+11:00
299.375,0.686,1067122800.0,2003-10-26 10:00:00+11:00
299.385417,0.616,1067123700.0,2003-10-26 10:15:00+11:00
299.395833,0.606,1067124600.0,2003-10-26 10:30:00+11:00
299.40625,0.566,1067125500.0,2003-10-26 10:45:00+11:00
299.416667,0.476,1067126400.0,2003-10-26 11:00:00+11:00
299.427083,0.376,1067127300.0,2003-10-26 11:15:00+11:00
299.4375,0.306,1067128200.0,2003-10-26 11:30:00+11:00
299.447917,0.226,1067129100.0,2003-10-26 11:45:00+11:00
299.458333,0.156,1067130000.0,2003-10-26 12:00:00+11:00
299.46875,0.036,1067130900.0,2003-10-26 12:15:00+11:00
299.479167,-0.084,1067131800.0,2003-10-26 12:30:00+11:00
299.489583,-0.154,1067132700.0,2003-10-26 12:45:00+11:00
299.5,-0.214,1067133600.0,2003-10-26 13:00:00+11:00
299.510417,-0.354,1067134500.0,2003-10-26 13:15:00+11:00
299.520833,-0.394,1067135400.0,2003-10-26 13:30:00+11:00
299.53125,-0.514,1067136300.0,2003-10-26 13:45:00+11:00
299.541667,-0.554,1067137200.0,2003-10-26 14:00:00+11:00
299.552083,-0.604,1067138100.0,2003-10-26 14:15:00+11:00
299.5625,-0.694,1067139000.0,2003-10-26 14:30:00+11:00
299.572917,-0.724,1067139900.0,2003-10-26 14:45:00+11:00
299.583333,-0.774,1067140800.0,2003-10-26 15:00:00+11:00
299.59375,-0.764,1067141700.0,2003-10-26 15:15:00+11:00
299.604167,-0.794,1067142600.0,2003-10-26 15:30:00+11:00
299.614583,-0.844,1067143500.0,2003-10-26 15:45:00+11:00
299.625,-0.784,1067144400.0,2003-10-26 16:00:00+11:00
299.635417,-0.784,1067145300.0,2003-10-26 16:15:00+11:00
299.645833,-0.764,1067146200.0,2003-10-26 16:30:00+11:00
299.65625,-0.704,1067147100.0,2003-10-26 16:45:00+11:00
299.666667,-0.674,1067148000.0,2003-10-26 17:00:00+11:00
299.677083,-0.614,1067148900.0,2003-10-26 17:15:00+11:00
299.6875,-0.544,1067149800.0,2003-10-26 17:30:00+11:00
299.697917,-0.464,1067150700.0,2003-10-26 17:45:00+11:00
299.708333,-0.424,1067151600.0,2003-10-26 18:00:00+11:00
299.71875,-0.294,1067152500.0,2003-10-26 18:15:00+11:00
299.729167,-0.224,1067153400.0,2003-10-26 18:30:00+11:00
299.739583,-0.144,1067154300.0,2003-10-26 18:45:00+11:00
299.75,-0.034,1067155200.0,2003-10-26 19:00:00+11:00
299.760417,0.016,1067156100.0,2003-10-26 19:15:00+11:00
299.770833,0.086,1067157000.0,2003-10-26 19:30:00+11:00
299.78125,0.216,1067157900.0,2003-10-26 19:45:00+11:00
299.791667,0.256,1067158800.0,2003-10-26 20:00:00+11:00
299.802083,0.326,1067159700.0,2003-10-26 20:15:00+11:00
299.8125,0.356,1067160600.0,2003-10-26 20:30:00+11:00
299.822917,0.446,1067161500.0,2003-10-26 20:45:00+11:00
299.833333,0.486,1067162400.0,2003-10-26 21:00:00+11:00
299.84375,0.486,1067163300.0,2003-10-26 21:15:00+11:00
299.854167,0.546,1067164200.0,2003-10-26 21:30:00+11:00
299.864583,0.526,1067165100.0,2003-10-26 21:45:00+11:00
299.875,0.506,1067166000.0,2003-10-26 22:00:00+11:00
299.885417,0.526,1067166900.0,2003-10-26 22:15:00+11:00
299.895833,0.506,1067167800.0,2003-10-26 22:30:00+11:00
299.90625,0.436,1067168700.0,2003-10-26 22:45:00+11:00
299.916667,0.416,1067169600.0,2003-10-26 23:00:00+11:00
299.927083,0.366,1067170500.0,2003-10-26 23:15:00+11:00
299.9375,0.296,1067171400.0,2003-10-26 23:30:00+11:00
299.947917,0.246,1067172300.0,2003-10-26 23:45:00+11:00
299.958333,0.146,1067173200.0,2003-10-27 00:00:00+11:00
299.96875,0.076,1067174100.0,2003-10-27 00:15:00+11:00
299.979167,-0.014,1067175000.0,2003-10-27 00:30:00+11:00
299.989583,-0.084,1067175900.0,2003-10-27 00:45:00+11:00
300.0,-0.144,1067176800.0,2003-10-27 01:00:00+11:00
300.010417,-0.264,1067177700.0,2003-10-27 01:15:00+11:00
300.020833,-0.314,1067178600.0,2003-10-27 01:30:00+11:00
300.03125,-0.374,1067179500.0,2003-10-27 01:45:00+11:00
300.041667,-0.444,1067180400.0,2003-10-27 02:00:00+11:00
300.052083,-0.474,1067181300.0,2003-10-27 02:15:00+11:00
300.0625,-0.534,1067182200.0,2003-10-27 02:30:00+11:00
300.072917,-0.614,1067183100.0,2003-10-27 02:45:00+11:00
300.083333,-0.624,1067184000.0,2003-10-27 03:00:00+11:00
300.09375,-0.624,1067184900.0,2003-10-27 03:15:00+11:00
300.104167,-0.684,1067185800.0,2003-10-27 03:30:00+11:00
300.114583,-0.644,1067186700.0,2003-10-27 03:45:00+11:00
300.125,-0.654,1067187600.0,2003-10-27 04:00:00+11:00
300.135417,-0.674,1067188500.0,2003-10-27 04:15:00+11:00
300.145833,-0.574,1067189400.0,2003-10-27 04:30:00+11:00
300.15625,-0.604,1067190300.0,2003-10-27 04:45:00+11:00
300.166667,-0.554,1067191200.0,2003-10-27 05:00:00+11:00
300.177083,-0.464,1067192100.0,2003-10-27 05:15:00+11:00
300.1875,-0.414,1067193000.0,2003-10-27 05:30:00+11:00
300.197917,-0.314,1067193900.0,2003-10-27 05:45:00+11:00
300.208333,-0.254,1067194800.0,2003-10-27 06:00:00+11:00
300.21875,-0.174,1067195700.0,2003-10-27 06:15:00+11:00
300.229167,-0.064,1067196600.0,2003-10-27 06:30:00+11:00
300.239583,0.006,1067197500.0,2003-10-27 06:45:00+11:00
300.25,0.106,1067198400.0,2003-10-27 07:00:00+11:00
300.260417,0.186,1067199300.0,2003-10-27 07:15:00+11:00
300.270833,0.266,1067200200.0,2003-10-27 07:30:00+11:00
300.28125,0.386,1067201100.0,2003-10-27 07:45:00+11:00
300.291667,0.466,1067202000.0,2003-10-27 08:00:00+11:00
300.302083,0.506,1067202900.0,2003-10-27 08:15:00+11:00
300.3125,0.596,1067203800.0,2003-10-27 08:30:00+11:00
300.322917,0.686,1067204700.0,2003-10-27 08:45:00+11:00
300.333333,0.706,1067205600.0,2003-10-27 09:00:00+11:00
300.34375,0.796,1067206500.0,2003-10-27 09:15:00+11:00
300.354167,0.816,1067207400.0,2003-10-27 09:30:00+11:00
300.364583,0.816,1067208300.0,2003-10-27 09:45:00+11:00
300.375,0.876,1067209200.0,2003-10-27 10:00:00+11:00
300.385417,0.846,1067210100.0,2003-10-27 10:15:00+11:00
300.395833,0.836,1067211000.0,2003-10-27 10:30:00+11:00
300.40625,0.816,1067211900.0,2003-10-27 10:45:00+11:00
300.416667,0.796,1067212800.0,2003-10-27 11:00:00+11:00
300.427083,0.736,1067213700.0,2003-10-27 11:15:00+11:00
300.4375,0.676,1067214600.0,2003-10-27 11:30:00+11:00
300.447917,0.606,1067215500.0,2003-10-27 11:45:00+11:00
300.458333,0.516,1067216400.0,2003-10-27 12:00:00+11:00
300.46875,0.446,1067217300.0,2003-10-27 12:15:00+11:00
300.479167,0.366,1067218200.0,2003-10-27 12:30:00+11:00
300.489583,0.256,1067219100.0,2003-10-27 12:45:00+11:00
300.5,0.156,1067220000.0,2003-10-27 13:00:00+11:00
300.510417,0.066,1067220900.0,2003-10-27 13:15:00+11:00
300.520833,-0.014,1067221800.0,2003-10-27 13:30:00+11:00
300.53125,-0.134,1067222700.0,2003-10-27 13:45:00+11:00
300.541667,-0.224,1067223600.0,2003-10-27 14:00:00+11:00
300.552083,-0.304,1067224500.0,2003-10-27 14:15:00+11:00
300.5625,-0.414,1067225400.0,2003-10-27 14:30:00+11:00
300.572917,-0.444,1067226300.0,2003-10-27 14:45:00+11:00
300.583333,-0.534,1067227200.0,2003-10-27 15:00:00+11:00
300.59375,-0.604,1067228100.0,2003-10-27 15:15:00+11:00
300.604167,-0.644,1067229000.0,2003-10-27 15:30:00+11:00
300.614583,-0.674,1067229900.0,2003-10-27 15:45:00+11:00
300.625,-0.724,1067230800.0,2003-10-27 16:00:00+11:00
300.635417,-0.764,1067231700.0,2003-10-27 16:15:00+11:00
300.645833,-0.764,1067232600.0,2003-10-27 16:30:00+11:00
300.65625,-0.774,1067233500.0,2003-10-27 16:45:00+11:00
300.666667,-0.744,1067234400.0,2003-10-27 17:00:00+11:00
300.677083,-0.754,1067235300.0,2003-10-27 17:15:00+11:00
300.6875,-0.744,1067236200.0,2003-10-27 17:30:00+11:00
300.697917,-0.674,1067237100.0,2003-10-27 17:45:00+11:00
300.708333,-0.654,1067238000.0,2003-10-27 18:00:00+11:00
300.71875,-0.574,1067238900.0,2003-10-27 18:15:00+11:00
300.729167,-0.524,1067239800.0,2003-10-27 18:30:00+11:00
300.739583,-0.484,1067240700.0,2003-10-27 18:45:00+11:00
300.75,-0.374,1067241600.0,2003-10-27 19:00:00+11:00
300.760417,-0.304,1067242500.0,2003-10-27 19:15:00+11:00
300.770833,-0.224,1067243400.0,2003-10-27 19:30:00+11:00
300.78125,-0.164,1067244300.0,2003-10-27 19:45:00+11:00
300.791667,-0.064,1067245200.0,2003-10-27 20:00:00+11:00
300.802083,0.026,1067246100.0,2003-10-27 20:15:00+11:00
300.8125,0.086,1067247000.0,2003-10-27 20:30:00+11:00
300.822917,0.146,1067247900.0,2003-10-27 20:45:00+11:00
300.833333,0.186,1067248800.0,2003-10-27 21:00:00+11:00
300.84375,0.286,1067249700.0,2003-10-27 21:15:00+11:00
300.854167,0.316,1067250600.0,2003-10-27 21:30:00+11:00
300.864583,0.346,1067251500.0,2003-10-27 21:45:00+11:00
300.875,0.406,1067252400.0,2003-10-27 22:00:00+11:00
300.885417,0.426,1067253300.0,2003-10-27 22:15:00+11:00
300.895833,0.466,1067254200.0,2003-10-27 22:30:00+11:00
300.90625,0.446,1067255100.0,2003-10-27 22:45:00+11:00
300.916667,0.456,1067256000.0,2003-10-27 23:00:00+11:00
300.927083,0.456,1067256900.0,2003-10-27 23:15:00+11:00
300.9375,0.446,1067257800.0,2003-10-27 23:30:00+11:00
300.947917,0.386,1067258700.0,2003-10-27 23:45:00+11:00
300.958333,0.346,1067259600.0,2003-10-28 00:00:00+11:00
300.96875,0.326,1067260500.0,2003-10-28 00:15:00+11:00
300.979167,0.246,1067261400.0,2003-10-28 00:30:00+11:00
300.989583,0.196,1067262300.0,2003-10-28 00:45:00+11:00
301.0,0.096,1067263200.0,2003-10-28 01:00:00+11:00
301.010417,0.086,1067264100.0,2003-10-28 01:15:00+11:00
301.020833,-0.024,1067265000.0,2003-10-28 01:30:00+11:00
301.03125,-0.084,1067265900.0,2003-10-28 01:45:00+11:00
301.041667,-0.134,1067266800.0,2003-10-28 02:00:00+11:00
301.052083,-0.234,1067267700.0,2003-10-28 02:15:00+11:00
301.0625,-0.244,1067268600.0,2003-10-28 02:30:00+11:00
301.072917,-0.304,1067269500.0,2003-10-28 02:45:00+11:00
301.083333,-0.384,1067270400.0,2003-10-28 03:00:00+11:00
301.09375,-0.434,1067271300.0,2003-10-28 03:15:00+11:00
301.104167,-0.444,1067272200.0,2003-10-28 03:30:00+11:00
301.114583,-0.464,1067273100.0,2003-10-28 03:45:00+11:00
301.125,-0.524,1067274000.0,2003-10-28 04:00:00+11:00
301.135417,-0.524,1067274900.0,2003-10-28 04:15:00+11:00
301.145833,-0.544,1067275800.0,2003-10-28 04:30:00+11:00
301.15625,-0.534,1067276700.0,2003-10-28 04:45:00+11:00
301.166667,-0.494,1067277600.0,2003-10-28 05:00:00+11:00
301.177083,-0.504,1067278500.0,2003-10-28 05:15:00+11:00
301.1875,-0.474,1067279400.0,2003-10-28 05:30:00+11:00
301.197917,-0.404,1067280300.0,2003-10-28 05:45:00+11:00
301.208333,-0.334,1067281200.0,2003-10-28 06:00:00+11:00
301.21875,-0.294,1067282100.0,2003-10-28 06:15:00+11:00
301.229167,-0.254,1067283000.0,2003-10-28 06:30:00+11:00
301.239583,-0.144,1067283900.0,2003-10-28 06:45:00+11:00
301.25,-0.054,1067284800.0,2003-10-28 07:00:00+11:00
301.260417,-0.014,1067285700.0,2003-10-28 07:15:00+11:00
301.270833,0.066,1067286600.0,2003-10-28 07:30:00+11:00
301.28125,0.146,1067287500.0,2003-10-28 07:45:00+11:00
301.291667,0.246,1067288400.0,2003-10-28 08:00:00+11:00
301.302083,0.346,1067289300.0,2003-10-28 08:15:00+11:00
301.3125,0.426,1067290200.0,2003-10-28 08:30:00+11:00
301.322917,0.476,1067291100.0,2003-10-28 08:45:00+11:00
301.333333,0.536,1067292000.0,2003-10-28 09:00:00+11:00
301.34375,0.676,1067292900.0,2003-10-28 09:15:00+11:00
301.354167,0.726,1067293800.0,2003-10-28 09:30:00+11:00
301.364583,0.716,1067294700.0,2003-10-28 09:45:00+11:00
301.375,0.806,1067295600.0,2003-10-28 10:00:00+11:00
301.385417,0.846,1067296500.0,2003-10-28 10:15:00+11:00
301.395833,0.876,1067297400.0,2003-10-28 10:30:00+11:00
301.40625,0.846,1067298300.0,2003-10-28 10:45:00+11:00
301.416667,0.866,1067299200.0,2003-10-28 11:00:00+11:00
301.427083,0.876,1067300100.0,2003-10-28 11:15:00+11:00
301.4375,0.856,1067301000.0,2003-10-28 11:30:00+11:00
301.447917,0.826,1067301900.0,2003-10-28 11:45:00+11:00
301.458333,0.766,1067302800.0,2003-10-28 12:00:00+11:00
301.46875,0.686,1067303700.0,2003-10-28 12:15:00+11:00
301.479167,0.666,1067304600.0,2003-10-28 12:30:00+11:00
301.489583,0.616,1067305500.0,2003-10-28 12:45:00+11:00
301.5,0.466,1067306400.0,2003-10-28 13:00:00+11:00
301.510417,0.386,1067307300.0,2003-10-28 13:15:00+11:00
301.520833,0.346,1067308200.0,2003-10-28 13:30:00+11:00
301.53125,0.236,1067309100.0,2003-10-28 13:45:00+11:00
301.541667,0.136,1067310000.0,2003-10-28 14:00:00+11:00
301.552083,0.036,1067310900.0,2003-10-28 14:15:00+11:00
301.5625,-0.084,1067311800.0,2003-10-28 14:30:00+11:00
301.572917,-0.124,1067312700.0,2003-10-28 14:45:00+11:00
301.583333,-0.194,1067313600.0,2003-10-28 15:00:00+11:00
301.59375,-0.314,1067314500.0,2003-10-28 15:15:00+11:00
301.604167,-0.424,1067315400.0,2003-10-28 15:30:00+11:00
301.614583,-0.444,1067316300.0,2003-10-28 15:45:00+11:00
301.625,-0.504,1067317200.0,2003-10-28 16:00:00+11:00
301.635417,-0.544,1067318100.0,2003-10-28 16:15:00+11:00
301.645833,-0.604,1067319000.0,2003-10-28 16:30:00+11:00
301.65625,-0.684,1067319900.0,2003-10-28 16:45:00+11:00
301.666667,-0.744,1067320800.0,2003-10-28 17:00:00+11:00
301.677083,-0.674,1067321700.0,2003-10-28 17:15:00+11:00
301.6875,-0.724,1067322600.0,2003-10-28 17:30:00+11:00
301.697917,-0.764,1067323500.0,2003-10-28 17:45:00+11:00
301.708333,-0.714,1067324400.0,2003-10-28 18:00:00+11:00
301.71875,-0.734,1067325300.0,2003-10-28 18:15:00+11:00
301.729167,-0.694,1067326200.0,2003-10-28 18:30:00+11:00
301.739583,-0.514,1067327100.0,2003-10-28 18:45:00+11:00
301.75,-0.704,1067328000.0,2003-10-28 19:00:00+11:00
301.760417,-0.534,1067328900.0,2003-10-28 19:15:00+11:00
301.770833,-0.424,1067329800.0,2003-10-28 19:30:00+11:00
301.78125,-0.414,1067330700.0,2003-10-28 19:45:00+11:00
301.791667,-0.354,1067331600.0,2003-10-28 20:00:00+11:00
301.802083,-0.274,1067332500.0,2003-10-28 20:15:00+11:00
301.8125,-0.204,1067333400.0,2003-10-28 20:30:00+11:00
301.822917,-0.134,1067334300.0,2003-10-28 20:45:00+11:00
301.833333,-0.014,1067335200.0,2003-10-28 21:00:00+11:00
301.84375,-0.004,1067336100.0,2003-10-28 21:15:00+11:00
301.854167,0.046,1067337000.0,2003-10-28 21:30:00+11:00
301.864583,0.116,1067337900.0,2003-10-28 21:45:00+11:00
301.875,0.256,1067338800.0,2003-10-28 22:00:00+11:00
301.885417,0.326,1067339700.0,2003-10-28 22:15:00+11:00
301.895833,0.256,1067340600.0,2003-10-28 22:30:00+11:00
301.90625,0.296,1067341500.0,2003-10-28 22:45:00+11:00
301.916667,0.466,1067342400.0,2003-10-28 23:00:00+11:00
301.927083,0.476,1067343300.0,2003-10-28 23:15:00+11:00
301.9375,0.436,1067344200.0,2003-10-28 23:30:00+11:00
301.947917,0.446,1067345100.0,2003-10-28 23:45:00+11:00
301.958333,0.436,1067346000.0,2003-10-29 00:00:00+11:00
301.96875,0.526,1067346900.0,2003-10-29 00:15:00+11:00
301.979167,0.396,1067347800.0,2003-10-29 00:30:00+11:00
301.989583,0.426,1067348700.0,2003-10-29 00:45:00+11:00
302.0,0.316,1067349600.0,2003-10-29 01:00:00+11:00
302.010417,0.266,1067350500.0,2003-10-29 01:15:00+11:00
302.020833,0.376,1067351400.0,2003-10-29 01:30:00+11:00
302.03125,0.126,1067352300.0,2003-10-29 01:45:00+11:00
302.041667,0.276,1067353200.0,2003-10-29 02:00:00+11:00
302.052083,0.066,1067354100.0,2003-10-29 02:15:00+11:00
302.0625,0.076,1067355000.0,2003-10-29 02:30:00+11:00
302.072917,0.156,1067355900.0,2003-10-29 02:45:00+11:00
302.083333,-0.174,1067356800.0,2003-10-29 03:00:00+11:00
302.09375,-0.054,1067357700.0,2003-10-29 03:15:00+11:00
302.104167,-0.084,1067358600.0,2003-10-29 03:30:00+11:00
302.114583,-0.144,1067359500.0,2003-10-29 03:45:00+11:00
302.125,-0.264,1067360400.0,2003-10-29 04:00:00+11:00
302.135417,-0.304,1067361300.0,2003-10-29 04:15:00+11:00
302.145833,-0.194,1067362200.0,2003-10-29 04:30:00+11:00
302.15625,-0.274,1067363100.0,2003-10-29 04:45:00+11:00
302.166667,-0.354,1067364000.0,2003-10-29 05:00:00+11:00
302.177083,-0.384,1067364900.0,2003-10-29 05:15:00+11:00
302.1875,-0.264,1067365800.0,2003-10-29 05:30:00+11:00
302.197917,-0.304,1067366700.0,2003-10-29 05:45:00+11:00
302.208333,-0.294,1067367600.0,2003-10-29 06:00:00+11:00
302.21875,-0.254,1067368500.0,2003-10-29 06:15:00+11:00
302.229167,-0.324,1067369400.0,2003-10-29 06:30:00+11:00
302.239583,-0.124,1067370300.0,2003-10-29 06:45:00+11:00
302.25,-0.084,1067371200.0,2003-10-29 07:00:00+11:00
302.260417,-0.114,1067372100.0,2003-10-29 07:15:00+11:00
302.270833,-0.094,1067373000.0,2003-10-29 07:30:00+11:00
302.28125,0.086,1067373900.0,2003-10-29 07:45:00+11:00
302.291667,0.136,1067374800.0,2003-10-29 08:00:00+11:00
302.302083,0.196,1067375700.0,2003-10-29 08:15:00+11:00
302.3125,0.216,1067376600.0,2003-10-29 08:30:00+11:00
302.322917,0.326,1067377500.0,2003-10-29 08:45:00+11:00
302.333333,0.456,1067378400.0,2003-10-29 09:00:00+11:00
302.34375,0.516,1067379300.0,2003-10-29 09:15:00+11:00
302.354167,0.546,1067380200.0,2003-10-29 09:30:00+11:00
302.364583,0.616,1067381100.0,2003-10-29 09:45:00+11:00
302.375,0.666,1067382000.0,2003-10-29 10:00:00+11:00
302.385417,0.796,1067382900.0,2003-10-29 10:15:00+11:00
302.395833,0.766,1067383800.0,2003-10-29 10:30:00+11:00
302.40625,0.786,1067384700.0,2003-10-29 10:45:00+11:00
302.416667,0.896,1067385600.0,2003-10-29 11:00:00+11:00
302.427083,0.876,1067386500.0,2003-10-29 11:15:00+11:00
302.4375,0.906,1067387400.0,2003-10-29 11:30:00+11:00
302.447917,0.906,1067388300.0,2003-10-29 11:45:00+11:00
302.458333,0.856,1067389200.0,2003-10-29 12:00:00+11:00
302.46875,0.916,1067390100.0,2003-10-29 12:15:00+11:00
302.479167,0.876,1067391000.0,2003-10-29 12:30:00+11:00
302.489583,0.796,1067391900.0,2003-10-29 12:45:00+11:00
302.5,0.776,1067392800.0,2003-10-29 13:00:00+11:00
302.510417,0.756,1067393700.0,2003-10-29 13:15:00+11:00
302.520833,0.666,1067394600.0,2003-10-29 13:30:00+11:00
302.53125,0.556,1067395500.0,2003-10-29 13:45:00+11:00
302.541667,0.546,1067396400.0,2003-10-29 14:00:00+11:00
302.552083,0.386,1067397300.0,2003-10-29 14:15:00+11:00
302.5625,0.376,1067398200.0,2003-10-29 14:30:00+11:00
302.572917,0.266,1067399100.0,2003-10-29 14:45:00+11:00
302.583333,0.146,1067400000.0,2003-10-29 15:00:00+11:00
302.59375,0.076,1067400900.0,2003-10-29 15:15:00+11:00
302.604167,0.016,1067401800.0,2003-10-29 15:30:00+11:00
302.614583,-0.024,1067402700.0,2003-10-29 15:45:00+11:00
302.625,-0.204,1067403600.0,2003-10-29 16:00:00+11:00
302.635417,-0.274,1067404500.0,2003-10-29 16:15:00+11:00
302.645833,-0.284,1067405400.0,2003-10-29 16:30:00+11:00
302.65625,-0.374,1067406300.0,2003-10-29 16:45:00+11:00
302.666667,-0.464,1067407200.0,2003-10-29 17:00:00+11:00
302.677083,-0.514,1067408100.0,2003-10-29 17:15:00+11:00
302.6875,-0.544,1067409000.0,2003-10-29 17:30:00+11:00
302.697917,-0.594,1067409900.0,2003-10-29 17:45:00+11:00
302.708333,-0.604,1067410800.0,2003-10-29 18:00:00+11:00
302.71875,-0.674,1067411700.0,2003-10-29 18:15:00+11:00
302.729167,-0.684,1067412600.0,2003-10-29 18:30:00+11:00
302.739583,-0.644,1067413500.0,2003-10-29 18:45:00+11:00
302.75,-0.664,1067414400.0,2003-10-29 19:00:00+11:00
302.760417,-0.634,1067415300.0,2003-10-29 19:15:00+11:00
302.770833,-0.654,1067416200.0,2003-10-29 19:30:00+11:00
302.78125,-0.614,1067417100.0,2003-10-29 19:45:00+11:00
302.791667,-0.554,1067418000.0,2003-10-29 20:00:00+11:00
302.802083,-0.504,1067418900.0,2003-10-29 20:15:00+11:00
302.8125,-0.494,1067419800.0,2003-10-29 20:30:00+11:00
302.822917,-0.464,1067420700.0,2003-10-29 20:45:00+11:00
302.833333,-0.364,1067421600.0,2003-10-29 21:00:00+11:00
302.84375,-0.294,1067422500.0,2003-10-29 21:15:00+11:00
302.854167,-0.254,1067423400.0,2003-10-29 21:30:00+11:00
302.864583,-0.234,1067424300.0,2003-10-29 21:45:00+11:00
302.875,-0.124,1067425200.0,2003-10-29 22:00:00+11:00
302.885417,-0.054,1067426100.0,2003-10-29 22:15:00+11:00
302.895833,-0.044,1067427000.0,2003-10-29 22:30:00+11:00
302.90625,0.076,1067427900.0,2003-10-29 22:45:00+11:00
302.916667,0.096,1067428800.0,2003-10-29 23:00:00+11:00
302.927083,0.126,1067429700.0,2003-10-29 23:15:00+11:00
302.9375,0.246,1067430600.0,2003-10-29 23:30:00+11:00
302.947917,0.206,1067431500.0,2003-10-29 23:45:00+11:00
302.958333,0.236,1067432400.0,2003-10-30 00:00:00+11:00
302.96875,0.326,1067433300.0,2003-10-30 00:15:00+11:00
302.979167,0.316,1067434200.0,2003-10-30 00:30:00+11:00
302.989583,0.286,1067435100.0,2003-10-30 00:45:00+11:00
303.0,0.316,1067436000.0,2003-10-30 01:00:00+11:00
303.010417,0.336,1067436900.0,2003-10-30 01:15:00+11:00
303.020833,0.296,1067437800.0,2003-10-30 01:30:00+11:00
303.03125,0.286,1067438700.0,2003-10-30 01:45:00+11:00
303.041667,0.236,1067439600.0,2003-10-30 02:00:00+11:00
303.052083,0.236,1067440500.0,2003-10-30 02:15:00+11:00
303.0625,0.206,1067441400.0,2003-10-30 02:30:00+11:00
303.072917,0.156,1067442300.0,2003-10-30 02:45:00+11:00
303.083333,0.146,1067443200.0,2003-10-30 03:00:00+11:00
303.09375,0.036,1067444100.0,2003-10-30 03:15:00+11:00
303.104167,0.046,1067445000.0,2003-10-30 03:30:00+11:00
303.114583,0.036,1067445900.0,2003-10-30 03:45:00+11:00
303.125,-0.074,1067446800.0,2003-10-30 04:00:00+11:00
303.135417,-0.104,1067447700.0,2003-10-30 04:15:00+11:00
303.145833,-0.114,1067448600.0,2003-10-30 04:30:00+11:00
303.15625,-0.154,1067449500.0,2003-10-30 04:45:00+11:00
303.166667,-0.184,1067450400.0,2003-10-30 05:00:00+11:00
303.177083,-0.214,1067451300.0,2003-10-30 05:15:00+11:00
303.1875,-0.264,1067452200.0,2003-10-30 05:30:00+11:00
303.197917,-0.244,1067453100.0,2003-10-30 05:45:00+11:00
303.208333,-0.244,1067454000.0,2003-10-30 06:00:00+11:00
303.21875,-0.264,1067454900.0,2003-10-30 06:15:00+11:00
303.229167,-0.244,1067455800.0,2003-10-30 06:30:00+11:00
303.239583,-0.294,1067456700.0,2003-10-30 06:45:00+11:00
303.25,-0.214,1067457600.0,2003-10-30 07:00:00+11:00
303.260417,-0.184,1067458500.0,2003-10-30 07:15:00+11:00
303.270833,-0.224,1067459400.0,2003-10-30 07:30:00+11:00
303.28125,-0.124,1067460300.0,2003-10-30 07:45:00+11:00
303.291667,-0.084,1067461200.0,2003-10-30 08:00:00+11:00
303.302083,-0.044,1067462100.0,2003-10-30 08:15:00+11:00
303.3125,0.046,1067463000.0,2003-10-30 08:30:00+11:00
303.322917,0.066,1067463900.0,2003-10-30 08:45:00+11:00
303.333333,0.136,1067464800.0,2003-10-30 09:00:00+11:00
303.34375,0.226,1067465700.0,2003-10-30 09:15:00+11:00
303.354167,0.296,1067466600.0,2003-10-30 09:30:00+11:00
303.364583,0.336,1067467500.0,2003-10-30 09:45:00+11:00
303.375,0.406,1067468400.0,2003-10-30 10:00:00+11:00
303.385417,0.476,1067469300.0,2003-10-30 10:15:00+11:00
303.395833,0.536,1067470200.0,2003-10-30 10:30:00+11:00
303.40625,0.596,1067471100.0,2003-10-30 10:45:00+11:00
303.416667,0.626,1067472000.0,2003-10-30 11:00:00+11:00
303.427083,0.706,1067472900.0,2003-10-30 11:15:00+11:00
303.4375,0.746,1067473800.0,2003-10-30 11:30:00+11:00
303.447917,0.776,1067474700.0,2003-10-30 11:45:00+11:00
303.458333,0.806,1067475600.0,2003-10-30 12:00:00+11:00
303.46875,0.786,1067476500.0,2003-10-30 12:15:00+11:00
303.479167,0.846,1067477400.0,2003-10-30 12:30:00+11:00
303.489583,0.856,1067478300.0,2003-10-30 12:45:00+11:00
303.5,0.826,1067479200.0,2003-10-30 13:00:00+11:00
303.510417,0.806,1067480100.0,2003-10-30 13:15:00+11:00
303.520833,0.786,1067481000.0,2003-10-30 13:30:00+11:00
303.53125,0.776,1067481900.0,2003-10-30 13:45:00+11:00
303.541667,0.726,1067482800.0,2003-10-30 14:00:00+11:00
303.552083,0.656,1067483700.0,2003-10-30 14:15:00+11:00
303.5625,0.596,1067484600.0,2003-10-30 14:30:00+11:00
303.572917,0.546,1067485500.0,2003-10-30 14:45:00+11:00
303.583333,0.486,1067486400.0,2003-10-30 15:00:00+11:00
303.59375,0.426,1067487300.0,2003-10-30 15:15:00+11:00
303.604167,0.316,1067488200.0,2003-10-30 15:30:00+11:00
303.614583,0.246,1067489100.0,2003-10-30 15:45:00+11:00
303.625,0.206,1067490000.0,2003-10-30 16:00:00+11:00
303.635417,0.096,1067490900.0,2003-10-30 16:15:00+11:00
303.645833,0.036,1067491800.0,2003-10-30 16:30:00+11:00
303.65625,-0.044,1067492700.0,2003-10-30 16:45:00+11:00
303.666667,-0.144,1067493600.0,2003-10-30 17:00:00+11:00
303.677083,-0.194,1067494500.0,2003-10-30 17:15:00+11:00
303.6875,-0.264,1067495400.0,2003-10-30 17:30:00+11:00
303.697917,-0.334,1067496300.0,2003-10-30 17:45:00+11:00
303.708333,-0.394,1067497200.0,2003-10-30 18:00:00+11:00
303.71875,-0.454,1067498100.0,2003-10-30 18:15:00+11:00
303.729167,-0.504,1067499000.0,2003-10-30 18:30:00+11:00
303.739583,-0.544,1067499900.0,2003-10-30 18:45:00+11:00
303.75,-0.564,1067500800.0,2003-10-30 19:00:00+11:00
303.760417,-0.604,1067501700.0,2003-10-30 19:15:00+11:00
303.770833,-0.614,1067502600.0,2003-10-30 19:30:00+11:00
303.78125,-0.644,1067503500.0,2003-10-30 19:45:00+11:00
303.791667,-0.644,1067504400.0,2003-10-30 20:00:00+11:00
303.802083,-0.634,1067505300.0,2003-10-30 20:15:00+11:00
303.8125,-0.624,1067506200.0,2003-10-30 20:30:00+11:00
303.822917,-0.594,1067507100.0,2003-10-30 20:45:00+11:00
303.833333,-0.594,1067508000.0,2003-10-30 21:00:00+11:00
303.84375,-0.554,1067508900.0,2003-10-30 21:15:00+11:00
303.854167,-0.504,1067509800.0,2003-10-30 21:30:00+11:00
303.864583,-0.504,1067510700.0,2003-10-30 21:45:00+11:00
303.875,-0.414,1067511600.0,2003-10-30 22:00:00+11:00
303.885417,-0.384,1067512500.0,2003-10-30 22:15:00+11:00
303.895833,-0.344,1067513400.0,2003-10-30 22:30:00+11:00
303.90625,-0.274,1067514300.0,2003-10-30 22:45:00+11:00
303.916667,-0.234,1067515200.0,2003-10-30 23:00:00+11:00
303.927083,-0.184,1067516100.0,2003-10-30 23:15:00+11:00
303.9375,-0.114,1067517000.0,2003-10-30 23:30:00+11:00
303.947917,-0.074,1067517900.0,2003-10-30 23:45:00+11:00
303.958333,-0.024,1067518800.0,2003-10-31 00:00:00+11:00
303.96875,0.026,1067519700.0,2003-10-31 00:15:00+11:00
303.979167,0.056,1067520600.0,2003-10-31 00:30:00+11:00
303.989583,0.096,1067521500.0,2003-10-31 00:45:00+11:00
304.0,0.126,1067522400.0,2003-10-31 01:00:00+11:00
304.010417,0.136,1067523300.0,2003-10-31 01:15:00+11:00
304.020833,0.176,1067524200.0,2003-10-31 01:30:00+11:00
304.03125,0.196,1067525100.0,2003-10-31 01:45:00+11:00
304.041667,0.166,1067526000.0,2003-10-31 02:00:00+11:00
304.052083,0.176,1067526900.0,2003-10-31 02:15:00+11:00
304.0625,0.186,1067527800.0,2003-10-31 02:30:00+11:00
304.072917,0.196,1067528700.0,2003-10-31 02:45:00+11:00
304.083333,0.146,1067529600.0,2003-10-31 03:00:00+11:00
304.09375,0.136,1067530500.0,2003-10-31 03:15:00+11:00
304.104167,0.106,1067531400.0,2003-10-31 03:30:00+11:00
304.114583,0.086,1067532300.0,2003-10-31 03:45:00+11:00
304.125,0.076,1067533200.0,2003-10-31 04:00:00+11:00
304.135417,0.056,1067534100.0,2003-10-31 04:15:00+11:00
304.145833,-0.034,1067535000.0,2003-10-31 04:30:00+11:00
304.15625,-0.034,1067535900.0,2003-10-31 04:45:00+11:00
304.166667,-0.014,1067536800.0,2003-10-31 05:00:00+11:00
304.177083,-0.084,1067537700.0,2003-10-31 05:15:00+11:00
304.1875,-0.114,1067538600.0,2003-10-31 05:30:00+11:00
304.197917,-0.164,1067539500.0,2003-10-31 05:45:00+11:00
304.208333,-0.174,1067540400.0,2003-10-31 06:00:00+11:00
304.21875,-0.154,1067541300.0,2003-10-31 06:15:00+11:00
304.229167,-0.184,1067542200.0,2003-10-31 06:30:00+11:00
304.239583,-0.254,1067543100.0,2003-10-31 06:45:00+11:00
304.25,-0.244,1067544000.0,2003-10-31 07:00:00+11:00
304.260417,-0.194,1067544900.0,2003-10-31 07:15:00+11:00
304.270833,-0.204,1067545800.0,2003-10-31 07:30:00+11:00
304.28125,-0.204,1067546700.0,2003-10-31 07:45:00+11:00
304.291667,-0.214,1067547600.0,2003-10-31 08:00:00+11:00
304.302083,-0.194,1067548500.0,2003-10-31 08:15:00+11:00
304.3125,-0.094,1067549400.0,2003-10-31 08:30:00+11:00
304.322917,-0.074,1067550300.0,2003-10-31 08:45:00+11:00
304.333333,-0.074,1067551200.0,2003-10-31 09:00:00+11:00
304.34375,-0.024,1067552100.0,2003-10-31 09:15:00+11:00
304.354167,0.056,1067553000.0,2003-10-31 09:30:00+11:00
304.364583,0.106,1067553900.0,2003-10-31 09:45:00+11:00
304.375,0.126,1067554800.0,2003-10-31 10:00:00+11:00
304.385417,0.206,1067555700.0,2003-10-31 10:15:00+11:00
304.395833,0.226,1067556600.0,2003-10-31 10:30:00+11:00
304.40625,0.286,1067557500.0,2003-10-31 10:45:00+11:00
304.416667,0.406,1067558400.0,2003-10-31 11:00:00+11:00
304.427083,0.386,1067559300.0,2003-10-31 11:15:00+11:00
304.4375,0.466,1067560200.0,2003-10-31 11:30:00+11:00
304.447917,0.546,1067561100.0,2003-10-31 11:45:00+11:00
304.458333,0.576,1067562000.0,2003-10-31 12:00:00+11:00
304.46875,0.626,1067562900.0,2003-10-31 12:15:00+11:00
304.479167,0.666,1067563800.0,2003-10-31 12:30:00+11:00
304.489583,0.686,1067564700.0,2003-10-31 12:45:00+11:00
304.5,0.726,1067565600.0,2003-10-31 13:00:00+11:00
304.510417,0.746,1067566500.0,2003-10-31 13:15:00+11:00
304.520833,0.706,1067567400.0,2003-10-31 13:30:00+11:00
304.53125,0.716,1067568300.0,2003-10-31 13:45:00+11:00
304.541667,0.736,1067569200.0,2003-10-31 14:00:00+11:00
304.552083,0.736,1067570100.0,2003-10-31 14:15:00+11:00
304.5625,0.686,1067571000.0,2003-10-31 14:30:00+11:00
304.572917,0.656,1067571900.0,2003-10-31 14:45:00+11:00
304.583333,0.586,1067572800.0,2003-10-31 15:00:00+11:00
304.59375,0.616,1067573700.0,2003-10-31 15:15:00+11:00
304.604167,0.556,1067574600.0,2003-10-31 15:30:00+11:00
304.614583,0.516,1067575500.0,2003-10-31 15:45:00+11:00
304.625,0.426,1067576400.0,2003-10-31 16:00:00+11:00
304.635417,0.406,1067577300.0,2003-10-31 16:15:00+11:00
304.645833,0.326,1067578200.0,2003-10-31 16:30:00+11:00
304.65625,0.266,1067579100.0,2003-10-31 16:45:00+11:00
304.666667,0.216,1067580000.0,2003-10-31 17:00:00+11:00
304.677083,0.126,1067580900.0,2003-10-31 17:15:00+11:00
304.6875,0.096,1067581800.0,2003-10-31 17:30:00+11:00
304.697917,0.006,1067582700.0,2003-10-31 17:45:00+11:00
304.708333,-0.074,1067583600.0,2003-10-31 18:00:00+11:00
304.71875,-0.164,1067584500.0,2003-10-31 18:15:00+11:00
304.729167,-0.174,1067585400.0,2003-10-31 18:30:00+11:00
304.739583,-0.254,1067586300.0,2003-10-31 18:45:00+11:00
304.75,-0.364,1067587200.0,2003-10-31 19:00:00+11:00
304.760417,-0.364,1067588100.0,2003-10-31 19:15:00+11:00
304.770833,-0.414,1067589000.0,2003-10-31 19:30:00+11:00
304.78125,-0.444,1067589900.0,2003-10-31 19:45:00+11:00
304.791667,-0.484,1067590800.0,2003-10-31 20:00:00+11:00
304.802083,-0.584,1067591700.0,2003-10-31 20:15:00+11:00
304.8125,-0.574,1067592600.0,2003-10-31 20:30:00+11:00
304.822917,-0.494,1067593500.0,2003-10-31 20:45:00+11:00
304.833333,-0.574,1067594400.0,2003-10-31 21:00:00+11:00
304.84375,-0.604,1067595300.0,2003-10-31 21:15:00+11:00
304.854167,-0.554,1067596200.0,2003-10-31 21:30:00+11:00
304.864583,-0.554,1067597100.0,2003-10-31 21:45:00+11:00
304.875,-0.534,1067598000.0,2003-10-31 22:00:00+11:00
304.885417,-0.454,1067598900.0,2003-10-31 22:15:00+11:00
304.895833,-0.494,1067599800.0,2003-10-31 22:30:00+11:00
304.90625,-0.454,1067600700.0,2003-10-31 22:45:00+11:00
304.916667,-0.384,1067601600.0,2003-10-31 23:00:00+11:00
304.927083,-0.344,1067602500.0,2003-10-31 23:15:00+11:00
304.9375,-0.324,1067603400.0,2003-10-31 23:30:00+11:00
304.947917,-0.284,1067604300.0,2003-10-31 23:45:00+11:00
304.958333,-0.224,1067605200.0,2003-11-01 00:00:00+11:00
304.96875,-0.214,1067606100.0,2003-11-01 00:15:00+11:00
304.979167,-0.094,1067607000.0,2003-11-01 00:30:00+11:00
304.989583,-0.074,1067607900.0,2003-11-01 00:45:00+11:00
305.0,-0.064,1067608800.0,2003-11-01 01:00:00+11:00
305.010417,-0.024,1067609700.0,2003-11-01 01:15:00+11:00
305.020833,0.046,1067610600.0,2003-11-01 01:30:00+11:00
305.03125,0.076,1067611500.0,2003-11-01 01:45:00+11:00
305.041667,0.056,1067612400.0,2003-11-01 02:00:00+11:00
305.052083,0.186,1067613300.0,2003-11-01 02:15:00+11:00
305.0625,0.146,1067614200.0,2003-11-01 02:30:00+11:00
305.072917,0.166,1067615100.0,2003-11-01 02:45:00+11:00
305.083333,0.196,1067616000.0,2003-11-01 03:00:00+11:00
305.09375,0.186,1067616900.0,2003-11-01 03:15:00+11:00
305.104167,0.186,1067617800.0,2003-11-01 03:30:00+11:00
305.114583,0.196,1067618700.0,2003-11-01 03:45:00+11:00
305.125,0.196,1067619600.0,2003-11-01 04:00:00+11:00
305.135417,0.156,1067620500.0,2003-11-01 04:15:00+11:00
305.145833,0.166,1067621400.0,2003-11-01 04:30:00+11:00
305.15625,0.126,1067622300.0,2003-11-01 04:45:00+11:00
305.166667,0.126,1067623200.0,2003-11-01 05:00:00+11:00
305.177083,0.086,1067624100.0,2003-11-01 05:15:00+11:00
305.1875,0.076,1067625000.0,2003-11-01 05:30:00+11:00
305.197917,0.066,1067625900.0,2003-11-01 05:45:00+11:00
305.208333,0.026,1067626800.0,2003-11-01 06:00:00+11:00
305.21875,0.006,1067627700.0,2003-11-01 06:15:00+11:00
305.229167,-0.044,1067628600.0,2003-11-01 06:30:00+11:00
305.239583,-0.044,1067629500.0,2003-11-01 06:45:00+11:00
305.25,-0.074,1067630400.0,2003-11-01 07:00:00+11:00
305.260417,-0.104,1067631300.0,2003-11-01 07:15:00+11:00
305.270833,-0.114,1067632200.0,2003-11-01 07:30:00+11:00
305.28125,-0.154,1067633100.0,2003-11-01 07:45:00+11:00
305.291667,-0.124,1067634000.0,2003-11-01 08:00:00+11:00
305.302083,-0.154,1067634900.0,2003-11-01 08:15:00+11:00
305.3125,-0.144,1067635800.0,2003-11-01 08:30:00+11:00
305.322917,-0.164,1067636700.0,2003-11-01 08:45:00+11:00
305.333333,-0.124,1067637600.0,2003-11-01 09:00:00+11:00
305.34375,-0.104,1067638500.0,2003-11-01 09:15:00+11:00
305.354167,-0.124,1067639400.0,2003-11-01 09:30:00+11:00
305.364583,-0.044,1067640300.0,2003-11-01 09:45:00+11:00
305.375,-0.054,1067641200.0,2003-11-01 10:00:00+11:00
305.385417,-0.014,1067642100.0,2003-11-01 10:15:00+11:00
305.395833,0.036,1067643000.0,2003-11-01 10:30:00+11:00
305.40625,0.056,1067643900.0,2003-11-01 10:45:00+11:00
305.416667,0.136,1067644800.0,2003-11-01 11:00:00+11:00
305.427083,0.156,1067645700.0,2003-11-01 11:15:00+11:00
305.4375,0.216,1067646600.0,2003-11-01 11:30:00+11:00
305.447917,0.226,1067647500.0,2003-11-01 11:45:00+11:00
305.458333,0.306,1067648400.0,2003-11-01 12:00:00+11:00
305.46875,0.386,1067649300.0,2003-11-01 12:15:00+11:00
305.479167,0.396,1067650200.0,2003-11-01 12:30:00+11:00
305.489583,0.446,1067651100.0,2003-11-01 12:45:00+11:00
305.5,0.506,1067652000.0,2003-11-01 13:00:00+11:00
305.510417,0.516,1067652900.0,2003-11-01 13:15:00+11:00
305.520833,0.556,1067653800.0,2003-11-01 13:30:00+11:00
305.53125,0.606,1067654700.0,2003-11-01 13:45:00+11:00
305.541667,0.606,1067655600.0,2003-11-01 14:00:00+11:00
305.552083,0.616,1067656500.0,2003-11-01 14:15:00+11:00
305.5625,0.666,1067657400.0,2003-11-01 14:30:00+11:00
305.572917,0.656,1067658300.0,2003-11-01 14:45:00+11:00
305.583333,0.656,1067659200.0,2003-11-01 15:00:00+11:00
305.59375,0.666,1067660100.0,2003-11-01 15:15:00+11:00
305.604167,0.616,1067661000.0,2003-11-01 15:30:00+11:00
305.614583,0.636,1067661900.0,2003-11-01 15:45:00+11:00
305.625,0.596,1067662800.0,2003-11-01 16:00:00+11:00
305.635417,0.546,1067663700.0,2003-11-01 16:15:00+11:00
305.645833,0.516,1067664600.0,2003-11-01 16:30:00+11:00
305.65625,0.476,1067665500.0,2003-11-01 16:45:00+11:00
305.666667,0.476,1067666400.0,2003-11-01 17:00:00+11:00
305.677083,0.376,1067667300.0,2003-11-01 17:15:00+11:00
305.6875,0.316,1067668200.0,2003-11-01 17:30:00+11:00
305.697917,0.286,1067669100.0,2003-11-01 17:45:00+11:00
305.708333,0.206,1067670000.0,2003-11-01 18:00:00+11:00
305.71875,0.156,1067670900.0,2003-11-01 18:15:00+11:00
305.729167,0.096,1067671800.0,2003-11-01 18:30:00+11:00
305.739583,0.016,1067672700.0,2003-11-01 18:45:00+11:00
305.75,-0.054,1067673600.0,2003-11-01 19:00:00+11:00
305.760417,-0.084,1067674500.0,2003-11-01 19:15:00+11:00
305.770833,-0.164,1067675400.0,2003-11-01 19:30:00+11:00
305.78125,-0.254,1067676300.0,2003-11-01 19:45:00+11:00
305.791667,-0.264,1067677200.0,2003-11-01 20:00:00+11:00
305.802083,-0.334,1067678100.0,2003-11-01 20:15:00+11:00
305.8125,-0.414,1067679000.0,2003-11-01 20:30:00+11:00
305.822917,-0.414,1067679900.0,2003-11-01 20:45:00+11:00
305.833333,-0.464,1067680800.0,2003-11-01 21:00:00+11:00
305.84375,-0.484,1067681700.0,2003-11-01 21:15:00+11:00
305.854167,-0.514,1067682600.0,2003-11-01 21:30:00+11:00
305.864583,-0.524,1067683500.0,2003-11-01 21:45:00+11:00
305.875,-0.524,1067684400.0,2003-11-01 22:00:00+11:00
305.885417,-0.584,1067685300.0,2003-11-01 22:15:00+11:00
305.895833,-0.524,1067686200.0,2003-11-01 22:30:00+11:00
305.90625,-0.534,1067687100.0,2003-11-01 22:45:00+11:00
305.916667,-0.544,1067688000.0,2003-11-01 23:00:00+11:00
305.927083,-0.494,1067688900.0,2003-11-01 23:15:00+11:00
305.9375,-0.474,1067689800.0,2003-11-01 23:30:00+11:00
305.947917,-0.424,1067690700.0,2003-11-01 23:45:00+11:00
305.958333,-0.424,1067691600.0,2003-11-02 00:00:00+11:00
305.96875,-0.374,1067692500.0,2003-11-02 00:15:00+11:00
305.979167,-0.324,1067693400.0,2003-11-02 00:30:00+11:00
305.989583,-0.264,1067694300.0,2003-11-02 00:45:00+11:00
306.0,-0.224,1067695200.0,2003-11-02 01:00:00+11:00
306.010417,-0.194,1067696100.0,2003-11-02 01:15:00+11:00
306.020833,-0.134,1067697000.0,2003-11-02 01:30:00+11:00
306.03125,-0.084,1067697900.0,2003-11-02 01:45:00+11:00
306.041667,-0.044,1067698800.0,2003-11-02 02:00:00+11:00
306.052083,0.016,1067699700.0,2003-11-02 02:15:00+11:00
306.0625,0.036,1067700600.0,2003-11-02 02:30:00+11:00
306.072917,0.086,1067701500.0,2003-11-02 02:45:00+11:00
306.083333,0.106,1067702400.0,2003-11-02 03:00:00+11:00
306.09375,0.156,1067703300.0,2003-11-02 03:15:00+11:00
306.104167,0.156,1067704200.0,2003-11-02 03:30:00+11:00
306.114583,0.166,1067705100.0,2003-11-02 03:45:00+11:00
306.125,0.216,1067706000.0,2003-11-02 04:00:00+11:00
306.135417,0.196,1067706900.0,2003-11-02 04:15:00+11:00
306.145833,0.206,1067707800.0,2003-11-02 04:30:00+11:00
306.15625,0.216,1067708700.0,2003-11-02 04:45:00+11:00
306.166667,0.196,1067709600.0,2003-11-02 05:00:00+11:00
306.177083,0.196,1067710500.0,2003-11-02 05:15:00+11:00
306.1875,0.186,1067711400.0,2003-11-02 05:30:00+11:00
306.197917,0.156,1067712300.0,2003-11-02 05:45:00+11:00
306.208333,0.126,1067713200.0,2003-11-02 06:00:00+11:00
306.21875,0.116,1067714100.0,2003-11-02 06:15:00+11:00
306.229167,0.076,1067715000.0,2003-11-02 06:30:00+11:00
306.239583,0.046,1067715900.0,2003-11-02 06:45:00+11:00
306.25,0.006,1067716800.0,2003-11-02 07:00:00+11:00
306.260417,-0.044,1067717700.0,2003-11-02 07:15:00+11:00
306.270833,-0.044,1067718600.0,2003-11-02 07:30:00+11:00
306.28125,-0.084,1067719500.0,2003-11-02 07:45:00+11:00
306.291667,-0.134,1067720400.0,2003-11-02 08:00:00+11:00
306.302083,-0.144,1067721300.0,2003-11-02 08:15:00+11:00
306.3125,-0.164,1067722200.0,2003-11-02 08:30:00+11:00
306.322917,-0.174,1067723100.0,2003-11-02 08:45:00+11:00
306.333333,-0.204,1067724000.0,2003-11-02 09:00:00+11:00
306.34375,-0.214,1067724900.0,2003-11-02 09:15:00+11:00
306.354167,-0.224,1067725800.0,2003-11-02 09:30:00+11:00
306.364583,-0.244,1067726700.0,2003-11-02 09:45:00+11:00
306.375,-0.224,1067727600.0,2003-11-02 10:00:00+11:00
306.385417,-0.224,1067728500.0,2003-11-02 10:15:00+11:00
306.395833,-0.224,1067729400.0,2003-11-02 10:30:00+11:00
306.40625,-0.204,1067730300.0,2003-11-02 10:45:00+11:00
306.416667,-0.164,1067731200.0,2003-11-02 11:00:00+11:00
306.427083,-0.154,1067732100.0,2003-11-02 11:15:00+11:00
306.4375,-0.124,1067733000.0,2003-11-02 11:30:00+11:00
306.447917,-0.084,1067733900.0,2003-11-02 11:45:00+11:00
306.458333,-0.084,1067734800.0,2003-11-02 12:00:00+11:00
306.46875,0.006,1067735700.0,2003-11-02 12:15:00+11:00
306.479167,0.016,1067736600.0,2003-11-02 12:30:00+11:00
306.489583,0.026,1067737500.0,2003-11-02 12:45:00+11:00
306.5,0.126,1067738400.0,2003-11-02 13:00:00+11:00
306.510417,0.156,1067739300.0,2003-11-02 13:15:00+11:00
306.520833,0.186,1067740200.0,2003-11-02 13:30:00+11:00
306.53125,0.206,1067741100.0,2003-11-02 13:45:00+11:00
306.541667,0.256,1067742000.0,2003-11-02 14:00:00+11:00
306.552083,0.296,1067742900.0,2003-11-02 14:15:00+11:00
306.5625,0.326,1067743800.0,2003-11-02 14:30:00+11:00
306.572917,0.356,1067744700.0,2003-11-02 14:45:00+11:00
306.583333,0.386,1067745600.0,2003-11-02 15:00:00+11:00
306.59375,0.386,1067746500.0,2003-11-02 15:15:00+11:00
306.604167,0.416,1067747400.0,2003-11-02 15:30:00+11:00
306.614583,0.446,1067748300.0,2003-11-02 15:45:00+11:00
306.625,0.426,1067749200.0,2003-11-02 16:00:00+11:00
306.635417,0.446,1067750100.0,2003-11-02 16:15:00+11:00
306.645833,0.436,1067751000.0,2003-11-02 16:30:00+11:00
306.65625,0.406,1067751900.0,2003-11-02 16:45:00+11:00
306.666667,0.406,1067752800.0,2003-11-02 17:00:00+11:00
306.677083,0.376,1067753700.0,2003-11-02 17:15:00+11:00
306.6875,0.316,1067754600.0,2003-11-02 17:30:00+11:00
306.697917,0.296,1067755500.0,2003-11-02 17:45:00+11:00
306.708333,0.246,1067756400.0,2003-11-02 18:00:00+11:00
306.71875,0.206,1067757300.0,2003-11-02 18:15:00+11:00
306.729167,0.166,1067758200.0,2003-11-02 18:30:00+11:00
306.739583,0.086,1067759100.0,2003-11-02 18:45:00+11:00
306.75,0.036,1067760000.0,2003-11-02 19:00:00+11:00
306.760417,-0.014,1067760900.0,2003-11-02 19:15:00+11:00
306.770833,-0.094,1067761800.0,2003-11-02 19:30:00+11:00
306.78125,-0.134,1067762700.0,2003-11-02 19:45:00+11:00
306.791667,-0.214,1067763600.0,2003-11-02 20:00:00+11:00
306.802083,-0.284,1067764500.0,2003-11-02 20:15:00+11:00
306.8125,-0.344,1067765400.0,2003-11-02 20:30:00+11:00
306.822917,-0.374,1067766300.0,2003-11-02 20:45:00+11:00
306.833333,-0.454,1067767200.0,2003-11-02 21:00:00+11:00
306.84375,-0.514,1067768100.0,2003-11-02 21:15:00+11:00
306.854167,-0.554,1067769000.0,2003-11-02 21:30:00+11:00
306.864583,-0.584,1067769900.0,2003-11-02 21:45:00+11:00
306.875,-0.594,1067770800.0,2003-11-02 22:00:00+11:00
306.885417,-0.674,1067771700.0,2003-11-02 22:15:00+11:00
306.895833,-0.694,1067772600.0,2003-11-02 22:30:00+11:00
306.90625,-0.664,1067773500.0,2003-11-02 22:45:00+11:00
306.916667,-0.684,1067774400.0,2003-11-02 23:00:00+11:00
306.927083,-0.694,1067775300.0,2003-11-02 23:15:00+11:00
306.9375,-0.694,1067776200.0,2003-11-02 23:30:00+11:00
306.947917,-0.694,1067777100.0,2003-11-02 23:45:00+11:00
306.958333,-0.634,1067778000.0,2003-11-03 00:00:00+11:00
306.96875,-0.634,1067778900.0,2003-11-03 00:15:00+11:00
306.979167,-0.634,1067779800.0,2003-11-03 00:30:00+11:00
306.989583,-0.564,1067780700.0,2003-11-03 00:45:00+11:00
307.0,-0.534,1067781600.0,2003-11-03 01:00:00+11:00
307.010417,-0.504,1067782500.0,2003-11-03 01:15:00+11:00
307.020833,-0.434,1067783400.0,2003-11-03 01:30:00+11:00
307.03125,-0.414,1067784300.0,2003-11-03 01:45:00+11:00
307.041667,-0.354,1067785200.0,2003-11-03 02:00:00+11:00
307.052083,-0.294,1067786100.0,2003-11-03 02:15:00+11:00
307.0625,-0.254,1067787000.0,2003-11-03 02:30:00+11:00
307.072917,-0.214,1067787900.0,2003-11-03 02:45:00+11:00
307.083333,-0.164,1067788800.0,2003-11-03 03:00:00+11:00
307.09375,-0.114,1067789700.0,2003-11-03 03:15:00+11:00
307.104167,-0.084,1067790600.0,2003-11-03 03:30:00+11:00
307.114583,-0.034,1067791500.0,2003-11-03 03:45:00+11:00
307.125,-0.004,1067792400.0,2003-11-03 04:00:00+11:00
307.135417,0.016,1067793300.0,2003-11-03 04:15:00+11:00
307.145833,0.046,1067794200.0,2003-11-03 04:30:00+11:00
307.15625,0.066,1067795100.0,2003-11-03 04:45:00+11:00
307.166667,0.096,1067796000.0,2003-11-03 05:00:00+11:00
307.177083,0.076,1067796900.0,2003-11-03 05:15:00+11:00
307.1875,0.106,1067797800.0,2003-11-03 05:30:00+11:00
307.197917,0.116,1067798700.0,2003-11-03 05:45:00+11:00
307.208333,0.076,1067799600.0,2003-11-03 06:00:00+11:00
307.21875,0.096,1067800500.0,2003-11-03 06:15:00+11:00
307.229167,0.056,1067801400.0,2003-11-03 06:30:00+11:00
307.239583,0.026,1067802300.0,2003-11-03 06:45:00+11:00
307.25,0.026,1067803200.0,2003-11-03 07:00:00+11:00
307.260417,-0.024,1067804100.0,2003-11-03 07:15:00+11:00
307.270833,-0.074,1067805000.0,2003-11-03 07:30:00+11:00
307.28125,-0.074,1067805900.0,2003-11-03 07:45:00+11:00
307.291667,-0.114,1067806800.0,2003-11-03 08:00:00+11:00
307.302083,-0.174,1067807700.0,2003-11-03 08:15:00+11:00
307.3125,-0.174,1067808600.0,2003-11-03 08:30:00+11:00
307.322917,-0.204,1067809500.0,2003-11-03 08:45:00+11:00
307.333333,-0.254,1067810400.0,2003-11-03 09:00:00+11:00
307.34375,-0.274,1067811300.0,2003-11-03 09:15:00+11:00
307.354167,-0.314,1067812200.0,2003-11-03 09:30:00+11:00
307.364583,-0.314,1067813100.0,2003-11-03 09:45:00+11:00
307.375,-0.354,1067814000.0,2003-11-03 10:00:00+11:00
307.385417,-0.354,1067814900.0,2003-11-03 10:15:00+11:00
307.395833,-0.384,1067815800.0,2003-11-03 10:30:00+11:00
307.40625,-0.394,1067816700.0,2003-11-03 10:45:00+11:00
307.416667,-0.374,1067817600.0,2003-11-03 11:00:00+11:00
307.427083,-0.364,1067818500.0,2003-11-03 11:15:00+11:00
307.4375,-0.374,1067819400.0,2003-11-03 11:30:00+11:00
307.447917,-0.364,1067820300.0,2003-11-03 11:45:00+11:00
307.458333,-0.324,1067821200.0,2003-11-03 12:00:00+11:00
307.46875,-0.314,1067822100.0,2003-11-03 12:15:00+11:00
307.479167,-0.274,1067823000.0,2003-11-03 12:30:00+11:00
307.489583,-0.234,1067823900.0,2003-11-03 12:45:00+11:00
307.5,-0.224,1067824800.0,2003-11-03 13:00:00+11:00
307.510417,-0.184,1067825700.0,2003-11-03 13:15:00+11:00
307.520833,-0.094,1067826600.0,2003-11-03 13:30:00+11:00
307.53125,-0.094,1067827500.0,2003-11-03 13:45:00+11:00
307.541667,-0.044,1067828400.0,2003-11-03 14:00:00+11:00
307.552083,-0.004,1067829300.0,2003-11-03 14:15:00+11:00
307.5625,0.036,1067830200.0,2003-11-03 14:30:00+11:00
307.572917,0.096,1067831100.0,2003-11-03 14:45:00+11:00
307.583333,0.126,1067832000.0,2003-11-03 15:00:00+11:00
307.59375,0.166,1067832900.0,2003-11-03 15:15:00+11:00
307.604167,0.196,1067833800.0,2003-11-03 15:30:00+11:00
307.614583,0.246,1067834700.0,2003-11-03 15:45:00+11:00
307.625,0.286,1067835600.0,2003-11-03 16:00:00+11:00
307.635417,0.306,1067836500.0,2003-11-03 16:15:00+11:00
307.645833,0.306,1067837400.0,2003-11-03 16:30:00+11:00
307.65625,0.326,1067838300.0,2003-11-03 16:45:00+11:00
307.666667,0.346,1067839200.0,2003-11-03 17:00:00+11:00
307.677083,0.336,1067840100.0,2003-11-03 17:15:00+11:00
307.6875,0.326,1067841000.0,2003-11-03 17:30:00+11:00
307.697917,0.306,1067841900.0,2003-11-03 17:45:00+11:00
307.708333,0.296,1067842800.0,2003-11-03 18:00:00+11:00
307.71875,0.286,1067843700.0,2003-11-03 18:15:00+11:00
307.729167,0.236,1067844600.0,2003-11-03 18:30:00+11:00
307.739583,0.196,1067845500.0,2003-11-03 18:45:00+11:00
307.75,0.166,1067846400.0,2003-11-03 19:00:00+11:00
307.760417,0.106,1067847300.0,2003-11-03 19:15:00+11:00
307.770833,0.066,1067848200.0,2003-11-03 19:30:00+11:00
307.78125,0.016,1067849100.0,2003-11-03 19:45:00+11:00
307.791667,-0.064,1067850000.0,2003-11-03 20:00:00+11:00
307.802083,-0.124,1067850900.0,2003-11-03 20:15:00+11:00
307.8125,-0.164,1067851800.0,2003-11-03 20:30:00+11:00
307.822917,-0.244,1067852700.0,2003-11-03 20:45:00+11:00
307.833333,-0.314,1067853600.0,2003-11-03 21:00:00+11:00
307.84375,-0.374,1067854500.0,2003-11-03 21:15:00+11:00
307.854167,-0.444,1067855400.0,2003-11-03 21:30:00+11:00
307.864583,-0.504,1067856300.0,2003-11-03 21:45:00+11:00
307.875,-0.524,1067857200.0,2003-11-03 22:00:00+11:00
307.885417,-0.594,1067858100.0,2003-11-03 22:15:00+11:00
307.895833,-0.654,1067859000.0,2003-11-03 22:30:00+11:00
307.90625,-0.664,1067859900.0,2003-11-03 22:45:00+11:00
307.916667,-0.694,1067860800.0,2003-11-03 23:00:00+11:00
307.927083,-0.714,1067861700.0,2003-11-03 23:15:00+11:00
307.9375,-0.734,1067862600.0,2003-11-03 23:30:00+11:00
307.947917,-0.744,1067863500.0,2003-11-03 23:45:00+11:00
307.958333,-0.754,1067864400.0,2003-11-04 00:00:00+11:00
307.96875,-0.744,1067865300.0,2003-11-04 00:15:00+11:00
307.979167,-0.714,1067866200.0,2003-11-04 00:30:00+11:00
307.989583,-0.714,1067867100.0,2003-11-04 00:45:00+11:00
308.0,-0.694,1067868000.0,2003-11-04 01:00:00+11:00
308.010417,-0.654,1067868900.0,2003-11-04 01:15:00+11:00
308.020833,-0.624,1067869800.0,2003-11-04 01:30:00+11:00
308.03125,-0.574,1067870700.0,2003-11-04 01:45:00+11:00
308.041667,-0.524,1067871600.0,2003-11-04 02:00:00+11:00
308.052083,-0.494,1067872500.0,2003-11-04 02:15:00+11:00
308.0625,-0.444,1067873400.0,2003-11-04 02:30:00+11:00
308.072917,-0.374,1067874300.0,2003-11-04 02:45:00+11:00
308.083333,-0.324,1067875200.0,2003-11-04 03:00:00+11:00
308.09375,-0.284,1067876100.0,2003-11-04 03:15:00+11:00
308.104167,-0.214,1067877000.0,2003-11-04 03:30:00+11:00
308.114583,-0.174,1067877900.0,2003-11-04 03:45:00+11:00
308.125,-0.134,1067878800.0,2003-11-04 04:00:00+11:00
308.135417,-0.054,1067879700.0,2003-11-04 04:15:00+11:00
308.145833,-0.034,1067880600.0,2003-11-04 04:30:00+11:00
308.15625,-0.004,1067881500.0,2003-11-04 04:45:00+11:00
308.166667,0.066,1067882400.0,2003-11-04 05:00:00+11:00
308.177083,0.066,1067883300.0,2003-11-04 05:15:00+11:00
308.1875,0.106,1067884200.0,2003-11-04 05:30:00+11:00
308.197917,0.136,1067885100.0,2003-11-04 05:45:00+11:00
308.208333,0.126,1067886000.0,2003-11-04 06:00:00+11:00
308.21875,0.136,1067886900.0,2003-11-04 06:15:00+11:00
308.229167,0.136,1067887800.0,2003-11-04 06:30:00+11:00
308.239583,0.136,1067888700.0,2003-11-04 06:45:00+11:00
308.25,0.106,1067889600.0,2003-11-04 07:00:00+11:00
308.260417,0.096,1067890500.0,2003-11-04 07:15:00+11:00
308.270833,0.086,1067891400.0,2003-11-04 07:30:00+11:00
308.28125,0.016,1067892300.0,2003-11-04 07:45:00+11:00
308.291667,-0.014,1067893200.0,2003-11-04 08:00:00+11:00
308.302083,-0.024,1067894100.0,2003-11-04 08:15:00+11:00
308.3125,-0.084,1067895000.0,2003-11-04 08:30:00+11:00
308.322917,-0.124,1067895900.0,2003-11-04 08:45:00+11:00
308.333333,-0.144,1067896800.0,2003-11-04 09:00:00+11:00
308.34375,-0.174,1067897700.0,2003-11-04 09:15:00+11:00
308.354167,-0.264,1067898600.0,2003-11-04 09:30:00+11:00
308.364583,-0.274,1067899500.0,2003-11-04 09:45:00+11:00
308.375,-0.314,1067900400.0,2003-11-04 10:00:00+11:00
308.385417,-0.354,1067901300.0,2003-11-04 10:15:00+11:00
308.395833,-0.394,1067902200.0,2003-11-04 10:30:00+11:00
308.40625,-0.414,1067903100.0,2003-11-04 10:45:00+11:00
308.416667,-0.444,1067904000.0,2003-11-04 11:00:00+11:00
308.427083,-0.464,1067904900.0,2003-11-04 11:15:00+11:00
308.4375,-0.474,1067905800.0,2003-11-04 11:30:00+11:00
308.447917,-0.474,1067906700.0,2003-11-04 11:45:00+11:00
308.458333,-0.474,1067907600.0,2003-11-04 12:00:00+11:00
308.46875,-0.494,1067908500.0,2003-11-04 12:15:00+11:00
308.479167,-0.464,1067909400.0,2003-11-04 12:30:00+11:00
308.489583,-0.464,1067910300.0,2003-11-04 12:45:00+11:00
308.5,-0.444,1067911200.0,2003-11-04 13:00:00+11:00
308.510417,-0.404,1067912100.0,2003-11-04 13:15:00+11:00
308.520833,-0.394,1067913000.0,2003-11-04 13:30:00+11:00
308.53125,-0.364,1067913900.0,2003-11-04 13:45:00+11:00
308.541667,-0.324,1067914800.0,2003-11-04 14:00:00+11:00
308.552083,-0.274,1067915700.0,2003-11-04 14:15:00+11:00
308.5625,-0.244,1067916600.0,2003-11-04 14:30:00+11:00
308.572917,-0.194,1067917500.0,2003-11-04 14:45:00+11:00
308.583333,-0.164,1067918400.0,2003-11-04 15:00:00+11:00
308.59375,-0.114,1067919300.0,2003-11-04 15:15:00+11:00
308.604167,-0.044,1067920200.0,2003-11-04 15:30:00+11:00
308.614583,-0.034,1067921100.0,2003-11-04 15:45:00+11:00
308.625,0.026,1067922000.0,2003-11-04 16:00:00+11:00
308.635417,0.076,1067922900.0,2003-11-04 16:15:00+11:00
308.645833,0.106,1067923800.0,2003-11-04 16:30:00+11:00
308.65625,0.156,1067924700.0,2003-11-04 16:45:00+11:00
308.666667,0.166,1067925600.0,2003-11-04 17:00:00+11:00
308.677083,0.186,1067926500.0,2003-11-04 17:15:00+11:00
308.6875,0.206,1067927400.0,2003-11-04 17:30:00+11:00
308.697917,0.246,1067928300.0,2003-11-04 17:45:00+11:00
308.708333,0.216,1067929200.0,2003-11-04 18:00:00+11:00
308.71875,0.196,1067930100.0,2003-11-04 18:15:00+11:00
308.729167,0.216,1067931000.0,2003-11-04 18:30:00+11:00
308.739583,0.196,1067931900.0,2003-11-04 18:45:00+11:00
308.75,0.196,1067932800.0,2003-11-04 19:00:00+11:00
308.760417,0.156,1067933700.0,2003-11-04 19:15:00+11:00
308.770833,0.096,1067934600.0,2003-11-04 19:30:00+11:00
308.78125,0.066,1067935500.0,2003-11-04 19:45:00+11:00
308.791667,0.026,1067936400.0,2003-11-04 20:00:00+11:00
308.802083,-0.004,1067937300.0,2003-11-04 20:15:00+11:00
308.8125,-0.084,1067938200.0,2003-11-04 20:30:00+11:00
308.822917,-0.144,1067939100.0,2003-11-04 20:45:00+11:00
308.833333,-0.194,1067940000.0,2003-11-04 21:00:00+11:00
308.84375,-0.274,1067940900.0,2003-11-04 21:15:00+11:00
308.854167,-0.314,1067941800.0,2003-11-04 21:30:00+11:00
308.864583,-0.384,1067942700.0,2003-11-04 21:45:00+11:00
308.875,-0.454,1067943600.0,2003-11-04 22:00:00+11:00
308.885417,-0.504,1067944500.0,2003-11-04 22:15:00+11:00
308.895833,-0.554,1067945400.0,2003-11-04 22:30:00+11:00
308.90625,-0.614,1067946300.0,2003-11-04 22:45:00+11:00
308.916667,-0.654,1067947200.0,2003-11-04 23:00:00+11:00
308.927083,-0.694,1067948100.0,2003-11-04 23:15:00+11:00
308.9375,-0.744,1067949000.0,2003-11-04 23:30:00+11:00
308.947917,-0.754,1067949900.0,2003-11-04 23:45:00+11:00
308.958333,-0.774,1067950800.0,2003-11-05 00:00:00+11:00
308.96875,-0.814,1067951700.0,2003-11-05 00:15:00+11:00
308.979167,-0.804,1067952600.0,2003-11-05 00:30:00+11:00
308.989583,-0.834,1067953500.0,2003-11-05 00:45:00+11:00
309.0,-0.804,1067954400.0,2003-11-05 01:00:00+11:00
309.010417,-0.764,1067955300.0,2003-11-05 01:15:00+11:00
309.020833,-0.774,1067956200.0,2003-11-05 01:30:00+11:00
309.03125,-0.774,1067957100.0,2003-11-05 01:45:00+11:00
309.041667,-0.714,1067958000.0,2003-11-05 02:00:00+11:00
309.052083,-0.654,1067958900.0,2003-11-05 02:15:00+11:00
309.0625,-0.634,1067959800.0,2003-11-05 02:30:00+11:00
309.072917,-0.574,1067960700.0,2003-11-05 02:45:00+11:00
309.083333,-0.514,1067961600.0,2003-11-05 03:00:00+11:00
309.09375,-0.474,1067962500.0,2003-11-05 03:15:00+11:00
309.104167,-0.384,1067963400.0,2003-11-05 03:30:00+11:00
309.114583,-0.344,1067964300.0,2003-11-05 03:45:00+11:00
309.125,-0.294,1067965200.0,2003-11-05 04:00:00+11:00
309.135417,-0.264,1067966100.0,2003-11-05 04:15:00+11:00
309.145833,-0.164,1067967000.0,2003-11-05 04:30:00+11:00
309.15625,-0.104,1067967900.0,2003-11-05 04:45:00+11:00
309.166667,-0.094,1067968800.0,2003-11-05 05:00:00+11:00
309.177083,0.006,1067969700.0,2003-11-05 05:15:00+11:00
309.1875,0.006,1067970600.0,2003-11-05 05:30:00+11:00
309.197917,0.026,1067971500.0,2003-11-05 05:45:00+11:00
309.208333,0.096,1067972400.0,2003-11-05 06:00:00+11:00
309.21875,0.136,1067973300.0,2003-11-05 06:15:00+11:00
309.229167,0.126,1067974200.0,2003-11-05 06:30:00+11:00
309.239583,0.126,1067975100.0,2003-11-05 06:45:00+11:00
309.25,0.116,1067976000.0,2003-11-05 07:00:00+11:00
309.260417,0.136,1067976900.0,2003-11-05 07:15:00+11:00
309.270833,0.126,1067977800.0,2003-11-05 07:30:00+11:00
309.28125,0.126,1067978700.0,2003-11-05 07:45:00+11:00
309.291667,0.066,1067979600.0,2003-11-05 08:00:00+11:00
309.302083,0.046,1067980500.0,2003-11-05 08:15:00+11:00
309.3125,0.036,1067981400.0,2003-11-05 08:30:00+11:00
309.322917,-0.034,1067982300.0,2003-11-05 08:45:00+11:00
309.333333,-0.064,1067983200.0,2003-11-05 09:00:00+11:00
309.34375,-0.094,1067984100.0,2003-11-05 09:15:00+11:00
309.354167,-0.154,1067985000.0,2003-11-05 09:30:00+11:00
309.364583,-0.204,1067985900.0,2003-11-05 09:45:00+11:00
309.375,-0.244,1067986800.0,2003-11-05 10:00:00+11:00
309.385417,-0.304,1067987700.0,2003-11-05 10:15:00+11:00
309.395833,-0.364,1067988600.0,2003-11-05 10:30:00+11:00
309.40625,-0.384,1067989500.0,2003-11-05 10:45:00+11:00
309.416667,-0.444,1067990400.0,2003-11-05 11:00:00+11:00
309.427083,-0.484,1067991300.0,2003-11-05 11:15:00+11:00
309.4375,-0.514,1067992200.0,2003-11-05 11:30:00+11:00
309.447917,-0.534,1067993100.0,2003-11-05 11:45:00+11:00
309.458333,-0.564,1067994000.0,2003-11-05 12:00:00+11:00
309.46875,-0.574,1067994900.0,2003-11-05 12:15:00+11:00
309.479167,-0.604,1067995800.0,2003-11-05 12:30:00+11:00
309.489583,-0.604,1067996700.0,2003-11-05 12:45:00+11:00
309.5,-0.584,1067997600.0,2003-11-05 13:00:00+11:00
309.510417,-0.584,1067998500.0,2003-11-05 13:15:00+11:00
309.520833,-0.594,1067999400.0,2003-11-05 13:30:00+11:00
309.53125,-0.574,1068000300.0,2003-11-05 13:45:00+11:00
309.541667,-0.544,1068001200.0,2003-11-05 14:00:00+11:00
309.552083,-0.504,1068002100.0,2003-11-05 14:15:00+11:00
309.5625,-0.484,1068003000.0,2003-11-05 14:30:00+11:00
309.572917,-0.434,1068003900.0,2003-11-05 14:45:00+11:00
309.583333,-0.394,1068004800.0,2003-11-05 15:00:00+11:00
309.59375,-0.384,1068005700.0,2003-11-05 15:15:00+11:00
309.604167,-0.264,1068006600.0,2003-11-05 15:30:00+11:00
309.614583,-0.234,1068007500.0,2003-11-05 15:45:00+11:00
309.625,-0.214,1068008400.0,2003-11-05 16:00:00+11:00
309.635417,-0.134,1068009300.0,2003-11-05 16:15:00+11:00
309.645833,-0.094,1068010200.0,2003-11-05 16:30:00+11:00
309.65625,-0.024,1068011100.0,2003-11-05 16:45:00+11:00
309.666667,-0.004,1068012000.0,2003-11-05 17:00:00+11:00
309.677083,0.066,1068012900.0,2003-11-05 17:15:00+11:00
309.6875,0.066,1068013800.0,2003-11-05 17:30:00+11:00
309.697917,0.146,1068014700.0,2003-11-05 17:45:00+11:00
309.708333,0.156,1068015600.0,2003-11-05 18:00:00+11:00
309.71875,0.166,1068016500.0,2003-11-05 18:15:00+11:00
309.729167,0.196,1068017400.0,2003-11-05 18:30:00+11:00
309.739583,0.196,1068018300.0,2003-11-05 18:45:00+11:00
309.75,0.216,1068019200.0,2003-11-05 19:00:00+11:00
309.760417,0.176,1068020100.0,2003-11-05 19:15:00+11:00
309.770833,0.166,1068021000.0,2003-11-05 19:30:00+11:00
309.78125,0.176,1068021900.0,2003-11-05 19:45:00+11:00
309.791667,0.136,1068022800.0,2003-11-05 20:00:00+11:00
309.802083,0.116,1068023700.0,2003-11-05 20:15:00+11:00
309.8125,0.066,1068024600.0,2003-11-05 20:30:00+11:00
309.822917,-0.004,1068025500.0,2003-11-05 20:45:00+11:00
309.833333,-0.034,1068026400.0,2003-11-05 21:00:00+11:00
309.84375,-0.084,1068027300.0,2003-11-05 21:15:00+11:00
309.854167,-0.154,1068028200.0,2003-11-05 21:30:00+11:00
309.864583,-0.224,1068029100.0,2003-11-05 21:45:00+11:00
309.875,-0.284,1068030000.0,2003-11-05 22:00:00+11:00
309.885417,-0.334,1068030900.0,2003-11-05 22:15:00+11:00
309.895833,-0.374,1068031800.0,2003-11-05 22:30:00+11:00
309.90625,-0.454,1068032700.0,2003-11-05 22:45:00+11:00
309.916667,-0.524,1068033600.0,2003-11-05 23:00:00+11:00
309.927083,-0.544,1068034500.0,2003-11-05 23:15:00+11:00
309.9375,-0.594,1068035400.0,2003-11-05 23:30:00+11:00
309.947917,-0.644,1068036300.0,2003-11-05 23:45:00+11:00
309.958333,-0.684,1068037200.0,2003-11-06 00:00:00+11:00
309.96875,-0.724,1068038100.0,2003-11-06 00:15:00+11:00
309.979167,-0.724,1068039000.0,2003-11-06 00:30:00+11:00
309.989583,-0.754,1068039900.0,2003-11-06 00:45:00+11:00
310.0,-0.774,1068040800.0,2003-11-06 01:00:00+11:00
310.010417,-0.764,1068041700.0,2003-11-06 01:15:00+11:00
310.020833,-0.764,1068042600.0,2003-11-06 01:30:00+11:00
310.03125,-0.744,1068043500.0,2003-11-06 01:45:00+11:00
310.041667,-0.714,1068044400.0,2003-11-06 02:00:00+11:00
310.052083,-0.704,1068045300.0,2003-11-06 02:15:00+11:00
310.0625,-0.654,1068046200.0,2003-11-06 02:30:00+11:00
310.072917,-0.614,1068047100.0,2003-11-06 02:45:00+11:00
310.083333,-0.574,1068048000.0,2003-11-06 03:00:00+11:00
310.09375,-0.524,1068048900.0,2003-11-06 03:15:00+11:00
310.104167,-0.464,1068049800.0,2003-11-06 03:30:00+11:00
310.114583,-0.384,1068050700.0,2003-11-06 03:45:00+11:00
310.125,-0.344,1068051600.0,2003-11-06 04:00:00+11:00
310.135417,-0.284,1068052500.0,2003-11-06 04:15:00+11:00
310.145833,-0.194,1068053400.0,2003-11-06 04:30:00+11:00
310.15625,-0.144,1068054300.0,2003-11-06 04:45:00+11:00
310.166667,-0.074,1068055200.0,2003-11-06 05:00:00+11:00
310.177083,-0.014,1068056100.0,2003-11-06 05:15:00+11:00
310.1875,0.026,1068057000.0,2003-11-06 05:30:00+11:00
310.197917,0.086,1068057900.0,2003-11-06 05:45:00+11:00
310.208333,0.166,1068058800.0,2003-11-06 06:00:00+11:00
310.21875,0.166,1068059700.0,2003-11-06 06:15:00+11:00
310.229167,0.196,1068060600.0,2003-11-06 06:30:00+11:00
310.239583,0.256,1068061500.0,2003-11-06 06:45:00+11:00
310.25,0.266,1068062400.0,2003-11-06 07:00:00+11:00
310.260417,0.286,1068063300.0,2003-11-06 07:15:00+11:00
310.270833,0.286,1068064200.0,2003-11-06 07:30:00+11:00
310.28125,0.276,1068065100.0,2003-11-06 07:45:00+11:00
310.291667,0.246,1068066000.0,2003-11-06 08:00:00+11:00
310.302083,0.286,1068066900.0,2003-11-06 08:15:00+11:00
310.3125,0.226,1068067800.0,2003-11-06 08:30:00+11:00
310.322917,0.196,1068068700.0,2003-11-06 08:45:00+11:00
310.333333,0.156,1068069600.0,2003-11-06 09:00:00+11:00
310.34375,0.136,1068070500.0,2003-11-06 09:15:00+11:00
310.354167,0.086,1068071400.0,2003-11-06 09:30:00+11:00
310.364583,-0.004,1068072300.0,2003-11-06 09:45:00+11:00
310.375,-0.004,1068073200.0,2003-11-06 10:00:00+11:00
310.385417,-0.084,1068074100.0,2003-11-06 10:15:00+11:00
310.395833,-0.144,1068075000.0,2003-11-06 10:30:00+11:00
310.40625,-0.184,1068075900.0,2003-11-06 10:45:00+11:00
310.416667,-0.294,1068076800.0,2003-11-06 11:00:00+11:00
310.427083,-0.294,1068077700.0,2003-11-06 11:15:00+11:00
310.4375,-0.344,1068078600.0,2003-11-06 11:30:00+11:00
310.447917,-0.414,1068079500.0,2003-11-06 11:45:00+11:00
310.458333,-0.464,1068080400.0,2003-11-06 12:00:00+11:00
310.46875,-0.494,1068081300.0,2003-11-06 12:15:00+11:00
310.479167,-0.504,1068082200.0,2003-11-06 12:30:00+11:00
310.489583,-0.524,1068083100.0,2003-11-06 12:45:00+11:00
310.5,-0.554,1068084000.0,2003-11-06 13:00:00+11:00
310.510417,-0.614,1068084900.0,2003-11-06 13:15:00+11:00
310.520833,-0.574,1068085800.0,2003-11-06 13:30:00+11:00
310.53125,-0.584,1068086700.0,2003-11-06 13:45:00+11:00
310.541667,-0.564,1068087600.0,2003-11-06 14:00:00+11:00
310.552083,-0.574,1068088500.0,2003-11-06 14:15:00+11:00
310.5625,-0.584,1068089400.0,2003-11-06 14:30:00+11:00
310.572917,-0.544,1068090300.0,2003-11-06 14:45:00+11:00
310.583333,-0.464,1068091200.0,2003-11-06 15:00:00+11:00
310.59375,-0.454,1068092100.0,2003-11-06 15:15:00+11:00
310.604167,-0.434,1068093000.0,2003-11-06 15:30:00+11:00
310.614583,-0.384,1068093900.0,2003-11-06 15:45:00+11:00
310.625,-0.324,1068094800.0,2003-11-06 16:00:00+11:00
310.635417,-0.234,1068095700.0,2003-11-06 16:15:00+11:00
310.645833,-0.204,1068096600.0,2003-11-06 16:30:00+11:00
310.65625,-0.164,1068097500.0,2003-11-06 16:45:00+11:00
310.666667,-0.094,1068098400.0,2003-11-06 17:00:00+11:00
310.677083,-0.054,1068099300.0,2003-11-06 17:15:00+11:00
310.6875,0.016,1068100200.0,2003-11-06 17:30:00+11:00
310.697917,0.056,1068101100.0,2003-11-06 17:45:00+11:00
310.708333,0.086,1068102000.0,2003-11-06 18:00:00+11:00
310.71875,0.126,1068102900.0,2003-11-06 18:15:00+11:00
310.729167,0.176,1068103800.0,2003-11-06 18:30:00+11:00
310.739583,0.196,1068104700.0,2003-11-06 18:45:00+11:00
310.75,0.216,1068105600.0,2003-11-06 19:00:00+11:00
310.760417,0.216,1068106500.0,2003-11-06 19:15:00+11:00
310.770833,0.216,1068107400.0,2003-11-06 19:30:00+11:00
310.78125,0.246,1068108300.0,2003-11-06 19:45:00+11:00
310.791667,0.226,1068109200.0,2003-11-06 20:00:00+11:00
310.802083,0.216,1068110100.0,2003-11-06 20:15:00+11:00
310.8125,0.176,1068111000.0,2003-11-06 20:30:00+11:00
310.822917,0.136,1068111900.0,2003-11-06 20:45:00+11:00
310.833333,0.126,1068112800.0,2003-11-06 21:00:00+11:00
310.84375,0.076,1068113700.0,2003-11-06 21:15:00+11:00
310.854167,0.026,1068114600.0,2003-11-06 21:30:00+11:00
310.864583,-0.044,1068115500.0,2003-11-06 21:45:00+11:00
310.875,-0.104,1068116400.0,2003-11-06 22:00:00+11:00
310.885417,-0.154,1068117300.0,2003-11-06 22:15:00+11:00
310.895833,-0.214,1068118200.0,2003-11-06 22:30:00+11:00
310.90625,-0.274,1068119100.0,2003-11-06 22:45:00+11:00
310.916667,-0.364,1068120000.0,2003-11-06 23:00:00+11:00
310.927083,-0.404,1068120900.0,2003-11-06 23:15:00+11:00
310.9375,-0.464,1068121800.0,2003-11-06 23:30:00+11:00
310.947917,-0.494,1068122700.0,2003-11-06 23:45:00+11:00
310.958333,-0.564,1068123600.0,2003-11-07 00:00:00+11:00
310.96875,-0.624,1068124500.0,2003-11-07 00:15:00+11:00
310.979167,-0.634,1068125400.0,2003-11-07 00:30:00+11:00
310.989583,-0.654,1068126300.0,2003-11-07 00:45:00+11:00
311.0,-0.724,1068127200.0,2003-11-07 01:00:00+11:00
311.010417,-0.734,1068128100.0,2003-11-07 01:15:00+11:00
311.020833,-0.724,1068129000.0,2003-11-07 01:30:00+11:00
311.03125,-0.754,1068129900.0,2003-11-07 01:45:00+11:00
311.041667,-0.734,1068130800.0,2003-11-07 02:00:00+11:00
311.052083,-0.714,1068131700.0,2003-11-07 02:15:00+11:00
311.0625,-0.714,1068132600.0,2003-11-07 02:30:00+11:00
311.072917,-0.684,1068133500.0,2003-11-07 02:45:00+11:00
311.083333,-0.624,1068134400.0,2003-11-07 03:00:00+11:00
311.09375,-0.594,1068135300.0,2003-11-07 03:15:00+11:00
311.104167,-0.544,1068136200.0,2003-11-07 03:30:00+11:00
311.114583,-0.494,1068137100.0,2003-11-07 03:45:00+11:00
311.125,-0.444,1068138000.0,2003-11-07 04:00:00+11:00
311.135417,-0.374,1068138900.0,2003-11-07 04:15:00+11:00
311.145833,-0.324,1068139800.0,2003-11-07 04:30:00+11:00
311.15625,-0.234,1068140700.0,2003-11-07 04:45:00+11:00
311.166667,-0.174,1068141600.0,2003-11-07 05:00:00+11:00
311.177083,-0.124,1068142500.0,2003-11-07 05:15:00+11:00
311.1875,-0.054,1068143400.0,2003-11-07 05:30:00+11:00
311.197917,0.016,1068144300.0,2003-11-07 05:45:00+11:00
311.208333,0.076,1068145200.0,2003-11-07 06:00:00+11:00
311.21875,0.146,1068146100.0,2003-11-07 06:15:00+11:00
311.229167,0.166,1068147000.0,2003-11-07 06:30:00+11:00
311.239583,0.186,1068147900.0,2003-11-07 06:45:00+11:00
311.25,0.276,1068148800.0,2003-11-07 07:00:00+11:00
311.260417,0.306,1068149700.0,2003-11-07 07:15:00+11:00
311.270833,0.296,1068150600.0,2003-11-07 07:30:00+11:00
311.28125,0.316,1068151500.0,2003-11-07 07:45:00+11:00
311.291667,0.316,1068152400.0,2003-11-07 08:00:00+11:00
311.302083,0.336,1068153300.0,2003-11-07 08:15:00+11:00
311.3125,0.336,1068154200.0,2003-11-07 08:30:00+11:00
311.322917,0.306,1068155100.0,2003-11-07 08:45:00+11:00
311.333333,0.266,1068156000.0,2003-11-07 09:00:00+11:00
311.34375,0.256,1068156900.0,2003-11-07 09:15:00+11:00
311.354167,0.226,1068157800.0,2003-11-07 09:30:00+11:00
311.364583,0.186,1068158700.0,2003-11-07 09:45:00+11:00
311.375,0.116,1068159600.0,2003-11-07 10:00:00+11:00
311.385417,0.046,1068160500.0,2003-11-07 10:15:00+11:00
311.395833,-0.004,1068161400.0,2003-11-07 10:30:00+11:00
311.40625,-0.064,1068162300.0,2003-11-07 10:45:00+11:00
311.416667,-0.114,1068163200.0,2003-11-07 11:00:00+11:00
311.427083,-0.184,1068164100.0,2003-11-07 11:15:00+11:00
311.4375,-0.274,1068165000.0,2003-11-07 11:30:00+11:00
311.447917,-0.304,1068165900.0,2003-11-07 11:45:00+11:00
311.458333,-0.374,1068166800.0,2003-11-07 12:00:00+11:00
311.46875,-0.424,1068167700.0,2003-11-07 12:15:00+11:00
311.479167,-0.494,1068168600.0,2003-11-07 12:30:00+11:00
311.489583,-0.504,1068169500.0,2003-11-07 12:45:00+11:00
311.5,-0.564,1068170400.0,2003-11-07 13:00:00+11:00
311.510417,-0.604,1068171300.0,2003-11-07 13:15:00+11:00
311.520833,-0.644,1068172200.0,2003-11-07 13:30:00+11:00
311.53125,-0.644,1068173100.0,2003-11-07 13:45:00+11:00
311.541667,-0.664,1068174000.0,2003-11-07 14:00:00+11:00
311.552083,-0.684,1068174900.0,2003-11-07 14:15:00+11:00
311.5625,-0.684,1068175800.0,2003-11-07 14:30:00+11:00
311.572917,-0.664,1068176700.0,2003-11-07 14:45:00+11:00
311.583333,-0.654,1068177600.0,2003-11-07 15:00:00+11:00
311.59375,-0.664,1068178500.0,2003-11-07 15:15:00+11:00
311.604167,-0.604,1068179400.0,2003-11-07 15:30:00+11:00
311.614583,-0.564,1068180300.0,2003-11-07 15:45:00+11:00
311.625,-0.534,1068181200.0,2003-11-07 16:00:00+11:00
311.635417,-0.494,1068182100.0,2003-11-07 16:15:00+11:00
311.645833,-0.434,1068183000.0,2003-11-07 16:30:00+11:00
311.65625,-0.374,1068183900.0,2003-11-07 16:45:00+11:00
311.666667,-0.294,1068184800.0,2003-11-07 17:00:00+11:00
311.677083,-0.284,1068185700.0,2003-11-07 17:15:00+11:00
311.6875,-0.214,1068186600.0,2003-11-07 17:30:00+11:00
311.697917,-0.144,1068187500.0,2003-11-07 17:45:00+11:00
311.708333,-0.104,1068188400.0,2003-11-07 18:00:00+11:00
311.71875,-0.064,1068189300.0,2003-11-07 18:15:00+11:00
311.729167,-0.004,1068190200.0,2003-11-07 18:30:00+11:00
311.739583,0.036,1068191100.0,2003-11-07 18:45:00+11:00
311.75,0.056,1068192000.0,2003-11-07 19:00:00+11:00
311.760417,0.126,1068192900.0,2003-11-07 19:15:00+11:00
311.770833,0.096,1068193800.0,2003-11-07 19:30:00+11:00
311.78125,0.146,1068194700.0,2003-11-07 19:45:00+11:00
311.791667,0.166,1068195600.0,2003-11-07 20:00:00+11:00
311.802083,0.136,1068196500.0,2003-11-07 20:15:00+11:00
311.8125,0.166,1068197400.0,2003-11-07 20:30:00+11:00
311.822917,0.136,1068198300.0,2003-11-07 20:45:00+11:00
311.833333,0.116,1068199200.0,2003-11-07 21:00:00+11:00
311.84375,0.086,1068200100.0,2003-11-07 21:15:00+11:00
311.854167,0.076,1068201000.0,2003-11-07 21:30:00+11:00
311.864583,0.036,1068201900.0,2003-11-07 21:45:00+11:00
311.875,-0.034,1068202800.0,2003-11-07 22:00:00+11:00
311.885417,-0.064,1068203700.0,2003-11-07 22:15:00+11:00
311.895833,-0.124,1068204600.0,2003-11-07 22:30:00+11:00
311.90625,-0.184,1068205500.0,2003-11-07 22:45:00+11:00
311.916667,-0.254,1068206400.0,2003-11-07 23:00:00+11:00
311.927083,-0.294,1068207300.0,2003-11-07 23:15:00+11:00
311.9375,-0.354,1068208200.0,2003-11-07 23:30:00+11:00
311.947917,-0.414,1068209100.0,2003-11-07 23:45:00+11:00
311.958333,-0.454,1068210000.0,2003-11-08 00:00:00+11:00
311.96875,-0.524,1068210900.0,2003-11-08 00:15:00+11:00
311.979167,-0.574,1068211800.0,2003-11-08 00:30:00+11:00
311.989583,-0.574,1068212700.0,2003-11-08 00:45:00+11:00
312.0,-0.644,1068213600.0,2003-11-08 01:00:00+11:00
312.010417,-0.694,1068214500.0,2003-11-08 01:15:00+11:00
312.020833,-0.684,1068215400.0,2003-11-08 01:30:00+11:00
312.03125,-0.704,1068216300.0,2003-11-08 01:45:00+11:00
312.041667,-0.724,1068217200.0,2003-11-08 02:00:00+11:00
312.052083,-0.724,1068218100.0,2003-11-08 02:15:00+11:00
312.0625,-0.724,1068219000.0,2003-11-08 02:30:00+11:00
312.072917,-0.704,1068219900.0,2003-11-08 02:45:00+11:00
312.083333,-0.684,1068220800.0,2003-11-08 03:00:00+11:00
312.09375,-0.664,1068221700.0,2003-11-08 03:15:00+11:00
312.104167,-0.634,1068222600.0,2003-11-08 03:30:00+11:00
312.114583,-0.574,1068223500.0,2003-11-08 03:45:00+11:00
312.125,-0.524,1068224400.0,2003-11-08 04:00:00+11:00
312.135417,-0.464,1068225300.0,2003-11-08 04:15:00+11:00
312.145833,-0.424,1068226200.0,2003-11-08 04:30:00+11:00
312.15625,-0.344,1068227100.0,2003-11-08 04:45:00+11:00
312.166667,-0.294,1068228000.0,2003-11-08 05:00:00+11:00
312.177083,-0.224,1068228900.0,2003-11-08 05:15:00+11:00
312.1875,-0.154,1068229800.0,2003-11-08 05:30:00+11:00
312.197917,-0.084,1068230700.0,2003-11-08 05:45:00+11:00
312.208333,-0.014,1068231600.0,2003-11-08 06:00:00+11:00
312.21875,0.036,1068232500.0,2003-11-08 06:15:00+11:00
312.229167,0.086,1068233400.0,2003-11-08 06:30:00+11:00
312.239583,0.166,1068234300.0,2003-11-08 06:45:00+11:00
312.25,0.206,1068235200.0,2003-11-08 07:00:00+11:00
312.260417,0.236,1068236100.0,2003-11-08 07:15:00+11:00
312.270833,0.276,1068237000.0,2003-11-08 07:30:00+11:00
312.28125,0.306,1068237900.0,2003-11-08 07:45:00+11:00
312.291667,0.316,1068238800.0,2003-11-08 08:00:00+11:00
312.302083,0.356,1068239700.0,2003-11-08 08:15:00+11:00
312.3125,0.356,1068240600.0,2003-11-08 08:30:00+11:00
312.322917,0.366,1068241500.0,2003-11-08 08:45:00+11:00
312.333333,0.336,1068242400.0,2003-11-08 09:00:00+11:00
312.34375,0.316,1068243300.0,2003-11-08 09:15:00+11:00
312.354167,0.316,1068244200.0,2003-11-08 09:30:00+11:00
312.364583,0.296,1068245100.0,2003-11-08 09:45:00+11:00
312.375,0.216,1068246000.0,2003-11-08 10:00:00+11:00
312.385417,0.186,1068246900.0,2003-11-08 10:15:00+11:00
312.395833,0.136,1068247800.0,2003-11-08 10:30:00+11:00
312.40625,0.066,1068248700.0,2003-11-08 10:45:00+11:00
312.416667,-0.004,1068249600.0,2003-11-08 11:00:00+11:00
312.427083,-0.074,1068250500.0,2003-11-08 11:15:00+11:00
312.4375,-0.124,1068251400.0,2003-11-08 11:30:00+11:00
312.447917,-0.204,1068252300.0,2003-11-08 11:45:00+11:00
312.458333,-0.294,1068253200.0,2003-11-08 12:00:00+11:00
312.46875,-0.334,1068254100.0,2003-11-08 12:15:00+11:00
312.479167,-0.404,1068255000.0,2003-11-08 12:30:00+11:00
312.489583,-0.464,1068255900.0,2003-11-08 12:45:00+11:00
312.5,-0.524,1068256800.0,2003-11-08 13:00:00+11:00
312.510417,-0.584,1068257700.0,2003-11-08 13:15:00+11:00
312.520833,-0.624,1068258600.0,2003-11-08 13:30:00+11:00
312.53125,-0.624,1068259500.0,2003-11-08 13:45:00+11:00
312.541667,-0.704,1068260400.0,2003-11-08 14:00:00+11:00
312.552083,-0.744,1068261300.0,2003-11-08 14:15:00+11:00
312.5625,-0.724,1068262200.0,2003-11-08 14:30:00+11:00
312.572917,-0.754,1068263100.0,2003-11-08 14:45:00+11:00
312.583333,-0.744,1068264000.0,2003-11-08 15:00:00+11:00
312.59375,-0.744,1068264900.0,2003-11-08 15:15:00+11:00
312.604167,-0.754,1068265800.0,2003-11-08 15:30:00+11:00
312.614583,-0.734,1068266700.0,2003-11-08 15:45:00+11:00
312.625,-0.674,1068267600.0,2003-11-08 16:00:00+11:00
312.635417,-0.654,1068268500.0,2003-11-08 16:15:00+11:00
312.645833,-0.634,1068269400.0,2003-11-08 16:30:00+11:00
312.65625,-0.584,1068270300.0,2003-11-08 16:45:00+11:00
312.666667,-0.524,1068271200.0,2003-11-08 17:00:00+11:00
312.677083,-0.464,1068272100.0,2003-11-08 17:15:00+11:00
312.6875,-0.424,1068273000.0,2003-11-08 17:30:00+11:00
312.697917,-0.394,1068273900.0,2003-11-08 17:45:00+11:00
312.708333,-0.324,1068274800.0,2003-11-08 18:00:00+11:00
312.71875,-0.264,1068275700.0,2003-11-08 18:15:00+11:00
312.729167,-0.194,1068276600.0,2003-11-08 18:30:00+11:00
312.739583,-0.154,1068277500.0,2003-11-08 18:45:00+11:00
312.75,-0.124,1068278400.0,2003-11-08 19:00:00+11:00
312.760417,-0.074,1068279300.0,2003-11-08 19:15:00+11:00
312.770833,-0.024,1068280200.0,2003-11-08 19:30:00+11:00
312.78125,0.006,1068281100.0,2003-11-08 19:45:00+11:00
312.791667,0.036,1068282000.0,2003-11-08 20:00:00+11:00
312.802083,0.046,1068282900.0,2003-11-08 20:15:00+11:00
312.8125,0.066,1068283800.0,2003-11-08 20:30:00+11:00
312.822917,0.096,1068284700.0,2003-11-08 20:45:00+11:00
312.833333,0.086,1068285600.0,2003-11-08 21:00:00+11:00
312.84375,0.076,1068286500.0,2003-11-08 21:15:00+11:00
312.854167,0.066,1068287400.0,2003-11-08 21:30:00+11:00
312.864583,0.046,1068288300.0,2003-11-08 21:45:00+11:00
312.875,0.046,1068289200.0,2003-11-08 22:00:00+11:00
312.885417,-0.004,1068290100.0,2003-11-08 22:15:00+11:00
312.895833,-0.054,1068291000.0,2003-11-08 22:30:00+11:00
312.90625,-0.084,1068291900.0,2003-11-08 22:45:00+11:00
312.916667,-0.144,1068292800.0,2003-11-08 23:00:00+11:00
312.927083,-0.184,1068293700.0,2003-11-08 23:15:00+11:00
312.9375,-0.234,1068294600.0,2003-11-08 23:30:00+11:00
312.947917,-0.304,1068295500.0,2003-11-08 23:45:00+11:00
312.958333,-0.354,1068296400.0,2003-11-09 00:00:00+11:00
312.96875,-0.374,1068297300.0,2003-11-09 00:15:00+11:00
312.979167,-0.444,1068298200.0,2003-11-09 00:30:00+11:00
312.989583,-0.494,1068299100.0,2003-11-09 00:45:00+11:00
313.0,-0.524,1068300000.0,2003-11-09 01:00:00+11:00
313.010417,-0.574,1068300900.0,2003-11-09 01:15:00+11:00
313.020833,-0.594,1068301800.0,2003-11-09 01:30:00+11:00
313.03125,-0.624,1068302700.0,2003-11-09 01:45:00+11:00
313.041667,-0.644,1068303600.0,2003-11-09 02:00:00+11:00
313.052083,-0.654,1068304500.0,2003-11-09 02:15:00+11:00
313.0625,-0.664,1068305400.0,2003-11-09 02:30:00+11:00
313.072917,-0.654,1068306300.0,2003-11-09 02:45:00+11:00
313.083333,-0.644,1068307200.0,2003-11-09 03:00:00+11:00
313.09375,-0.644,1068308100.0,2003-11-09 03:15:00+11:00
313.104167,-0.614,1068309000.0,2003-11-09 03:30:00+11:00
313.114583,-0.584,1068309900.0,2003-11-09 03:45:00+11:00
313.125,-0.554,1068310800.0,2003-11-09 04:00:00+11:00
313.135417,-0.504,1068311700.0,2003-11-09 04:15:00+11:00
313.145833,-0.454,1068312600.0,2003-11-09 04:30:00+11:00
313.15625,-0.414,1068313500.0,2003-11-09 04:45:00+11:00
313.166667,-0.354,1068314400.0,2003-11-09 05:00:00+11:00
313.177083,-0.294,1068315300.0,2003-11-09 05:15:00+11:00
313.1875,-0.214,1068316200.0,2003-11-09 05:30:00+11:00
313.197917,-0.144,1068317100.0,2003-11-09 05:45:00+11:00
313.208333,-0.084,1068318000.0,2003-11-09 06:00:00+11:00
313.21875,0.006,1068318900.0,2003-11-09 06:15:00+11:00
313.229167,0.066,1068319800.0,2003-11-09 06:30:00+11:00
313.239583,0.126,1068320700.0,2003-11-09 06:45:00+11:00
313.25,0.176,1068321600.0,2003-11-09 07:00:00+11:00
313.260417,0.236,1068322500.0,2003-11-09 07:15:00+11:00
313.270833,0.306,1068323400.0,2003-11-09 07:30:00+11:00
313.28125,0.336,1068324300.0,2003-11-09 07:45:00+11:00
313.291667,0.376,1068325200.0,2003-11-09 08:00:00+11:00
313.302083,0.396,1068326100.0,2003-11-09 08:15:00+11:00
313.3125,0.426,1068327000.0,2003-11-09 08:30:00+11:00
313.322917,0.456,1068327900.0,2003-11-09 08:45:00+11:00
313.333333,0.466,1068328800.0,2003-11-09 09:00:00+11:00
313.34375,0.456,1068329700.0,2003-11-09 09:15:00+11:00
313.354167,0.456,1068330600.0,2003-11-09 09:30:00+11:00
313.364583,0.416,1068331500.0,2003-11-09 09:45:00+11:00
313.375,0.416,1068332400.0,2003-11-09 10:00:00+11:00
313.385417,0.376,1068333300.0,2003-11-09 10:15:00+11:00
313.395833,0.336,1068334200.0,2003-11-09 10:30:00+11:00
313.40625,0.276,1068335100.0,2003-11-09 10:45:00+11:00
313.416667,0.196,1068336000.0,2003-11-09 11:00:00+11:00
313.427083,0.176,1068336900.0,2003-11-09 11:15:00+11:00
313.4375,0.096,1068337800.0,2003-11-09 11:30:00+11:00
313.447917,0.016,1068338700.0,2003-11-09 11:45:00+11:00
313.458333,-0.044,1068339600.0,2003-11-09 12:00:00+11:00
313.46875,-0.134,1068340500.0,2003-11-09 12:15:00+11:00
313.479167,-0.164,1068341400.0,2003-11-09 12:30:00+11:00
313.489583,-0.254,1068342300.0,2003-11-09 12:45:00+11:00
313.5,-0.314,1068343200.0,2003-11-09 13:00:00+11:00
313.510417,-0.394,1068344100.0,2003-11-09 13:15:00+11:00
313.520833,-0.464,1068345000.0,2003-11-09 13:30:00+11:00
313.53125,-0.504,1068345900.0,2003-11-09 13:45:00+11:00
313.541667,-0.544,1068346800.0,2003-11-09 14:00:00+11:00
313.552083,-0.604,1068347700.0,2003-11-09 14:15:00+11:00
313.5625,-0.654,1068348600.0,2003-11-09 14:30:00+11:00
313.572917,-0.664,1068349500.0,2003-11-09 14:45:00+11:00
313.583333,-0.704,1068350400.0,2003-11-09 15:00:00+11:00
313.59375,-0.714,1068351300.0,2003-11-09 15:15:00+11:00
313.604167,-0.714,1068352200.0,2003-11-09 15:30:00+11:00
313.614583,-0.744,1068353100.0,2003-11-09 15:45:00+11:00
313.625,-0.724,1068354000.0,2003-11-09 16:00:00+11:00
313.635417,-0.704,1068354900.0,2003-11-09 16:15:00+11:00
313.645833,-0.684,1068355800.0,2003-11-09 16:30:00+11:00
313.65625,-0.684,1068356700.0,2003-11-09 16:45:00+11:00
313.666667,-0.604,1068357600.0,2003-11-09 17:00:00+11:00
313.677083,-0.594,1068358500.0,2003-11-09 17:15:00+11:00
313.6875,-0.564,1068359400.0,2003-11-09 17:30:00+11:00
313.697917,-0.464,1068360300.0,2003-11-09 17:45:00+11:00
313.708333,-0.464,1068361200.0,2003-11-09 18:00:00+11:00
313.71875,-0.404,1068362100.0,2003-11-09 18:15:00+11:00
313.729167,-0.314,1068363000.0,2003-11-09 18:30:00+11:00
313.739583,-0.294,1068363900.0,2003-11-09 18:45:00+11:00
313.75,-0.224,1068364800.0,2003-11-09 19:00:00+11:00
313.760417,-0.174,1068365700.0,2003-11-09 19:15:00+11:00
313.770833,-0.154,1068366600.0,2003-11-09 19:30:00+11:00
313.78125,-0.064,1068367500.0,2003-11-09 19:45:00+11:00
313.791667,-0.054,1068368400.0,2003-11-09 20:00:00+11:00
313.802083,-0.024,1068369300.0,2003-11-09 20:15:00+11:00
313.8125,0.036,1068370200.0,2003-11-09 20:30:00+11:00
313.822917,0.036,1068371100.0,2003-11-09 20:45:00+11:00
313.833333,0.066,1068372000.0,2003-11-09 21:00:00+11:00
313.84375,0.086,1068372900.0,2003-11-09 21:15:00+11:00
313.854167,0.096,1068373800.0,2003-11-09 21:30:00+11:00
313.864583,0.086,1068374700.0,2003-11-09 21:45:00+11:00
313.875,0.096,1068375600.0,2003-11-09 22:00:00+11:00
313.885417,0.056,1068376500.0,2003-11-09 22:15:00+11:00
313.895833,0.036,1068377400.0,2003-11-09 22:30:00+11:00
313.90625,0.026,1068378300.0,2003-11-09 22:45:00+11:00
313.916667,-0.044,1068379200.0,2003-11-09 23:00:00+11:00
313.927083,-0.044,1068380100.0,2003-11-09 23:15:00+11:00
313.9375,-0.114,1068381000.0,2003-11-09 23:30:00+11:00
313.947917,-0.164,1068381900.0,2003-11-09 23:45:00+11:00
313.958333,-0.214,1068382800.0,2003-11-10 00:00:00+11:00
313.96875,-0.244,1068383700.0,2003-11-10 00:15:00+11:00
313.979167,-0.304,1068384600.0,2003-11-10 00:30:00+11:00
313.989583,-0.394,1068385500.0,2003-11-10 00:45:00+11:00
314.0,-0.414,1068386400.0,2003-11-10 01:00:00+11:00
314.010417,-0.424,1068387300.0,2003-11-10 01:15:00+11:00
314.020833,-0.504,1068388200.0,2003-11-10 01:30:00+11:00
314.03125,-0.534,1068389100.0,2003-11-10 01:45:00+11:00
314.041667,-0.574,1068390000.0,2003-11-10 02:00:00+11:00
314.052083,-0.594,1068390900.0,2003-11-10 02:15:00+11:00
314.0625,-0.604,1068391800.0,2003-11-10 02:30:00+11:00
314.072917,-0.604,1068392700.0,2003-11-10 02:45:00+11:00
314.083333,-0.644,1068393600.0,2003-11-10 03:00:00+11:00
314.09375,-0.634,1068394500.0,2003-11-10 03:15:00+11:00
314.104167,-0.624,1068395400.0,2003-11-10 03:30:00+11:00
314.114583,-0.614,1068396300.0,2003-11-10 03:45:00+11:00
314.125,-0.594,1068397200.0,2003-11-10 04:00:00+11:00
314.135417,-0.564,1068398100.0,2003-11-10 04:15:00+11:00
314.145833,-0.534,1068399000.0,2003-11-10 04:30:00+11:00
314.15625,-0.494,1068399900.0,2003-11-10 04:45:00+11:00
314.166667,-0.424,1068400800.0,2003-11-10 05:00:00+11:00
314.177083,-0.394,1068401700.0,2003-11-10 05:15:00+11:00
314.1875,-0.344,1068402600.0,2003-11-10 05:30:00+11:00
314.197917,-0.264,1068403500.0,2003-11-10 05:45:00+11:00
314.208333,-0.184,1068404400.0,2003-11-10 06:00:00+11:00
314.21875,-0.124,1068405300.0,2003-11-10 06:15:00+11:00
314.229167,-0.074,1068406200.0,2003-11-10 06:30:00+11:00
314.239583,-0.004,1068407100.0,2003-11-10 06:45:00+11:00
314.25,0.076,1068408000.0,2003-11-10 07:00:00+11:00
314.260417,0.126,1068408900.0,2003-11-10 07:15:00+11:00
314.270833,0.186,1068409800.0,2003-11-10 07:30:00+11:00
314.28125,0.226,1068410700.0,2003-11-10 07:45:00+11:00
314.291667,0.276,1068411600.0,2003-11-10 08:00:00+11:00
314.302083,0.336,1068412500.0,2003-11-10 08:15:00+11:00
314.3125,0.376,1068413400.0,2003-11-10 08:30:00+11:00
314.322917,0.426,1068414300.0,2003-11-10 08:45:00+11:00
314.333333,0.436,1068415200.0,2003-11-10 09:00:00+11:00
314.34375,0.436,1068416100.0,2003-11-10 09:15:00+11:00
314.354167,0.476,1068417000.0,2003-11-10 09:30:00+11:00
314.364583,0.476,1068417900.0,2003-11-10 09:45:00+11:00
314.375,0.466,1068418800.0,2003-11-10 10:00:00+11:00
314.385417,0.436,1068419700.0,2003-11-10 10:15:00+11:00
314.395833,0.416,1068420600.0,2003-11-10 10:30:00+11:00
314.40625,0.406,1068421500.0,2003-11-10 10:45:00+11:00
314.416667,0.346,1068422400.0,2003-11-10 11:00:00+11:00
314.427083,0.296,1068423300.0,2003-11-10 11:15:00+11:00
314.4375,0.216,1068424200.0,2003-11-10 11:30:00+11:00
314.447917,0.186,1068425100.0,2003-11-10 11:45:00+11:00
314.458333,0.116,1068426000.0,2003-11-10 12:00:00+11:00
314.46875,0.046,1068426900.0,2003-11-10 12:15:00+11:00
314.479167,-0.044,1068427800.0,2003-11-10 12:30:00+11:00
314.489583,-0.114,1068428700.0,2003-11-10 12:45:00+11:00
314.5,-0.154,1068429600.0,2003-11-10 13:00:00+11:00
314.510417,-0.244,1068430500.0,2003-11-10 13:15:00+11:00
314.520833,-0.324,1068431400.0,2003-11-10 13:30:00+11:00
314.53125,-0.404,1068432300.0,2003-11-10 13:45:00+11:00
314.541667,-0.454,1068433200.0,2003-11-10 14:00:00+11:00
314.552083,-0.494,1068434100.0,2003-11-10 14:15:00+11:00
314.5625,-0.574,1068435000.0,2003-11-10 14:30:00+11:00
314.572917,-0.644,1068435900.0,2003-11-10 14:45:00+11:00
314.583333,-0.684,1068436800.0,2003-11-10 15:00:00+11:00
314.59375,-0.684,1068437700.0,2003-11-10 15:15:00+11:00
314.604167,-0.724,1068438600.0,2003-11-10 15:30:00+11:00
314.614583,-0.764,1068439500.0,2003-11-10 15:45:00+11:00
314.625,-0.784,1068440400.0,2003-11-10 16:00:00+11:00
314.635417,-0.774,1068441300.0,2003-11-10 16:15:00+11:00
314.645833,-0.764,1068442200.0,2003-11-10 16:30:00+11:00
314.65625,-0.744,1068443100.0,2003-11-10 16:45:00+11:00
314.666667,-0.734,1068444000.0,2003-11-10 17:00:00+11:00
314.677083,-0.724,1068444900.0,2003-11-10 17:15:00+11:00
314.6875,-0.694,1068445800.0,2003-11-10 17:30:00+11:00
314.697917,-0.634,1068446700.0,2003-11-10 17:45:00+11:00
314.708333,-0.594,1068447600.0,2003-11-10 18:00:00+11:00
314.71875,-0.584,1068448500.0,2003-11-10 18:15:00+11:00
314.729167,-0.514,1068449400.0,2003-11-10 18:30:00+11:00
314.739583,-0.464,1068450300.0,2003-11-10 18:45:00+11:00
314.75,-0.414,1068451200.0,2003-11-10 19:00:00+11:00
314.760417,-0.354,1068452100.0,2003-11-10 19:15:00+11:00
314.770833,-0.314,1068453000.0,2003-11-10 19:30:00+11:00
314.78125,-0.274,1068453900.0,2003-11-10 19:45:00+11:00
314.791667,-0.194,1068454800.0,2003-11-10 20:00:00+11:00
314.802083,-0.164,1068455700.0,2003-11-10 20:15:00+11:00
314.8125,-0.144,1068456600.0,2003-11-10 20:30:00+11:00
314.822917,-0.084,1068457500.0,2003-11-10 20:45:00+11:00
314.833333,-0.074,1068458400.0,2003-11-10 21:00:00+11:00
314.84375,-0.024,1068459300.0,2003-11-10 21:15:00+11:00
314.854167,-0.004,1068460200.0,2003-11-10 21:30:00+11:00
314.864583,0.006,1068461100.0,2003-11-10 21:45:00+11:00
314.875,0.036,1068462000.0,2003-11-10 22:00:00+11:00
314.885417,0.036,1068462900.0,2003-11-10 22:15:00+11:00
314.895833,0.026,1068463800.0,2003-11-10 22:30:00+11:00
314.90625,0.016,1068464700.0,2003-11-10 22:45:00+11:00
314.916667,0.006,1068465600.0,2003-11-10 23:00:00+11:00
314.927083,-0.024,1068466500.0,2003-11-10 23:15:00+11:00
314.9375,-0.054,1068467400.0,2003-11-10 23:30:00+11:00
314.947917,-0.094,1068468300.0,2003-11-10 23:45:00+11:00
314.958333,-0.114,1068469200.0,2003-11-11 00:00:00+11:00
314.96875,-0.194,1068470100.0,2003-11-11 00:15:00+11:00
314.979167,-0.224,1068471000.0,2003-11-11 00:30:00+11:00
314.989583,-0.254,1068471900.0,2003-11-11 00:45:00+11:00
315.0,-0.324,1068472800.0,2003-11-11 01:00:00+11:00
315.010417,-0.374,1068473700.0,2003-11-11 01:15:00+11:00
315.020833,-0.394,1068474600.0,2003-11-11 01:30:00+11:00
315.03125,-0.454,1068475500.0,2003-11-11 01:45:00+11:00
315.041667,-0.474,1068476400.0,2003-11-11 02:00:00+11:00
315.052083,-0.504,1068477300.0,2003-11-11 02:15:00+11:00
315.0625,-0.554,1068478200.0,2003-11-11 02:30:00+11:00
315.072917,-0.564,1068479100.0,2003-11-11 02:45:00+11:00
315.083333,-0.554,1068480000.0,2003-11-11 03:00:00+11:00
315.09375,-0.594,1068480900.0,2003-11-11 03:15:00+11:00
315.104167,-0.604,1068481800.0,2003-11-11 03:30:00+11:00
315.114583,-0.604,1068482700.0,2003-11-11 03:45:00+11:00
315.125,-0.574,1068483600.0,2003-11-11 04:00:00+11:00
315.135417,-0.564,1068484500.0,2003-11-11 04:15:00+11:00
315.145833,-0.564,1068485400.0,2003-11-11 04:30:00+11:00
315.15625,-0.544,1068486300.0,2003-11-11 04:45:00+11:00
315.166667,-0.484,1068487200.0,2003-11-11 05:00:00+11:00
315.177083,-0.444,1068488100.0,2003-11-11 05:15:00+11:00
315.1875,-0.394,1068489000.0,2003-11-11 05:30:00+11:00
315.197917,-0.344,1068489900.0,2003-11-11 05:45:00+11:00
315.208333,-0.294,1068490800.0,2003-11-11 06:00:00+11:00
315.21875,-0.234,1068491700.0,2003-11-11 06:15:00+11:00
315.229167,-0.164,1068492600.0,2003-11-11 06:30:00+11:00
315.239583,-0.094,1068493500.0,2003-11-11 06:45:00+11:00
315.25,-0.044,1068494400.0,2003-11-11 07:00:00+11:00
315.260417,0.026,1068495300.0,2003-11-11 07:15:00+11:00
315.270833,0.096,1068496200.0,2003-11-11 07:30:00+11:00
315.28125,0.146,1068497100.0,2003-11-11 07:45:00+11:00
315.291667,0.206,1068498000.0,2003-11-11 08:00:00+11:00
315.302083,0.256,1068498900.0,2003-11-11 08:15:00+11:00
315.3125,0.326,1068499800.0,2003-11-11 08:30:00+11:00
315.322917,0.346,1068500700.0,2003-11-11 08:45:00+11:00
315.333333,0.396,1068501600.0,2003-11-11 09:00:00+11:00
315.34375,0.436,1068502500.0,2003-11-11 09:15:00+11:00
315.354167,0.446,1068503400.0,2003-11-11 09:30:00+11:00
315.364583,0.476,1068504300.0,2003-11-11 09:45:00+11:00
315.375,0.496,1068505200.0,2003-11-11 10:00:00+11:00
315.385417,0.486,1068506100.0,2003-11-11 10:15:00+11:00
315.395833,0.486,1068507000.0,2003-11-11 10:30:00+11:00
315.40625,0.476,1068507900.0,2003-11-11 10:45:00+11:00
315.416667,0.456,1068508800.0,2003-11-11 11:00:00+11:00
315.427083,0.416,1068509700.0,2003-11-11 11:15:00+11:00
315.4375,0.376,1068510600.0,2003-11-11 11:30:00+11:00
315.447917,0.326,1068511500.0,2003-11-11 11:45:00+11:00
315.458333,0.266,1068512400.0,2003-11-11 12:00:00+11:00
315.46875,0.226,1068513300.0,2003-11-11 12:15:00+11:00
315.479167,0.146,1068514200.0,2003-11-11 12:30:00+11:00
315.489583,0.066,1068515100.0,2003-11-11 12:45:00+11:00
315.5,0.006,1068516000.0,2003-11-11 13:00:00+11:00
315.510417,-0.074,1068516900.0,2003-11-11 13:15:00+11:00
315.520833,-0.134,1068517800.0,2003-11-11 13:30:00+11:00
315.53125,-0.234,1068518700.0,2003-11-11 13:45:00+11:00
315.541667,-0.304,1068519600.0,2003-11-11 14:00:00+11:00
315.552083,-0.354,1068520500.0,2003-11-11 14:15:00+11:00
315.5625,-0.424,1068521400.0,2003-11-11 14:30:00+11:00
315.572917,-0.504,1068522300.0,2003-11-11 14:45:00+11:00
315.583333,-0.554,1068523200.0,2003-11-11 15:00:00+11:00
315.59375,-0.584,1068524100.0,2003-11-11 15:15:00+11:00
315.604167,-0.634,1068525000.0,2003-11-11 15:30:00+11:00
315.614583,-0.694,1068525900.0,2003-11-11 15:45:00+11:00
315.625,-0.704,1068526800.0,2003-11-11 16:00:00+11:00
315.635417,-0.724,1068527700.0,2003-11-11 16:15:00+11:00
315.645833,-0.754,1068528600.0,2003-11-11 16:30:00+11:00
315.65625,-0.754,1068529500.0,2003-11-11 16:45:00+11:00
315.666667,-0.744,1068530400.0,2003-11-11 17:00:00+11:00
315.677083,-0.754,1068531300.0,2003-11-11 17:15:00+11:00
315.6875,-0.744,1068532200.0,2003-11-11 17:30:00+11:00
315.697917,-0.724,1068533100.0,2003-11-11 17:45:00+11:00
315.708333,-0.684,1068534000.0,2003-11-11 18:00:00+11:00
315.71875,-0.654,1068534900.0,2003-11-11 18:15:00+11:00
315.729167,-0.604,1068535800.0,2003-11-11 18:30:00+11:00
315.739583,-0.594,1068536700.0,2003-11-11 18:45:00+11:00
315.75,-0.544,1068537600.0,2003-11-11 19:00:00+11:00
315.760417,-0.474,1068538500.0,2003-11-11 19:15:00+11:00
315.770833,-0.424,1068539400.0,2003-11-11 19:30:00+11:00
315.78125,-0.374,1068540300.0,2003-11-11 19:45:00+11:00
315.791667,-0.354,1068541200.0,2003-11-11 20:00:00+11:00
315.802083,-0.284,1068542100.0,2003-11-11 20:15:00+11:00
315.8125,-0.224,1068543000.0,2003-11-11 20:30:00+11:00
315.822917,-0.174,1068543900.0,2003-11-11 20:45:00+11:00
315.833333,-0.154,1068544800.0,2003-11-11 21:00:00+11:00
315.84375,-0.134,1068545700.0,2003-11-11 21:15:00+11:00
315.854167,-0.074,1068546600.0,2003-11-11 21:30:00+11:00
315.864583,-0.014,1068547500.0,2003-11-11 21:45:00+11:00
315.875,-0.024,1068548400.0,2003-11-11 22:00:00+11:00
315.885417,-0.024,1068549300.0,2003-11-11 22:15:00+11:00
315.895833,0.026,1068550200.0,2003-11-11 22:30:00+11:00
315.90625,0.046,1068551100.0,2003-11-11 22:45:00+11:00
315.916667,0.036,1068552000.0,2003-11-11 23:00:00+11:00
315.927083,0.026,1068552900.0,2003-11-11 23:15:00+11:00
315.9375,-0.004,1068553800.0,2003-11-11 23:30:00+11:00
315.947917,-0.004,1068554700.0,2003-11-11 23:45:00+11:00
315.958333,-0.024,1068555600.0,2003-11-12 00:00:00+11:00
315.96875,-0.034,1068556500.0,2003-11-12 00:15:00+11:00
315.979167,-0.094,1068557400.0,2003-11-12 00:30:00+11:00
315.989583,-0.134,1068558300.0,2003-11-12 00:45:00+11:00
316.0,-0.134,1068559200.0,2003-11-12 01:00:00+11:00
316.010417,-0.194,1068560100.0,2003-11-12 01:15:00+11:00
316.020833,-0.234,1068561000.0,2003-11-12 01:30:00+11:00
316.03125,-0.294,1068561900.0,2003-11-12 01:45:00+11:00
316.041667,-0.304,1068562800.0,2003-11-12 02:00:00+11:00
316.052083,-0.344,1068563700.0,2003-11-12 02:15:00+11:00
316.0625,-0.384,1068564600.0,2003-11-12 02:30:00+11:00
316.072917,-0.404,1068565500.0,2003-11-12 02:45:00+11:00
316.083333,-0.464,1068566400.0,2003-11-12 03:00:00+11:00
316.09375,-0.434,1068567300.0,2003-11-12 03:15:00+11:00
316.104167,-0.474,1068568200.0,2003-11-12 03:30:00+11:00
316.114583,-0.484,1068569100.0,2003-11-12 03:45:00+11:00
316.125,-0.474,1068570000.0,2003-11-12 04:00:00+11:00
316.135417,-0.514,1068570900.0,2003-11-12 04:15:00+11:00
316.145833,-0.474,1068571800.0,2003-11-12 04:30:00+11:00
316.15625,-0.454,1068572700.0,2003-11-12 04:45:00+11:00
316.166667,-0.484,1068573600.0,2003-11-12 05:00:00+11:00
316.177083,-0.424,1068574500.0,2003-11-12 05:15:00+11:00
316.1875,-0.384,1068575400.0,2003-11-12 05:30:00+11:00
316.197917,-0.374,1068576300.0,2003-11-12 05:45:00+11:00
316.208333,-0.324,1068577200.0,2003-11-12 06:00:00+11:00
316.21875,-0.254,1068578100.0,2003-11-12 06:15:00+11:00
316.229167,-0.234,1068579000.0,2003-11-12 06:30:00+11:00
316.239583,-0.174,1068579900.0,2003-11-12 06:45:00+11:00
316.25,-0.094,1068580800.0,2003-11-12 07:00:00+11:00
316.260417,-0.054,1068581700.0,2003-11-12 07:15:00+11:00
316.270833,0.016,1068582600.0,2003-11-12 07:30:00+11:00
316.28125,0.086,1068583500.0,2003-11-12 07:45:00+11:00
316.291667,0.106,1068584400.0,2003-11-12 08:00:00+11:00
316.302083,0.176,1068585300.0,2003-11-12 08:15:00+11:00
316.3125,0.256,1068586200.0,2003-11-12 08:30:00+11:00
316.322917,0.306,1068587100.0,2003-11-12 08:45:00+11:00
316.333333,0.366,1068588000.0,2003-11-12 09:00:00+11:00
316.34375,0.376,1068588900.0,2003-11-12 09:15:00+11:00
316.354167,0.436,1068589800.0,2003-11-12 09:30:00+11:00
316.364583,0.486,1068590700.0,2003-11-12 09:45:00+11:00
316.375,0.486,1068591600.0,2003-11-12 10:00:00+11:00
316.385417,0.526,1068592500.0,2003-11-12 10:15:00+11:00
316.395833,0.536,1068593400.0,2003-11-12 10:30:00+11:00
316.40625,0.516,1068594300.0,2003-11-12 10:45:00+11:00
316.416667,0.536,1068595200.0,2003-11-12 11:00:00+11:00
316.427083,0.516,1068596100.0,2003-11-12 11:15:00+11:00
316.4375,0.506,1068597000.0,2003-11-12 11:30:00+11:00
316.447917,0.486,1068597900.0,2003-11-12 11:45:00+11:00
316.458333,0.416,1068598800.0,2003-11-12 12:00:00+11:00
316.46875,0.396,1068599700.0,2003-11-12 12:15:00+11:00
316.479167,0.336,1068600600.0,2003-11-12 12:30:00+11:00
316.489583,0.286,1068601500.0,2003-11-12 12:45:00+11:00
316.5,0.216,1068602400.0,2003-11-12 13:00:00+11:00
316.510417,0.156,1068603300.0,2003-11-12 13:15:00+11:00
316.520833,0.076,1068604200.0,2003-11-12 13:30:00+11:00
316.53125,0.016,1068605100.0,2003-11-12 13:45:00+11:00
316.541667,-0.044,1068606000.0,2003-11-12 14:00:00+11:00
316.552083,-0.124,1068606900.0,2003-11-12 14:15:00+11:00
316.5625,-0.214,1068607800.0,2003-11-12 14:30:00+11:00
316.572917,-0.264,1068608700.0,2003-11-12 14:45:00+11:00
316.583333,-0.314,1068609600.0,2003-11-12 15:00:00+11:00
316.59375,-0.374,1068610500.0,2003-11-12 15:15:00+11:00
316.604167,-0.444,1068611400.0,2003-11-12 15:30:00+11:00
316.614583,-0.494,1068612300.0,2003-11-12 15:45:00+11:00
316.625,-0.524,1068613200.0,2003-11-12 16:00:00+11:00
316.635417,-0.554,1068614100.0,2003-11-12 16:15:00+11:00
316.645833,-0.594,1068615000.0,2003-11-12 16:30:00+11:00
316.65625,-0.644,1068615900.0,2003-11-12 16:45:00+11:00
316.666667,-0.644,1068616800.0,2003-11-12 17:00:00+11:00
316.677083,-0.654,1068617700.0,2003-11-12 17:15:00+11:00
316.6875,-0.654,1068618600.0,2003-11-12 17:30:00+11:00
316.697917,-0.684,1068619500.0,2003-11-12 17:45:00+11:00
316.708333,-0.684,1068620400.0,2003-11-12 18:00:00+11:00
316.71875,-0.644,1068621300.0,2003-11-12 18:15:00+11:00
316.729167,-0.624,1068622200.0,2003-11-12 18:30:00+11:00
316.739583,-0.604,1068623100.0,2003-11-12 18:45:00+11:00
316.75,-0.594,1068624000.0,2003-11-12 19:00:00+11:00
316.760417,-0.544,1068624900.0,2003-11-12 19:15:00+11:00
316.770833,-0.504,1068625800.0,2003-11-12 19:30:00+11:00
316.78125,-0.464,1068626700.0,2003-11-12 19:45:00+11:00
316.791667,-0.414,1068627600.0,2003-11-12 20:00:00+11:00
316.802083,-0.384,1068628500.0,2003-11-12 20:15:00+11:00
316.8125,-0.314,1068629400.0,2003-11-12 20:30:00+11:00
316.822917,-0.264,1068630300.0,2003-11-12 20:45:00+11:00
316.833333,-0.234,1068631200.0,2003-11-12 21:00:00+11:00
316.84375,-0.194,1068632100.0,2003-11-12 21:15:00+11:00
316.854167,-0.154,1068633000.0,2003-11-12 21:30:00+11:00
316.864583,-0.094,1068633900.0,2003-11-12 21:45:00+11:00
316.875,-0.094,1068634800.0,2003-11-12 22:00:00+11:00
316.885417,-0.054,1068635700.0,2003-11-12 22:15:00+11:00
316.895833,-0.004,1068636600.0,2003-11-12 22:30:00+11:00
316.90625,0.006,1068637500.0,2003-11-12 22:45:00+11:00
316.916667,0.026,1068638400.0,2003-11-12 23:00:00+11:00
316.927083,0.036,1068639300.0,2003-11-12 23:15:00+11:00
316.9375,0.026,1068640200.0,2003-11-12 23:30:00+11:00
316.947917,0.066,1068641100.0,2003-11-12 23:45:00+11:00
316.958333,0.036,1068642000.0,2003-11-13 00:00:00+11:00
316.96875,0.006,1068642900.0,2003-11-13 00:15:00+11:00
316.979167,0.006,1068643800.0,2003-11-13 00:30:00+11:00
316.989583,-0.044,1068644700.0,2003-11-13 00:45:00+11:00
317.0,-0.034,1068645600.0,2003-11-13 01:00:00+11:00
317.010417,-0.074,1068646500.0,2003-11-13 01:15:00+11:00
317.020833,-0.124,1068647400.0,2003-11-13 01:30:00+11:00
317.03125,-0.164,1068648300.0,2003-11-13 01:45:00+11:00
317.041667,-0.164,1068649200.0,2003-11-13 02:00:00+11:00
317.052083,-0.194,1068650100.0,2003-11-13 02:15:00+11:00
317.0625,-0.254,1068651000.0,2003-11-13 02:30:00+11:00
317.072917,-0.284,1068651900.0,2003-11-13 02:45:00+11:00
317.083333,-0.314,1068652800.0,2003-11-13 03:00:00+11:00
317.09375,-0.384,1068653700.0,2003-11-13 03:15:00+11:00
317.104167,-0.394,1068654600.0,2003-11-13 03:30:00+11:00
317.114583,-0.454,1068655500.0,2003-11-13 03:45:00+11:00
317.125,-0.434,1068656400.0,2003-11-13 04:00:00+11:00
317.135417,-0.444,1068657300.0,2003-11-13 04:15:00+11:00
317.145833,-0.414,1068658200.0,2003-11-13 04:30:00+11:00
317.15625,-0.444,1068659100.0,2003-11-13 04:45:00+11:00
317.166667,-0.454,1068660000.0,2003-11-13 05:00:00+11:00
317.177083,-0.434,1068660900.0,2003-11-13 05:15:00+11:00
317.1875,-0.424,1068661800.0,2003-11-13 05:30:00+11:00
317.197917,-0.374,1068662700.0,2003-11-13 05:45:00+11:00
317.208333,-0.384,1068663600.0,2003-11-13 06:00:00+11:00
317.21875,-0.354,1068664500.0,2003-11-13 06:15:00+11:00
317.229167,-0.314,1068665400.0,2003-11-13 06:30:00+11:00
317.239583,-0.264,1068666300.0,2003-11-13 06:45:00+11:00
317.25,-0.214,1068667200.0,2003-11-13 07:00:00+11:00
317.260417,-0.194,1068668100.0,2003-11-13 07:15:00+11:00
317.270833,-0.134,1068669000.0,2003-11-13 07:30:00+11:00
317.28125,-0.064,1068669900.0,2003-11-13 07:45:00+11:00
317.291667,-0.034,1068670800.0,2003-11-13 08:00:00+11:00
317.302083,0.056,1068671700.0,2003-11-13 08:15:00+11:00
317.3125,0.106,1068672600.0,2003-11-13 08:30:00+11:00
317.322917,0.126,1068673500.0,2003-11-13 08:45:00+11:00
317.333333,0.206,1068674400.0,2003-11-13 09:00:00+11:00
317.34375,0.266,1068675300.0,2003-11-13 09:15:00+11:00
317.354167,0.306,1068676200.0,2003-11-13 09:30:00+11:00
317.364583,0.326,1068677100.0,2003-11-13 09:45:00+11:00
317.375,0.356,1068678000.0,2003-11-13 10:00:00+11:00
317.385417,0.406,1068678900.0,2003-11-13 10:15:00+11:00
317.395833,0.446,1068679800.0,2003-11-13 10:30:00+11:00
317.40625,0.446,1068680700.0,2003-11-13 10:45:00+11:00
317.416667,0.456,1068681600.0,2003-11-13 11:00:00+11:00
317.427083,0.476,1068682500.0,2003-11-13 11:15:00+11:00
317.4375,0.446,1068683400.0,2003-11-13 11:30:00+11:00
317.447917,0.466,1068684300.0,2003-11-13 11:45:00+11:00
317.458333,0.446,1068685200.0,2003-11-13 12:00:00+11:00
317.46875,0.406,1068686100.0,2003-11-13 12:15:00+11:00
317.479167,0.376,1068687000.0,2003-11-13 12:30:00+11:00
317.489583,0.346,1068687900.0,2003-11-13 12:45:00+11:00
317.5,0.276,1068688800.0,2003-11-13 13:00:00+11:00
317.510417,0.236,1068689700.0,2003-11-13 13:15:00+11:00
317.520833,0.196,1068690600.0,2003-11-13 13:30:00+11:00
317.53125,0.106,1068691500.0,2003-11-13 13:45:00+11:00
317.541667,0.036,1068692400.0,2003-11-13 14:00:00+11:00
317.552083,-0.004,1068693300.0,2003-11-13 14:15:00+11:00
317.5625,-0.094,1068694200.0,2003-11-13 14:30:00+11:00
317.572917,-0.174,1068695100.0,2003-11-13 14:45:00+11:00
317.583333,-0.214,1068696000.0,2003-11-13 15:00:00+11:00
317.59375,-0.294,1068696900.0,2003-11-13 15:15:00+11:00
317.604167,-0.364,1068697800.0,2003-11-13 15:30:00+11:00
317.614583,-0.414,1068698700.0,2003-11-13 15:45:00+11:00
317.625,-0.474,1068699600.0,2003-11-13 16:00:00+11:00
317.635417,-0.544,1068700500.0,2003-11-13 16:15:00+11:00
317.645833,-0.584,1068701400.0,2003-11-13 16:30:00+11:00
317.65625,-0.614,1068702300.0,2003-11-13 16:45:00+11:00
317.666667,-0.674,1068703200.0,2003-11-13 17:00:00+11:00
317.677083,-0.714,1068704100.0,2003-11-13 17:15:00+11:00
317.6875,-0.734,1068705000.0,2003-11-13 17:30:00+11:00
317.697917,-0.754,1068705900.0,2003-11-13 17:45:00+11:00
317.708333,-0.764,1068706800.0,2003-11-13 18:00:00+11:00
317.71875,-0.774,1068707700.0,2003-11-13 18:15:00+11:00
317.729167,-0.774,1068708600.0,2003-11-13 18:30:00+11:00
317.739583,-0.764,1068709500.0,2003-11-13 18:45:00+11:00
317.75,-0.744,1068710400.0,2003-11-13 19:00:00+11:00
317.760417,-0.734,1068711300.0,2003-11-13 19:15:00+11:00
317.770833,-0.714,1068712200.0,2003-11-13 19:30:00+11:00
317.78125,-0.674,1068713100.0,2003-11-13 19:45:00+11:00
317.791667,-0.644,1068714000.0,2003-11-13 20:00:00+11:00
317.802083,-0.604,1068714900.0,2003-11-13 20:15:00+11:00
317.8125,-0.574,1068715800.0,2003-11-13 20:30:00+11:00
317.822917,-0.524,1068716700.0,2003-11-13 20:45:00+11:00
317.833333,-0.484,1068717600.0,2003-11-13 21:00:00+11:00
317.84375,-0.434,1068718500.0,2003-11-13 21:15:00+11:00
317.854167,-0.404,1068719400.0,2003-11-13 21:30:00+11:00
317.864583,-0.374,1068720300.0,2003-11-13 21:45:00+11:00
317.875,-0.314,1068721200.0,2003-11-13 22:00:00+11:00
317.885417,-0.274,1068722100.0,2003-11-13 22:15:00+11:00
317.895833,-0.264,1068723000.0,2003-11-13 22:30:00+11:00
317.90625,-0.224,1068723900.0,2003-11-13 22:45:00+11:00
317.916667,-0.184,1068724800.0,2003-11-13 23:00:00+11:00
317.927083,-0.164,1068725700.0,2003-11-13 23:15:00+11:00
317.9375,-0.124,1068726600.0,2003-11-13 23:30:00+11:00
317.947917,-0.124,1068727500.0,2003-11-13 23:45:00+11:00
317.958333,-0.134,1068728400.0,2003-11-14 00:00:00+11:00
317.96875,-0.084,1068729300.0,2003-11-14 00:15:00+11:00
317.979167,-0.094,1068730200.0,2003-11-14 00:30:00+11:00
317.989583,-0.104,1068731100.0,2003-11-14 00:45:00+11:00
318.0,-0.114,1068732000.0,2003-11-14 01:00:00+11:00
318.010417,-0.124,1068732900.0,2003-11-14 01:15:00+11:00
318.020833,-0.154,1068733800.0,2003-11-14 01:30:00+11:00
318.03125,-0.154,1068734700.0,2003-11-14 01:45:00+11:00
318.041667,-0.194,1068735600.0,2003-11-14 02:00:00+11:00
318.052083,-0.244,1068736500.0,2003-11-14 02:15:00+11:00
318.0625,-0.254,1068737400.0,2003-11-14 02:30:00+11:00
318.072917,-0.294,1068738300.0,2003-11-14 02:45:00+11:00
318.083333,-0.324,1068739200.0,2003-11-14 03:00:00+11:00
318.09375,-0.344,1068740100.0,2003-11-14 03:15:00+11:00
318.104167,-0.374,1068741000.0,2003-11-14 03:30:00+11:00
318.114583,-0.414,1068741900.0,2003-11-14 03:45:00+11:00
318.125,-0.424,1068742800.0,2003-11-14 04:00:00+11:00
318.135417,-0.434,1068743700.0,2003-11-14 04:15:00+11:00
318.145833,-0.474,1068744600.0,2003-11-14 04:30:00+11:00
318.15625,-0.494,1068745500.0,2003-11-14 04:45:00+11:00
318.166667,-0.484,1068746400.0,2003-11-14 05:00:00+11:00
318.177083,-0.494,1068747300.0,2003-11-14 05:15:00+11:00
318.1875,-0.504,1068748200.0,2003-11-14 05:30:00+11:00
318.197917,-0.484,1068749100.0,2003-11-14 05:45:00+11:00
318.208333,-0.484,1068750000.0,2003-11-14 06:00:00+11:00
318.21875,-0.484,1068750900.0,2003-11-14 06:15:00+11:00
318.229167,-0.454,1068751800.0,2003-11-14 06:30:00+11:00
318.239583,-0.434,1068752700.0,2003-11-14 06:45:00+11:00
318.25,-0.394,1068753600.0,2003-11-14 07:00:00+11:00
318.260417,-0.354,1068754500.0,2003-11-14 07:15:00+11:00
318.270833,-0.344,1068755400.0,2003-11-14 07:30:00+11:00
318.28125,-0.274,1068756300.0,2003-11-14 07:45:00+11:00
318.291667,-0.234,1068757200.0,2003-11-14 08:00:00+11:00
318.302083,-0.174,1068758100.0,2003-11-14 08:15:00+11:00
318.3125,-0.124,1068759000.0,2003-11-14 08:30:00+11:00
318.322917,-0.094,1068759900.0,2003-11-14 08:45:00+11:00
318.333333,-0.024,1068760800.0,2003-11-14 09:00:00+11:00
318.34375,0.016,1068761700.0,2003-11-14 09:15:00+11:00
318.354167,0.086,1068762600.0,2003-11-14 09:30:00+11:00
318.364583,0.126,1068763500.0,2003-11-14 09:45:00+11:00
318.375,0.166,1068764400.0,2003-11-14 10:00:00+11:00
318.385417,0.216,1068765300.0,2003-11-14 10:15:00+11:00
318.395833,0.256,1068766200.0,2003-11-14 10:30:00+11:00
318.40625,0.286,1068767100.0,2003-11-14 10:45:00+11:00
318.416667,0.306,1068768000.0,2003-11-14 11:00:00+11:00
318.427083,0.336,1068768900.0,2003-11-14 11:15:00+11:00
318.4375,0.326,1068769800.0,2003-11-14 11:30:00+11:00
318.447917,0.366,1068770700.0,2003-11-14 11:45:00+11:00
318.458333,0.386,1068771600.0,2003-11-14 12:00:00+11:00
318.46875,0.346,1068772500.0,2003-11-14 12:15:00+11:00
318.479167,0.326,1068773400.0,2003-11-14 12:30:00+11:00
318.489583,0.336,1068774300.0,2003-11-14 12:45:00+11:00
318.5,0.316,1068775200.0,2003-11-14 13:00:00+11:00
318.510417,0.276,1068776100.0,2003-11-14 13:15:00+11:00
318.520833,0.216,1068777000.0,2003-11-14 13:30:00+11:00
318.53125,0.186,1068777900.0,2003-11-14 13:45:00+11:00
318.541667,0.136,1068778800.0,2003-11-14 14:00:00+11:00
318.552083,0.096,1068779700.0,2003-11-14 14:15:00+11:00
318.5625,0.016,1068780600.0,2003-11-14 14:30:00+11:00
318.572917,-0.044,1068781500.0,2003-11-14 14:45:00+11:00
318.583333,-0.104,1068782400.0,2003-11-14 15:00:00+11:00
318.59375,-0.164,1068783300.0,2003-11-14 15:15:00+11:00
318.604167,-0.214,1068784200.0,2003-11-14 15:30:00+11:00
318.614583,-0.284,1068785100.0,2003-11-14 15:45:00+11:00
318.625,-0.354,1068786000.0,2003-11-14 16:00:00+11:00
318.635417,-0.414,1068786900.0,2003-11-14 16:15:00+11:00
318.645833,-0.454,1068787800.0,2003-11-14 16:30:00+11:00
318.65625,-0.504,1068788700.0,2003-11-14 16:45:00+11:00
318.666667,-0.584,1068789600.0,2003-11-14 17:00:00+11:00
318.677083,-0.624,1068790500.0,2003-11-14 17:15:00+11:00
318.6875,-0.644,1068791400.0,2003-11-14 17:30:00+11:00
318.697917,-0.694,1068792300.0,2003-11-14 17:45:00+11:00
318.708333,-0.714,1068793200.0,2003-11-14 18:00:00+11:00
318.71875,-0.744,1068794100.0,2003-11-14 18:15:00+11:00
318.729167,-0.774,1068795000.0,2003-11-14 18:30:00+11:00
318.739583,-0.764,1068795900.0,2003-11-14 18:45:00+11:00
318.75,-0.764,1068796800.0,2003-11-14 19:00:00+11:00
318.760417,-0.774,1068797700.0,2003-11-14 19:15:00+11:00
318.770833,-0.804,1068798600.0,2003-11-14 19:30:00+11:00
318.78125,-0.744,1068799500.0,2003-11-14 19:45:00+11:00
318.791667,-0.734,1068800400.0,2003-11-14 20:00:00+11:00
318.802083,-0.704,1068801300.0,2003-11-14 20:15:00+11:00
318.8125,-0.694,1068802200.0,2003-11-14 20:30:00+11:00
318.822917,-0.674,1068803100.0,2003-11-14 20:45:00+11:00
318.833333,-0.614,1068804000.0,2003-11-14 21:00:00+11:00
318.84375,-0.574,1068804900.0,2003-11-14 21:15:00+11:00
318.854167,-0.534,1068805800.0,2003-11-14 21:30:00+11:00
318.864583,-0.534,1068806700.0,2003-11-14 21:45:00+11:00
318.875,-0.454,1068807600.0,2003-11-14 22:00:00+11:00
318.885417,-0.414,1068808500.0,2003-11-14 22:15:00+11:00
318.895833,-0.394,1068809400.0,2003-11-14 22:30:00+11:00
318.90625,-0.344,1068810300.0,2003-11-14 22:45:00+11:00
318.916667,-0.314,1068811200.0,2003-11-14 23:00:00+11:00
318.927083,-0.284,1068812100.0,2003-11-14 23:15:00+11:00
318.9375,-0.224,1068813000.0,2003-11-14 23:30:00+11:00
318.947917,-0.204,1068813900.0,2003-11-14 23:45:00+11:00
318.958333,-0.174,1068814800.0,2003-11-15 00:00:00+11:00
318.96875,-0.164,1068815700.0,2003-11-15 00:15:00+11:00
318.979167,-0.114,1068816600.0,2003-11-15 00:30:00+11:00
318.989583,-0.124,1068817500.0,2003-11-15 00:45:00+11:00
319.0,-0.114,1068818400.0,2003-11-15 01:00:00+11:00
319.010417,-0.104,1068819300.0,2003-11-15 01:15:00+11:00
319.020833,-0.124,1068820200.0,2003-11-15 01:30:00+11:00
319.03125,-0.104,1068821100.0,2003-11-15 01:45:00+11:00
319.041667,-0.114,1068822000.0,2003-11-15 02:00:00+11:00
319.052083,-0.134,1068822900.0,2003-11-15 02:15:00+11:00
319.0625,-0.174,1068823800.0,2003-11-15 02:30:00+11:00
319.072917,-0.174,1068824700.0,2003-11-15 02:45:00+11:00
319.083333,-0.194,1068825600.0,2003-11-15 03:00:00+11:00
319.09375,-0.214,1068826500.0,2003-11-15 03:15:00+11:00
319.104167,-0.244,1068827400.0,2003-11-15 03:30:00+11:00
319.114583,-0.284,1068828300.0,2003-11-15 03:45:00+11:00
319.125,-0.294,1068829200.0,2003-11-15 04:00:00+11:00
319.135417,-0.324,1068830100.0,2003-11-15 04:15:00+11:00
319.145833,-0.354,1068831000.0,2003-11-15 04:30:00+11:00
319.15625,-0.364,1068831900.0,2003-11-15 04:45:00+11:00
319.166667,-0.374,1068832800.0,2003-11-15 05:00:00+11:00
319.177083,-0.424,1068833700.0,2003-11-15 05:15:00+11:00
319.1875,-0.404,1068834600.0,2003-11-15 05:30:00+11:00
319.197917,-0.424,1068835500.0,2003-11-15 05:45:00+11:00
319.208333,-0.424,1068836400.0,2003-11-15 06:00:00+11:00
319.21875,-0.434,1068837300.0,2003-11-15 06:15:00+11:00
319.229167,-0.424,1068838200.0,2003-11-15 06:30:00+11:00
319.239583,-0.404,1068839100.0,2003-11-15 06:45:00+11:00
319.25,-0.414,1068840000.0,2003-11-15 07:00:00+11:00
319.260417,-0.384,1068840900.0,2003-11-15 07:15:00+11:00
319.270833,-0.384,1068841800.0,2003-11-15 07:30:00+11:00
319.28125,-0.344,1068842700.0,2003-11-15 07:45:00+11:00
319.291667,-0.294,1068843600.0,2003-11-15 08:00:00+11:00
319.302083,-0.274,1068844500.0,2003-11-15 08:15:00+11:00
319.3125,-0.244,1068845400.0,2003-11-15 08:30:00+11:00
319.322917,-0.174,1068846300.0,2003-11-15 08:45:00+11:00
319.333333,-0.124,1068847200.0,2003-11-15 09:00:00+11:00
319.34375,-0.114,1068848100.0,2003-11-15 09:15:00+11:00
319.354167,-0.044,1068849000.0,2003-11-15 09:30:00+11:00
319.364583,0.016,1068849900.0,2003-11-15 09:45:00+11:00
319.375,0.056,1068850800.0,2003-11-15 10:00:00+11:00
319.385417,0.096,1068851700.0,2003-11-15 10:15:00+11:00
319.395833,0.126,1068852600.0,2003-11-15 10:30:00+11:00
319.40625,0.186,1068853500.0,2003-11-15 10:45:00+11:00
319.416667,0.226,1068854400.0,2003-11-15 11:00:00+11:00
319.427083,0.246,1068855300.0,2003-11-15 11:15:00+11:00
319.4375,0.276,1068856200.0,2003-11-15 11:30:00+11:00
319.447917,0.296,1068857100.0,2003-11-15 11:45:00+11:00
319.458333,0.356,1068858000.0,2003-11-15 12:00:00+11:00
319.46875,0.346,1068858900.0,2003-11-15 12:15:00+11:00
319.479167,0.366,1068859800.0,2003-11-15 12:30:00+11:00
319.489583,0.376,1068860700.0,2003-11-15 12:45:00+11:00
319.5,0.376,1068861600.0,2003-11-15 13:00:00+11:00
319.510417,0.356,1068862500.0,2003-11-15 13:15:00+11:00
319.520833,0.376,1068863400.0,2003-11-15 13:30:00+11:00
319.53125,0.316,1068864300.0,2003-11-15 13:45:00+11:00
319.541667,0.306,1068865200.0,2003-11-15 14:00:00+11:00
319.552083,0.266,1068866100.0,2003-11-15 14:15:00+11:00
319.5625,0.246,1068867000.0,2003-11-15 14:30:00+11:00
319.572917,0.206,1068867900.0,2003-11-15 14:45:00+11:00
319.583333,0.116,1068868800.0,2003-11-15 15:00:00+11:00
319.59375,0.086,1068869700.0,2003-11-15 15:15:00+11:00
319.604167,0.036,1068870600.0,2003-11-15 15:30:00+11:00
319.614583,0.006,1068871500.0,2003-11-15 15:45:00+11:00
319.625,-0.094,1068872400.0,2003-11-15 16:00:00+11:00
319.635417,-0.114,1068873300.0,2003-11-15 16:15:00+11:00
319.645833,-0.184,1068874200.0,2003-11-15 16:30:00+11:00
319.65625,-0.234,1068875100.0,2003-11-15 16:45:00+11:00
319.666667,-0.284,1068876000.0,2003-11-15 17:00:00+11:00
319.677083,-0.344,1068876900.0,2003-11-15 17:15:00+11:00
319.6875,-0.384,1068877800.0,2003-11-15 17:30:00+11:00
319.697917,-0.434,1068878700.0,2003-11-15 17:45:00+11:00
319.708333,-0.474,1068879600.0,2003-11-15 18:00:00+11:00
319.71875,-0.504,1068880500.0,2003-11-15 18:15:00+11:00
319.729167,-0.554,1068881400.0,2003-11-15 18:30:00+11:00
319.739583,-0.564,1068882300.0,2003-11-15 18:45:00+11:00
319.75,-0.614,1068883200.0,2003-11-15 19:00:00+11:00
319.760417,-0.614,1068884100.0,2003-11-15 19:15:00+11:00
319.770833,-0.624,1068885000.0,2003-11-15 19:30:00+11:00
319.78125,-0.634,1068885900.0,2003-11-15 19:45:00+11:00
319.791667,-0.634,1068886800.0,2003-11-15 20:00:00+11:00
319.802083,-0.644,1068887700.0,2003-11-15 20:15:00+11:00
319.8125,-0.624,1068888600.0,2003-11-15 20:30:00+11:00
319.822917,-0.614,1068889500.0,2003-11-15 20:45:00+11:00
319.833333,-0.584,1068890400.0,2003-11-15 21:00:00+11:00
319.84375,-0.574,1068891300.0,2003-11-15 21:15:00+11:00
319.854167,-0.534,1068892200.0,2003-11-15 21:30:00+11:00
319.864583,-0.524,1068893100.0,2003-11-15 21:45:00+11:00
319.875,-0.494,1068894000.0,2003-11-15 22:00:00+11:00
319.885417,-0.404,1068894900.0,2003-11-15 22:15:00+11:00
319.895833,-0.414,1068895800.0,2003-11-15 22:30:00+11:00
319.90625,-0.404,1068896700.0,2003-11-15 22:45:00+11:00
319.916667,-0.334,1068897600.0,2003-11-15 23:00:00+11:00
319.927083,-0.274,1068898500.0,2003-11-15 23:15:00+11:00
319.9375,-0.274,1068899400.0,2003-11-15 23:30:00+11:00
319.947917,-0.234,1068900300.0,2003-11-15 23:45:00+11:00
319.958333,-0.194,1068901200.0,2003-11-16 00:00:00+11:00
319.96875,-0.174,1068902100.0,2003-11-16 00:15:00+11:00
319.979167,-0.114,1068903000.0,2003-11-16 00:30:00+11:00
319.989583,-0.104,1068903900.0,2003-11-16 00:45:00+11:00
320.0,-0.124,1068904800.0,2003-11-16 01:00:00+11:00
320.010417,-0.094,1068905700.0,2003-11-16 01:15:00+11:00
320.020833,-0.034,1068906600.0,2003-11-16 01:30:00+11:00
320.03125,-0.054,1068907500.0,2003-11-16 01:45:00+11:00
320.041667,-0.064,1068908400.0,2003-11-16 02:00:00+11:00
320.052083,-0.064,1068909300.0,2003-11-16 02:15:00+11:00
320.0625,-0.054,1068910200.0,2003-11-16 02:30:00+11:00
320.072917,-0.054,1068911100.0,2003-11-16 02:45:00+11:00
320.083333,-0.044,1068912000.0,2003-11-16 03:00:00+11:00
320.09375,-0.094,1068912900.0,2003-11-16 03:15:00+11:00
320.104167,-0.144,1068913800.0,2003-11-16 03:30:00+11:00
320.114583,-0.094,1068914700.0,2003-11-16 03:45:00+11:00
320.125,-0.134,1068915600.0,2003-11-16 04:00:00+11:00
320.135417,-0.174,1068916500.0,2003-11-16 04:15:00+11:00
320.145833,-0.214,1068917400.0,2003-11-16 04:30:00+11:00
320.15625,-0.234,1068918300.0,2003-11-16 04:45:00+11:00
320.166667,-0.194,1068919200.0,2003-11-16 05:00:00+11:00
320.177083,-0.274,1068920100.0,2003-11-16 05:15:00+11:00
320.1875,-0.294,1068921000.0,2003-11-16 05:30:00+11:00
320.197917,-0.304,1068921900.0,2003-11-16 05:45:00+11:00
320.208333,-0.294,1068922800.0,2003-11-16 06:00:00+11:00
320.21875,-0.344,1068923700.0,2003-11-16 06:15:00+11:00
320.229167,-0.324,1068924600.0,2003-11-16 06:30:00+11:00
320.239583,-0.354,1068925500.0,2003-11-16 06:45:00+11:00
320.25,-0.364,1068926400.0,2003-11-16 07:00:00+11:00
320.260417,-0.354,1068927300.0,2003-11-16 07:15:00+11:00
320.270833,-0.364,1068928200.0,2003-11-16 07:30:00+11:00
320.28125,-0.304,1068929100.0,2003-11-16 07:45:00+11:00
320.291667,-0.334,1068930000.0,2003-11-16 08:00:00+11:00
320.302083,-0.304,1068930900.0,2003-11-16 08:15:00+11:00
320.3125,-0.274,1068931800.0,2003-11-16 08:30:00+11:00
320.322917,-0.294,1068932700.0,2003-11-16 08:45:00+11:00
320.333333,-0.194,1068933600.0,2003-11-16 09:00:00+11:00
320.34375,-0.194,1068934500.0,2003-11-16 09:15:00+11:00
320.354167,-0.174,1068935400.0,2003-11-16 09:30:00+11:00
320.364583,-0.134,1068936300.0,2003-11-16 09:45:00+11:00
320.375,-0.044,1068937200.0,2003-11-16 10:00:00+11:00
320.385417,-0.024,1068938100.0,2003-11-16 10:15:00+11:00
320.395833,0.016,1068939000.0,2003-11-16 10:30:00+11:00
320.40625,0.026,1068939900.0,2003-11-16 10:45:00+11:00
320.416667,0.066,1068940800.0,2003-11-16 11:00:00+11:00
320.427083,0.146,1068941700.0,2003-11-16 11:15:00+11:00
320.4375,0.156,1068942600.0,2003-11-16 11:30:00+11:00
320.447917,0.206,1068943500.0,2003-11-16 11:45:00+11:00
320.458333,0.216,1068944400.0,2003-11-16 12:00:00+11:00
320.46875,0.266,1068945300.0,2003-11-16 12:15:00+11:00
320.479167,0.316,1068946200.0,2003-11-16 12:30:00+11:00
320.489583,0.316,1068947100.0,2003-11-16 12:45:00+11:00
320.5,0.306,1068948000.0,2003-11-16 13:00:00+11:00
320.510417,0.346,1068948900.0,2003-11-16 13:15:00+11:00
320.520833,0.356,1068949800.0,2003-11-16 13:30:00+11:00
320.53125,0.366,1068950700.0,2003-11-16 13:45:00+11:00
320.541667,0.356,1068951600.0,2003-11-16 14:00:00+11:00
320.552083,0.296,1068952500.0,2003-11-16 14:15:00+11:00
320.5625,0.306,1068953400.0,2003-11-16 14:30:00+11:00
320.572917,0.316,1068954300.0,2003-11-16 14:45:00+11:00
320.583333,0.226,1068955200.0,2003-11-16 15:00:00+11:00
320.59375,0.206,1068956100.0,2003-11-16 15:15:00+11:00
320.604167,0.166,1068957000.0,2003-11-16 15:30:00+11:00
320.614583,0.126,1068957900.0,2003-11-16 15:45:00+11:00
320.625,0.076,1068958800.0,2003-11-16 16:00:00+11:00
320.635417,0.066,1068959700.0,2003-11-16 16:15:00+11:00
320.645833,-0.074,1068960600.0,2003-11-16 16:30:00+11:00
320.65625,-0.074,1068961500.0,2003-11-16 16:45:00+11:00
320.666667,-0.134,1068962400.0,2003-11-16 17:00:00+11:00
320.677083,-0.164,1068963300.0,2003-11-16 17:15:00+11:00
320.6875,-0.244,1068964200.0,2003-11-16 17:30:00+11:00
320.697917,-0.324,1068965100.0,2003-11-16 17:45:00+11:00
320.708333,-0.324,1068966000.0,2003-11-16 18:00:00+11:00
320.71875,-0.454,1068966900.0,2003-11-16 18:15:00+11:00
320.729167,-0.434,1068967800.0,2003-11-16 18:30:00+11:00
320.739583,-0.544,1068968700.0,2003-11-16 18:45:00+11:00
320.75,-0.574,1068969600.0,2003-11-16 19:00:00+11:00
320.760417,-0.534,1068970500.0,2003-11-16 19:15:00+11:00
320.770833,-0.684,1068971400.0,2003-11-16 19:30:00+11:00
320.78125,-0.664,1068972300.0,2003-11-16 19:45:00+11:00
320.791667,-0.704,1068973200.0,2003-11-16 20:00:00+11:00
320.802083,-0.664,1068974100.0,2003-11-16 20:15:00+11:00
320.8125,-0.704,1068975000.0,2003-11-16 20:30:00+11:00
320.822917,-0.754,1068975900.0,2003-11-16 20:45:00+11:00
320.833333,-0.744,1068976800.0,2003-11-16 21:00:00+11:00
320.84375,-0.734,1068977700.0,2003-11-16 21:15:00+11:00
320.854167,-0.714,1068978600.0,2003-11-16 21:30:00+11:00
320.864583,-0.694,1068979500.0,2003-11-16 21:45:00+11:00
320.875,-0.704,1068980400.0,2003-11-16 22:00:00+11:00
320.885417,-0.714,1068981300.0,2003-11-16 22:15:00+11:00
320.895833,-0.604,1068982200.0,2003-11-16 22:30:00+11:00
320.90625,-0.644,1068983100.0,2003-11-16 22:45:00+11:00
320.916667,-0.564,1068984000.0,2003-11-16 23:00:00+11:00
320.927083,-0.564,1068984900.0,2003-11-16 23:15:00+11:00
320.9375,-0.584,1068985800.0,2003-11-16 23:30:00+11:00
320.947917,-0.444,1068986700.0,2003-11-16 23:45:00+11:00
320.958333,-0.424,1068987600.0,2003-11-17 00:00:00+11:00
320.96875,-0.414,1068988500.0,2003-11-17 00:15:00+11:00
320.979167,-0.424,1068989400.0,2003-11-17 00:30:00+11:00
320.989583,-0.304,1068990300.0,2003-11-17 00:45:00+11:00
321.0,-0.284,1068991200.0,2003-11-17 01:00:00+11:00
321.010417,-0.294,1068992100.0,2003-11-17 01:15:00+11:00
321.020833,-0.214,1068993000.0,2003-11-17 01:30:00+11:00
321.03125,-0.234,1068993900.0,2003-11-17 01:45:00+11:00
321.041667,-0.184,1068994800.0,2003-11-17 02:00:00+11:00
321.052083,-0.184,1068995700.0,2003-11-17 02:15:00+11:00
321.0625,-0.134,1068996600.0,2003-11-17 02:30:00+11:00
321.072917,-0.144,1068997500.0,2003-11-17 02:45:00+11:00
321.083333,-0.174,1068998400.0,2003-11-17 03:00:00+11:00
321.09375,-0.124,1068999300.0,2003-11-17 03:15:00+11:00
321.104167,-0.144,1069000200.0,2003-11-17 03:30:00+11:00
321.114583,-0.154,1069001100.0,2003-11-17 03:45:00+11:00
321.125,-0.174,1069002000.0,2003-11-17 04:00:00+11:00
321.135417,-0.194,1069002900.0,2003-11-17 04:15:00+11:00
321.145833,-0.174,1069003800.0,2003-11-17 04:30:00+11:00
321.15625,-0.214,1069004700.0,2003-11-17 04:45:00+11:00
321.166667,-0.244,1069005600.0,2003-11-17 05:00:00+11:00
321.177083,-0.274,1069006500.0,2003-11-17 05:15:00+11:00
321.1875,-0.274,1069007400.0,2003-11-17 05:30:00+11:00
321.197917,-0.324,1069008300.0,2003-11-17 05:45:00+11:00
321.208333,-0.304,1069009200.0,2003-11-17 06:00:00+11:00
321.21875,-0.364,1069010100.0,2003-11-17 06:15:00+11:00
321.229167,-0.404,1069011000.0,2003-11-17 06:30:00+11:00
321.239583,-0.374,1069011900.0,2003-11-17 06:45:00+11:00
321.25,-0.424,1069012800.0,2003-11-17 07:00:00+11:00
321.260417,-0.434,1069013700.0,2003-11-17 07:15:00+11:00
321.270833,-0.474,1069014600.0,2003-11-17 07:30:00+11:00
321.28125,-0.464,1069015500.0,2003-11-17 07:45:00+11:00
321.291667,-0.474,1069016400.0,2003-11-17 08:00:00+11:00
321.302083,-0.464,1069017300.0,2003-11-17 08:15:00+11:00
321.3125,-0.474,1069018200.0,2003-11-17 08:30:00+11:00
321.322917,-0.474,1069019100.0,2003-11-17 08:45:00+11:00
321.333333,-0.484,1069020000.0,2003-11-17 09:00:00+11:00
321.34375,-0.424,1069020900.0,2003-11-17 09:15:00+11:00
321.354167,-0.414,1069021800.0,2003-11-17 09:30:00+11:00
321.364583,-0.414,1069022700.0,2003-11-17 09:45:00+11:00
321.375,-0.384,1069023600.0,2003-11-17 10:00:00+11:00
321.385417,-0.334,1069024500.0,2003-11-17 10:15:00+11:00
321.395833,-0.324,1069025400.0,2003-11-17 10:30:00+11:00
321.40625,-0.284,1069026300.0,2003-11-17 10:45:00+11:00
321.416667,-0.244,1069027200.0,2003-11-17 11:00:00+11:00
321.427083,-0.234,1069028100.0,2003-11-17 11:15:00+11:00
321.4375,-0.154,1069029000.0,2003-11-17 11:30:00+11:00
321.447917,-0.144,1069029900.0,2003-11-17 11:45:00+11:00
321.458333,-0.114,1069030800.0,2003-11-17 12:00:00+11:00
321.46875,-0.054,1069031700.0,2003-11-17 12:15:00+11:00
321.479167,-0.044,1069032600.0,2003-11-17 12:30:00+11:00
321.489583,-0.004,1069033500.0,2003-11-17 12:45:00+11:00
321.5,0.036,1069034400.0,2003-11-17 13:00:00+11:00
321.510417,0.036,1069035300.0,2003-11-17 13:15:00+11:00
321.520833,0.066,1069036200.0,2003-11-17 13:30:00+11:00
321.53125,0.106,1069037100.0,2003-11-17 13:45:00+11:00
321.541667,0.116,1069038000.0,2003-11-17 14:00:00+11:00
321.552083,0.106,1069038900.0,2003-11-17 14:15:00+11:00
321.5625,0.126,1069039800.0,2003-11-17 14:30:00+11:00
321.572917,0.106,1069040700.0,2003-11-17 14:45:00+11:00
321.583333,0.116,1069041600.0,2003-11-17 15:00:00+11:00
321.59375,0.106,1069042500.0,2003-11-17 15:15:00+11:00
321.604167,0.046,1069043400.0,2003-11-17 15:30:00+11:00
321.614583,0.056,1069044300.0,2003-11-17 15:45:00+11:00
321.625,0.036,1069045200.0,2003-11-17 16:00:00+11:00
321.635417,0.006,1069046100.0,2003-11-17 16:15:00+11:00
321.645833,-0.064,1069047000.0,2003-11-17 16:30:00+11:00
321.65625,-0.104,1069047900.0,2003-11-17 16:45:00+11:00
321.666667,-0.114,1069048800.0,2003-11-17 17:00:00+11:00
321.677083,-0.184,1069049700.0,2003-11-17 17:15:00+11:00
321.6875,-0.214,1069050600.0,2003-11-17 17:30:00+11:00
321.697917,-0.304,1069051500.0,2003-11-17 17:45:00+11:00
321.708333,-0.364,1069052400.0,2003-11-17 18:00:00+11:00
321.71875,-0.374,1069053300.0,2003-11-17 18:15:00+11:00
321.729167,-0.434,1069054200.0,2003-11-17 18:30:00+11:00
321.739583,-0.534,1069055100.0,2003-11-17 18:45:00+11:00
321.75,-0.574,1069056000.0,2003-11-17 19:00:00+11:00
321.760417,-0.604,1069056900.0,2003-11-17 19:15:00+11:00
321.770833,-0.664,1069057800.0,2003-11-17 19:30:00+11:00
321.78125,-0.674,1069058700.0,2003-11-17 19:45:00+11:00
321.791667,-0.744,1069059600.0,2003-11-17 20:00:00+11:00
321.802083,-0.824,1069060500.0,2003-11-17 20:15:00+11:00
321.8125,-0.784,1069061400.0,2003-11-17 20:30:00+11:00
321.822917,-0.834,1069062300.0,2003-11-17 20:45:00+11:00
321.833333,-0.884,1069063200.0,2003-11-17 21:00:00+11:00
321.84375,-0.894,1069064100.0,2003-11-17 21:15:00+11:00
321.854167,-0.884,1069065000.0,2003-11-17 21:30:00+11:00
321.864583,-0.884,1069065900.0,2003-11-17 21:45:00+11:00
321.875,-0.914,1069066800.0,2003-11-17 22:00:00+11:00
321.885417,-0.904,1069067700.0,2003-11-17 22:15:00+11:00
321.895833,-0.864,1069068600.0,2003-11-17 22:30:00+11:00
321.90625,-0.854,1069069500.0,2003-11-17 22:45:00+11:00
321.916667,-0.824,1069070400.0,2003-11-17 23:00:00+11:00
321.927083,-0.834,1069071300.0,2003-11-17 23:15:00+11:00
321.9375,-0.784,1069072200.0,2003-11-17 23:30:00+11:00
321.947917,-0.724,1069073100.0,2003-11-17 23:45:00+11:00
321.958333,-0.704,1069074000.0,2003-11-18 00:00:00+11:00
321.96875,-0.674,1069074900.0,2003-11-18 00:15:00+11:00
321.979167,-0.644,1069075800.0,2003-11-18 00:30:00+11:00
321.989583,-0.564,1069076700.0,2003-11-18 00:45:00+11:00
322.0,-0.524,1069077600.0,2003-11-18 01:00:00+11:00
322.010417,-0.484,1069078500.0,2003-11-18 01:15:00+11:00
322.020833,-0.454,1069079400.0,2003-11-18 01:30:00+11:00
322.03125,-0.454,1069080300.0,2003-11-18 01:45:00+11:00
322.041667,-0.344,1069081200.0,2003-11-18 02:00:00+11:00
322.052083,-0.314,1069082100.0,2003-11-18 02:15:00+11:00
322.0625,-0.304,1069083000.0,2003-11-18 02:30:00+11:00
322.072917,-0.274,1069083900.0,2003-11-18 02:45:00+11:00
322.083333,-0.234,1069084800.0,2003-11-18 03:00:00+11:00
322.09375,-0.194,1069085700.0,2003-11-18 03:15:00+11:00
322.104167,-0.194,1069086600.0,2003-11-18 03:30:00+11:00
322.114583,-0.184,1069087500.0,2003-11-18 03:45:00+11:00
322.125,-0.194,1069088400.0,2003-11-18 04:00:00+11:00
322.135417,-0.164,1069089300.0,2003-11-18 04:15:00+11:00
322.145833,-0.134,1069090200.0,2003-11-18 04:30:00+11:00
322.15625,-0.204,1069091100.0,2003-11-18 04:45:00+11:00
322.166667,-0.204,1069092000.0,2003-11-18 05:00:00+11:00
322.177083,-0.204,1069092900.0,2003-11-18 05:15:00+11:00
322.1875,-0.184,1069093800.0,2003-11-18 05:30:00+11:00
322.197917,-0.254,1069094700.0,2003-11-18 05:45:00+11:00
322.208333,-0.274,1069095600.0,2003-11-18 06:00:00+11:00
322.21875,-0.294,1069096500.0,2003-11-18 06:15:00+11:00
322.229167,-0.334,1069097400.0,2003-11-18 06:30:00+11:00
322.239583,-0.354,1069098300.0,2003-11-18 06:45:00+11:00
322.25,-0.384,1069099200.0,2003-11-18 07:00:00+11:00
322.260417,-0.414,1069100100.0,2003-11-18 07:15:00+11:00
322.270833,-0.464,1069101000.0,2003-11-18 07:30:00+11:00
322.28125,-0.474,1069101900.0,2003-11-18 07:45:00+11:00
322.291667,-0.474,1069102800.0,2003-11-18 08:00:00+11:00
322.302083,-0.544,1069103700.0,2003-11-18 08:15:00+11:00
322.3125,-0.514,1069104600.0,2003-11-18 08:30:00+11:00
322.322917,-0.544,1069105500.0,2003-11-18 08:45:00+11:00
322.333333,-0.574,1069106400.0,2003-11-18 09:00:00+11:00
322.34375,-0.544,1069107300.0,2003-11-18 09:15:00+11:00
322.354167,-0.554,1069108200.0,2003-11-18 09:30:00+11:00
322.364583,-0.554,1069109100.0,2003-11-18 09:45:00+11:00
322.375,-0.554,1069110000.0,2003-11-18 10:00:00+11:00
322.385417,-0.544,1069110900.0,2003-11-18 10:15:00+11:00
322.395833,-0.534,1069111800.0,2003-11-18 10:30:00+11:00
322.40625,-0.494,1069112700.0,2003-11-18 10:45:00+11:00
322.416667,-0.474,1069113600.0,2003-11-18 11:00:00+11:00
322.427083,-0.474,1069114500.0,2003-11-18 11:15:00+11:00
322.4375,-0.424,1069115400.0,2003-11-18 11:30:00+11:00
322.447917,-0.384,1069116300.0,2003-11-18 11:45:00+11:00
322.458333,-0.324,1069117200.0,2003-11-18 12:00:00+11:00
322.46875,-0.314,1069118100.0,2003-11-18 12:15:00+11:00
322.479167,-0.274,1069119000.0,2003-11-18 12:30:00+11:00
322.489583,-0.244,1069119900.0,2003-11-18 12:45:00+11:00
322.5,-0.164,1069120800.0,2003-11-18 13:00:00+11:00
322.510417,-0.104,1069121700.0,2003-11-18 13:15:00+11:00
322.520833,-0.104,1069122600.0,2003-11-18 13:30:00+11:00
322.53125,-0.094,1069123500.0,2003-11-18 13:45:00+11:00
322.541667,-0.034,1069124400.0,2003-11-18 14:00:00+11:00
322.552083,0.016,1069125300.0,2003-11-18 14:15:00+11:00
322.5625,0.066,1069126200.0,2003-11-18 14:30:00+11:00
322.572917,0.056,1069127100.0,2003-11-18 14:45:00+11:00
322.583333,0.046,1069128000.0,2003-11-18 15:00:00+11:00
322.59375,0.106,1069128900.0,2003-11-18 15:15:00+11:00
322.604167,0.136,1069129800.0,2003-11-18 15:30:00+11:00
322.614583,0.126,1069130700.0,2003-11-18 15:45:00+11:00
322.625,0.106,1069131600.0,2003-11-18 16:00:00+11:00
322.635417,0.086,1069132500.0,2003-11-18 16:15:00+11:00
322.645833,0.116,1069133400.0,2003-11-18 16:30:00+11:00
322.65625,0.076,1069134300.0,2003-11-18 16:45:00+11:00
322.666667,0.056,1069135200.0,2003-11-18 17:00:00+11:00
322.677083,0.016,1069136100.0,2003-11-18 17:15:00+11:00
322.6875,-0.014,1069137000.0,2003-11-18 17:30:00+11:00
322.697917,-0.044,1069137900.0,2003-11-18 17:45:00+11:00
322.708333,-0.094,1069138800.0,2003-11-18 18:00:00+11:00
322.71875,-0.154,1069139700.0,2003-11-18 18:15:00+11:00
322.729167,-0.194,1069140600.0,2003-11-18 18:30:00+11:00
322.739583,-0.254,1069141500.0,2003-11-18 18:45:00+11:00
322.75,-0.294,1069142400.0,2003-11-18 19:00:00+11:00
322.760417,-0.364,1069143300.0,2003-11-18 19:15:00+11:00
322.770833,-0.414,1069144200.0,2003-11-18 19:30:00+11:00
322.78125,-0.474,1069145100.0,2003-11-18 19:45:00+11:00
322.791667,-0.514,1069146000.0,2003-11-18 20:00:00+11:00
322.802083,-0.594,1069146900.0,2003-11-18 20:15:00+11:00
322.8125,-0.664,1069147800.0,2003-11-18 20:30:00+11:00
322.822917,-0.674,1069148700.0,2003-11-18 20:45:00+11:00
322.833333,-0.744,1069149600.0,2003-11-18 21:00:00+11:00
322.84375,-0.794,1069150500.0,2003-11-18 21:15:00+11:00
322.854167,-0.794,1069151400.0,2003-11-18 21:30:00+11:00
322.864583,-0.834,1069152300.0,2003-11-18 21:45:00+11:00
322.875,-0.844,1069153200.0,2003-11-18 22:00:00+11:00
322.885417,-0.874,1069154100.0,2003-11-18 22:15:00+11:00
322.895833,-0.864,1069155000.0,2003-11-18 22:30:00+11:00
322.90625,-0.864,1069155900.0,2003-11-18 22:45:00+11:00
322.916667,-0.864,1069156800.0,2003-11-18 23:00:00+11:00
322.927083,-0.864,1069157700.0,2003-11-18 23:15:00+11:00
322.9375,-0.854,1069158600.0,2003-11-18 23:30:00+11:00
322.947917,-0.814,1069159500.0,2003-11-18 23:45:00+11:00
322.958333,-0.764,1069160400.0,2003-11-19 00:00:00+11:00
322.96875,-0.744,1069161300.0,2003-11-19 00:15:00+11:00
322.979167,-0.744,1069162200.0,2003-11-19 00:30:00+11:00
322.989583,-0.664,1069163100.0,2003-11-19 00:45:00+11:00
323.0,-0.594,1069164000.0,2003-11-19 01:00:00+11:00
323.010417,-0.554,1069164900.0,2003-11-19 01:15:00+11:00
323.020833,-0.504,1069165800.0,2003-11-19 01:30:00+11:00
323.03125,-0.494,1069166700.0,2003-11-19 01:45:00+11:00
323.041667,-0.424,1069167600.0,2003-11-19 02:00:00+11:00
323.052083,-0.324,1069168500.0,2003-11-19 02:15:00+11:00
323.0625,-0.304,1069169400.0,2003-11-19 02:30:00+11:00
323.072917,-0.264,1069170300.0,2003-11-19 02:45:00+11:00
323.083333,-0.204,1069171200.0,2003-11-19 03:00:00+11:00
323.09375,-0.154,1069172100.0,2003-11-19 03:15:00+11:00
323.104167,-0.114,1069173000.0,2003-11-19 03:30:00+11:00
323.114583,-0.084,1069173900.0,2003-11-19 03:45:00+11:00
323.125,-0.084,1069174800.0,2003-11-19 04:00:00+11:00
323.135417,-0.044,1069175700.0,2003-11-19 04:15:00+11:00
323.145833,0.006,1069176600.0,2003-11-19 04:30:00+11:00
323.15625,-0.014,1069177500.0,2003-11-19 04:45:00+11:00
323.166667,0.006,1069178400.0,2003-11-19 05:00:00+11:00
323.177083,-0.024,1069179300.0,2003-11-19 05:15:00+11:00
323.1875,-0.004,1069180200.0,2003-11-19 05:30:00+11:00
323.197917,0.016,1069181100.0,2003-11-19 05:45:00+11:00
323.208333,-0.054,1069182000.0,2003-11-19 06:00:00+11:00
323.21875,-0.064,1069182900.0,2003-11-19 06:15:00+11:00
323.229167,-0.084,1069183800.0,2003-11-19 06:30:00+11:00
323.239583,-0.104,1069184700.0,2003-11-19 06:45:00+11:00
323.25,-0.134,1069185600.0,2003-11-19 07:00:00+11:00
323.260417,-0.204,1069186500.0,2003-11-19 07:15:00+11:00
323.270833,-0.234,1069187400.0,2003-11-19 07:30:00+11:00
323.28125,-0.274,1069188300.0,2003-11-19 07:45:00+11:00
323.291667,-0.274,1069189200.0,2003-11-19 08:00:00+11:00
323.302083,-0.314,1069190100.0,2003-11-19 08:15:00+11:00
323.3125,-0.404,1069191000.0,2003-11-19 08:30:00+11:00
323.322917,-0.414,1069191900.0,2003-11-19 08:45:00+11:00
323.333333,-0.394,1069192800.0,2003-11-19 09:00:00+11:00
323.34375,-0.474,1069193700.0,2003-11-19 09:15:00+11:00
323.354167,-0.504,1069194600.0,2003-11-19 09:30:00+11:00
323.364583,-0.514,1069195500.0,2003-11-19 09:45:00+11:00
323.375,-0.534,1069196400.0,2003-11-19 10:00:00+11:00
323.385417,-0.524,1069197300.0,2003-11-19 10:15:00+11:00
323.395833,-0.544,1069198200.0,2003-11-19 10:30:00+11:00
323.40625,-0.594,1069199100.0,2003-11-19 10:45:00+11:00
323.416667,-0.554,1069200000.0,2003-11-19 11:00:00+11:00
323.427083,-0.534,1069200900.0,2003-11-19 11:15:00+11:00
323.4375,-0.534,1069201800.0,2003-11-19 11:30:00+11:00
323.447917,-0.504,1069202700.0,2003-11-19 11:45:00+11:00
323.458333,-0.484,1069203600.0,2003-11-19 12:00:00+11:00
323.46875,-0.454,1069204500.0,2003-11-19 12:15:00+11:00
323.479167,-0.414,1069205400.0,2003-11-19 12:30:00+11:00
323.489583,-0.354,1069206300.0,2003-11-19 12:45:00+11:00
323.5,-0.344,1069207200.0,2003-11-19 13:00:00+11:00
323.510417,-0.324,1069208100.0,2003-11-19 13:15:00+11:00
323.520833,-0.224,1069209000.0,2003-11-19 13:30:00+11:00
323.53125,-0.184,1069209900.0,2003-11-19 13:45:00+11:00
323.541667,-0.164,1069210800.0,2003-11-19 14:00:00+11:00
323.552083,-0.094,1069211700.0,2003-11-19 14:15:00+11:00
323.5625,-0.064,1069212600.0,2003-11-19 14:30:00+11:00
323.572917,-0.014,1069213500.0,2003-11-19 14:45:00+11:00
323.583333,0.026,1069214400.0,2003-11-19 15:00:00+11:00
323.59375,0.086,1069215300.0,2003-11-19 15:15:00+11:00
323.604167,0.096,1069216200.0,2003-11-19 15:30:00+11:00
323.614583,0.156,1069217100.0,2003-11-19 15:45:00+11:00
323.625,0.166,1069218000.0,2003-11-19 16:00:00+11:00
323.635417,0.186,1069218900.0,2003-11-19 16:15:00+11:00
323.645833,0.216,1069219800.0,2003-11-19 16:30:00+11:00
323.65625,0.216,1069220700.0,2003-11-19 16:45:00+11:00
323.666667,0.216,1069221600.0,2003-11-19 17:00:00+11:00
323.677083,0.206,1069222500.0,2003-11-19 17:15:00+11:00
323.6875,0.196,1069223400.0,2003-11-19 17:30:00+11:00
323.697917,0.196,1069224300.0,2003-11-19 17:45:00+11:00
323.708333,0.146,1069225200.0,2003-11-19 18:00:00+11:00
323.71875,0.086,1069226100.0,2003-11-19 18:15:00+11:00
323.729167,0.076,1069227000.0,2003-11-19 18:30:00+11:00
323.739583,0.036,1069227900.0,2003-11-19 18:45:00+11:00
323.75,-0.014,1069228800.0,2003-11-19 19:00:00+11:00
323.760417,-0.094,1069229700.0,2003-11-19 19:15:00+11:00
323.770833,-0.144,1069230600.0,2003-11-19 19:30:00+11:00
323.78125,-0.214,1069231500.0,2003-11-19 19:45:00+11:00
323.791667,-0.264,1069232400.0,2003-11-19 20:00:00+11:00
323.802083,-0.304,1069233300.0,2003-11-19 20:15:00+11:00
323.8125,-0.404,1069234200.0,2003-11-19 20:30:00+11:00
323.822917,-0.464,1069235100.0,2003-11-19 20:45:00+11:00
323.833333,-0.524,1069236000.0,2003-11-19 21:00:00+11:00
323.84375,-0.534,1069236900.0,2003-11-19 21:15:00+11:00
323.854167,-0.604,1069237800.0,2003-11-19 21:30:00+11:00
323.864583,-0.694,1069238700.0,2003-11-19 21:45:00+11:00
323.875,-0.694,1069239600.0,2003-11-19 22:00:00+11:00
323.885417,-0.764,1069240500.0,2003-11-19 22:15:00+11:00
323.895833,-0.774,1069241400.0,2003-11-19 22:30:00+11:00
323.90625,-0.804,1069242300.0,2003-11-19 22:45:00+11:00
323.916667,-0.844,1069243200.0,2003-11-19 23:00:00+11:00
323.927083,-0.844,1069244100.0,2003-11-19 23:15:00+11:00
323.9375,-0.834,1069245000.0,2003-11-19 23:30:00+11:00
323.947917,-0.854,1069245900.0,2003-11-19 23:45:00+11:00
323.958333,-0.824,1069246800.0,2003-11-20 00:00:00+11:00
323.96875,-0.784,1069247700.0,2003-11-20 00:15:00+11:00
323.979167,-0.774,1069248600.0,2003-11-20 00:30:00+11:00
323.989583,-0.764,1069249500.0,2003-11-20 00:45:00+11:00
324.0,-0.714,1069250400.0,2003-11-20 01:00:00+11:00
324.010417,-0.654,1069251300.0,2003-11-20 01:15:00+11:00
324.020833,-0.614,1069252200.0,2003-11-20 01:30:00+11:00
324.03125,-0.554,1069253100.0,2003-11-20 01:45:00+11:00
324.041667,-0.504,1069254000.0,2003-11-20 02:00:00+11:00
324.052083,-0.464,1069254900.0,2003-11-20 02:15:00+11:00
324.0625,-0.364,1069255800.0,2003-11-20 02:30:00+11:00
324.072917,-0.284,1069256700.0,2003-11-20 02:45:00+11:00
324.083333,-0.244,1069257600.0,2003-11-20 03:00:00+11:00
324.09375,-0.214,1069258500.0,2003-11-20 03:15:00+11:00
324.104167,-0.114,1069259400.0,2003-11-20 03:30:00+11:00
324.114583,-0.064,1069260300.0,2003-11-20 03:45:00+11:00
324.125,-0.014,1069261200.0,2003-11-20 04:00:00+11:00
324.135417,0.046,1069262100.0,2003-11-20 04:15:00+11:00
324.145833,0.056,1069263000.0,2003-11-20 04:30:00+11:00
324.15625,0.086,1069263900.0,2003-11-20 04:45:00+11:00
324.166667,0.186,1069264800.0,2003-11-20 05:00:00+11:00
324.177083,0.166,1069265700.0,2003-11-20 05:15:00+11:00
324.1875,0.166,1069266600.0,2003-11-20 05:30:00+11:00
324.197917,0.186,1069267500.0,2003-11-20 05:45:00+11:00
324.208333,0.166,1069268400.0,2003-11-20 06:00:00+11:00
324.21875,0.236,1069269300.0,2003-11-20 06:15:00+11:00
324.229167,0.166,1069270200.0,2003-11-20 06:30:00+11:00
324.239583,0.156,1069271100.0,2003-11-20 06:45:00+11:00
324.25,0.106,1069272000.0,2003-11-20 07:00:00+11:00
324.260417,0.076,1069272900.0,2003-11-20 07:15:00+11:00
324.270833,0.056,1069273800.0,2003-11-20 07:30:00+11:00
324.28125,0.006,1069274700.0,2003-11-20 07:45:00+11:00
324.291667,-0.074,1069275600.0,2003-11-20 08:00:00+11:00
324.302083,-0.094,1069276500.0,2003-11-20 08:15:00+11:00
324.3125,-0.124,1069277400.0,2003-11-20 08:30:00+11:00
324.322917,-0.194,1069278300.0,2003-11-20 08:45:00+11:00
324.333333,-0.244,1069279200.0,2003-11-20 09:00:00+11:00
324.34375,-0.354,1069280100.0,2003-11-20 09:15:00+11:00
324.354167,-0.324,1069281000.0,2003-11-20 09:30:00+11:00
324.364583,-0.354,1069281900.0,2003-11-20 09:45:00+11:00
324.375,-0.464,1069282800.0,2003-11-20 10:00:00+11:00
324.385417,-0.484,1069283700.0,2003-11-20 10:15:00+11:00
324.395833,-0.514,1069284600.0,2003-11-20 10:30:00+11:00
324.40625,-0.524,1069285500.0,2003-11-20 10:45:00+11:00
324.416667,-0.554,1069286400.0,2003-11-20 11:00:00+11:00
324.427083,-0.584,1069287300.0,2003-11-20 11:15:00+11:00
324.4375,-0.604,1069288200.0,2003-11-20 11:30:00+11:00
324.447917,-0.554,1069289100.0,2003-11-20 11:45:00+11:00
324.458333,-0.574,1069290000.0,2003-11-20 12:00:00+11:00
324.46875,-0.564,1069290900.0,2003-11-20 12:15:00+11:00
324.479167,-0.534,1069291800.0,2003-11-20 12:30:00+11:00
324.489583,-0.564,1069292700.0,2003-11-20 12:45:00+11:00
324.5,-0.494,1069293600.0,2003-11-20 13:00:00+11:00
324.510417,-0.424,1069294500.0,2003-11-20 13:15:00+11:00
324.520833,-0.474,1069295400.0,2003-11-20 13:30:00+11:00
324.53125,-0.384,1069296300.0,2003-11-20 13:45:00+11:00
324.541667,-0.314,1069297200.0,2003-11-20 14:00:00+11:00
324.552083,-0.264,1069298100.0,2003-11-20 14:15:00+11:00
324.5625,-0.204,1069299000.0,2003-11-20 14:30:00+11:00
324.572917,-0.174,1069299900.0,2003-11-20 14:45:00+11:00
324.583333,-0.104,1069300800.0,2003-11-20 15:00:00+11:00
324.59375,-0.004,1069301700.0,2003-11-20 15:15:00+11:00
324.604167,0.036,1069302600.0,2003-11-20 15:30:00+11:00
324.614583,0.046,1069303500.0,2003-11-20 15:45:00+11:00
324.625,0.176,1069304400.0,2003-11-20 16:00:00+11:00
324.635417,0.186,1069305300.0,2003-11-20 16:15:00+11:00
324.645833,0.256,1069306200.0,2003-11-20 16:30:00+11:00
324.65625,0.276,1069307100.0,2003-11-20 16:45:00+11:00
324.666667,0.256,1069308000.0,2003-11-20 17:00:00+11:00
324.677083,0.346,1069308900.0,2003-11-20 17:15:00+11:00
324.6875,0.356,1069309800.0,2003-11-20 17:30:00+11:00
324.697917,0.336,1069310700.0,2003-11-20 17:45:00+11:00
324.708333,0.306,1069311600.0,2003-11-20 18:00:00+11:00
324.71875,0.386,1069312500.0,2003-11-20 18:15:00+11:00
324.729167,0.256,1069313400.0,2003-11-20 18:30:00+11:00
324.739583,0.186,1069314300.0,2003-11-20 18:45:00+11:00
324.75,0.136,1069315200.0,2003-11-20 19:00:00+11:00
324.760417,0.266,1069316100.0,2003-11-20 19:15:00+11:00
324.770833,0.166,1069317000.0,2003-11-20 19:30:00+11:00
324.78125,-0.004,1069317900.0,2003-11-20 19:45:00+11:00
324.791667,0.016,1069318800.0,2003-11-20 20:00:00+11:00
324.802083,-0.084,1069319700.0,2003-11-20 20:15:00+11:00
324.8125,-0.094,1069320600.0,2003-11-20 20:30:00+11:00
324.822917,-0.124,1069321500.0,2003-11-20 20:45:00+11:00
324.833333,-0.304,1069322400.0,2003-11-20 21:00:00+11:00
324.84375,-0.454,1069323300.0,2003-11-20 21:15:00+11:00
324.854167,-0.344,1069324200.0,2003-11-20 21:30:00+11:00
324.864583,-0.374,1069325100.0,2003-11-20 21:45:00+11:00
324.875,-0.604,1069326000.0,2003-11-20 22:00:00+11:00
324.885417,-0.594,1069326900.0,2003-11-20 22:15:00+11:00
324.895833,-0.654,1069327800.0,2003-11-20 22:30:00+11:00
324.90625,-0.684,1069328700.0,2003-11-20 22:45:00+11:00
324.916667,-0.664,1069329600.0,2003-11-20 23:00:00+11:00
324.927083,-0.784,1069330500.0,2003-11-20 23:15:00+11:00
324.9375,-0.834,1069331400.0,2003-11-20 23:30:00+11:00
324.947917,-0.824,1069332300.0,2003-11-20 23:45:00+11:00
324.958333,-0.794,1069333200.0,2003-11-21 00:00:00+11:00
324.96875,-0.784,1069334100.0,2003-11-21 00:15:00+11:00
324.979167,-0.894,1069335000.0,2003-11-21 00:30:00+11:00
324.989583,-0.854,1069335900.0,2003-11-21 00:45:00+11:00
325.0,-0.734,1069336800.0,2003-11-21 01:00:00+11:00
325.010417,-0.754,1069337700.0,2003-11-21 01:15:00+11:00
325.020833,-0.744,1069338600.0,2003-11-21 01:30:00+11:00
325.03125,-0.724,1069339500.0,2003-11-21 01:45:00+11:00
325.041667,-0.634,1069340400.0,2003-11-21 02:00:00+11:00
325.052083,-0.574,1069341300.0,2003-11-21 02:15:00+11:00
325.0625,-0.484,1069342200.0,2003-11-21 02:30:00+11:00
325.072917,-0.484,1069343100.0,2003-11-21 02:45:00+11:00
325.083333,-0.454,1069344000.0,2003-11-21 03:00:00+11:00
325.09375,-0.264,1069344900.0,2003-11-21 03:15:00+11:00
325.104167,-0.244,1069345800.0,2003-11-21 03:30:00+11:00
325.114583,-0.144,1069346700.0,2003-11-21 03:45:00+11:00
325.125,-0.114,1069347600.0,2003-11-21 04:00:00+11:00
325.135417,-0.084,1069348500.0,2003-11-21 04:15:00+11:00
325.145833,0.116,1069349400.0,2003-11-21 04:30:00+11:00
325.15625,0.116,1069350300.0,2003-11-21 04:45:00+11:00
325.166667,0.116,1069351200.0,2003-11-21 05:00:00+11:00
325.177083,0.196,1069352100.0,2003-11-21 05:15:00+11:00
325.1875,0.286,1069353000.0,2003-11-21 05:30:00+11:00
325.197917,0.306,1069353900.0,2003-11-21 05:45:00+11:00
325.208333,0.336,1069354800.0,2003-11-21 06:00:00+11:00
325.21875,0.306,1069355700.0,2003-11-21 06:15:00+11:00
325.229167,0.326,1069356600.0,2003-11-21 06:30:00+11:00
325.239583,0.396,1069357500.0,2003-11-21 06:45:00+11:00
325.25,0.326,1069358400.0,2003-11-21 07:00:00+11:00
325.260417,0.326,1069359300.0,2003-11-21 07:15:00+11:00
325.270833,0.316,1069360200.0,2003-11-21 07:30:00+11:00
325.28125,0.236,1069361100.0,2003-11-21 07:45:00+11:00
325.291667,0.286,1069362000.0,2003-11-21 08:00:00+11:00
325.302083,0.186,1069362900.0,2003-11-21 08:15:00+11:00
325.3125,0.106,1069363800.0,2003-11-21 08:30:00+11:00
325.322917,0.106,1069364700.0,2003-11-21 08:45:00+11:00
325.333333,0.066,1069365600.0,2003-11-21 09:00:00+11:00
325.34375,-0.024,1069366500.0,2003-11-21 09:15:00+11:00
325.354167,-0.104,1069367400.0,2003-11-21 09:30:00+11:00
325.364583,-0.174,1069368300.0,2003-11-21 09:45:00+11:00
325.375,-0.214,1069369200.0,2003-11-21 10:00:00+11:00
325.385417,-0.244,1069370100.0,2003-11-21 10:15:00+11:00
325.395833,-0.354,1069371000.0,2003-11-21 10:30:00+11:00
325.40625,-0.414,1069371900.0,2003-11-21 10:45:00+11:00
325.416667,-0.444,1069372800.0,2003-11-21 11:00:00+11:00
325.427083,-0.514,1069373700.0,2003-11-21 11:15:00+11:00
325.4375,-0.484,1069374600.0,2003-11-21 11:30:00+11:00
325.447917,-0.594,1069375500.0,2003-11-21 11:45:00+11:00
325.458333,-0.634,1069376400.0,2003-11-21 12:00:00+11:00
325.46875,-0.584,1069377300.0,2003-11-21 12:15:00+11:00
325.479167,-0.634,1069378200.0,2003-11-21 12:30:00+11:00
325.489583,-0.644,1069379100.0,2003-11-21 12:45:00+11:00
325.5,-0.674,1069380000.0,2003-11-21 13:00:00+11:00
325.510417,-0.604,1069380900.0,2003-11-21 13:15:00+11:00
325.520833,-0.584,1069381800.0,2003-11-21 13:30:00+11:00
325.53125,-0.624,1069382700.0,2003-11-21 13:45:00+11:00
325.541667,-0.544,1069383600.0,2003-11-21 14:00:00+11:00
325.552083,-0.524,1069384500.0,2003-11-21 14:15:00+11:00
325.5625,-0.434,1069385400.0,2003-11-21 14:30:00+11:00
325.572917,-0.404,1069386300.0,2003-11-21 14:45:00+11:00
325.583333,-0.384,1069387200.0,2003-11-21 15:00:00+11:00
325.59375,-0.294,1069388100.0,2003-11-21 15:15:00+11:00
325.604167,-0.244,1069389000.0,2003-11-21 15:30:00+11:00
325.614583,-0.124,1069389900.0,2003-11-21 15:45:00+11:00
325.625,-0.134,1069390800.0,2003-11-21 16:00:00+11:00
325.635417,-0.054,1069391700.0,2003-11-21 16:15:00+11:00
325.645833,0.046,1069392600.0,2003-11-21 16:30:00+11:00
325.65625,0.066,1069393500.0,2003-11-21 16:45:00+11:00
325.666667,0.156,1069394400.0,2003-11-21 17:00:00+11:00
325.677083,0.166,1069395300.0,2003-11-21 17:15:00+11:00
325.6875,0.216,1069396200.0,2003-11-21 17:30:00+11:00
325.697917,0.266,1069397100.0,2003-11-21 17:45:00+11:00
325.708333,0.296,1069398000.0,2003-11-21 18:00:00+11:00
325.71875,0.326,1069398900.0,2003-11-21 18:15:00+11:00
325.729167,0.306,1069399800.0,2003-11-21 18:30:00+11:00
325.739583,0.336,1069400700.0,2003-11-21 18:45:00+11:00
325.75,0.336,1069401600.0,2003-11-21 19:00:00+11:00
325.760417,0.386,1069402500.0,2003-11-21 19:15:00+11:00
325.770833,0.266,1069403400.0,2003-11-21 19:30:00+11:00
325.78125,0.226,1069404300.0,2003-11-21 19:45:00+11:00
325.791667,0.326,1069405200.0,2003-11-21 20:00:00+11:00
325.802083,0.086,1069406100.0,2003-11-21 20:15:00+11:00
325.8125,0.126,1069407000.0,2003-11-21 20:30:00+11:00
325.822917,0.156,1069407900.0,2003-11-21 20:45:00+11:00
325.833333,-0.094,1069408800.0,2003-11-21 21:00:00+11:00
325.84375,-0.044,1069409700.0,2003-11-21 21:15:00+11:00
325.854167,-0.144,1069410600.0,2003-11-21 21:30:00+11:00
325.864583,-0.234,1069411500.0,2003-11-21 21:45:00+11:00
325.875,-0.254,1069412400.0,2003-11-21 22:00:00+11:00
325.885417,-0.364,1069413300.0,2003-11-21 22:15:00+11:00
325.895833,-0.454,1069414200.0,2003-11-21 22:30:00+11:00
325.90625,-0.504,1069415100.0,2003-11-21 22:45:00+11:00
325.916667,-0.534,1069416000.0,2003-11-21 23:00:00+11:00
325.927083,-0.674,1069416900.0,2003-11-21 23:15:00+11:00
325.9375,-0.634,1069417800.0,2003-11-21 23:30:00+11:00
325.947917,-0.734,1069418700.0,2003-11-21 23:45:00+11:00
325.958333,-0.804,1069419600.0,2003-11-22 00:00:00+11:00
325.96875,-0.744,1069420500.0,2003-11-22 00:15:00+11:00
325.979167,-0.854,1069421400.0,2003-11-22 00:30:00+11:00
325.989583,-0.814,1069422300.0,2003-11-22 00:45:00+11:00
326.0,-0.834,1069423200.0,2003-11-22 01:00:00+11:00
326.010417,-0.824,1069424100.0,2003-11-22 01:15:00+11:00
326.020833,-0.794,1069425000.0,2003-11-22 01:30:00+11:00
326.03125,-0.814,1069425900.0,2003-11-22 01:45:00+11:00
326.041667,-0.714,1069426800.0,2003-11-22 02:00:00+11:00
326.052083,-0.734,1069427700.0,2003-11-22 02:15:00+11:00
326.0625,-0.684,1069428600.0,2003-11-22 02:30:00+11:00
326.072917,-0.564,1069429500.0,2003-11-22 02:45:00+11:00
326.083333,-0.524,1069430400.0,2003-11-22 03:00:00+11:00
326.09375,-0.484,1069431300.0,2003-11-22 03:15:00+11:00
326.104167,-0.344,1069432200.0,2003-11-22 03:30:00+11:00
326.114583,-0.284,1069433100.0,2003-11-22 03:45:00+11:00
326.125,-0.274,1069434000.0,2003-11-22 04:00:00+11:00
326.135417,-0.094,1069434900.0,2003-11-22 04:15:00+11:00
326.145833,-0.064,1069435800.0,2003-11-22 04:30:00+11:00
326.15625,0.016,1069436700.0,2003-11-22 04:45:00+11:00
326.166667,0.136,1069437600.0,2003-11-22 05:00:00+11:00
326.177083,0.156,1069438500.0,2003-11-22 05:15:00+11:00
326.1875,0.246,1069439400.0,2003-11-22 05:30:00+11:00
326.197917,0.316,1069440300.0,2003-11-22 05:45:00+11:00
326.208333,0.386,1069441200.0,2003-11-22 06:00:00+11:00
326.21875,0.396,1069442100.0,2003-11-22 06:15:00+11:00
326.229167,0.456,1069443000.0,2003-11-22 06:30:00+11:00
326.239583,0.486,1069443900.0,2003-11-22 06:45:00+11:00
326.25,0.546,1069444800.0,2003-11-22 07:00:00+11:00
326.260417,0.526,1069445700.0,2003-11-22 07:15:00+11:00
326.270833,0.516,1069446600.0,2003-11-22 07:30:00+11:00
326.28125,0.516,1069447500.0,2003-11-22 07:45:00+11:00
326.291667,0.506,1069448400.0,2003-11-22 08:00:00+11:00
326.302083,0.476,1069449300.0,2003-11-22 08:15:00+11:00
326.3125,0.416,1069450200.0,2003-11-22 08:30:00+11:00
326.322917,0.386,1069451100.0,2003-11-22 08:45:00+11:00
326.333333,0.326,1069452000.0,2003-11-22 09:00:00+11:00
326.34375,0.286,1069452900.0,2003-11-22 09:15:00+11:00
326.354167,0.156,1069453800.0,2003-11-22 09:30:00+11:00
326.364583,0.146,1069454700.0,2003-11-22 09:45:00+11:00
326.375,0.056,1069455600.0,2003-11-22 10:00:00+11:00
326.385417,-0.084,1069456500.0,2003-11-22 10:15:00+11:00
326.395833,-0.084,1069457400.0,2003-11-22 10:30:00+11:00
326.40625,-0.184,1069458300.0,2003-11-22 10:45:00+11:00
326.416667,-0.294,1069459200.0,2003-11-22 11:00:00+11:00
326.427083,-0.334,1069460100.0,2003-11-22 11:15:00+11:00
326.4375,-0.414,1069461000.0,2003-11-22 11:30:00+11:00
326.447917,-0.514,1069461900.0,2003-11-22 11:45:00+11:00
326.458333,-0.504,1069462800.0,2003-11-22 12:00:00+11:00
326.46875,-0.634,1069463700.0,2003-11-22 12:15:00+11:00
326.479167,-0.694,1069464600.0,2003-11-22 12:30:00+11:00
326.489583,-0.624,1069465500.0,2003-11-22 12:45:00+11:00
326.5,-0.784,1069466400.0,2003-11-22 13:00:00+11:00
326.510417,-0.774,1069467300.0,2003-11-22 13:15:00+11:00
326.520833,-0.774,1069468200.0,2003-11-22 13:30:00+11:00
326.53125,-0.834,1069469100.0,2003-11-22 13:45:00+11:00
326.541667,-0.734,1069470000.0,2003-11-22 14:00:00+11:00
326.552083,-0.794,1069470900.0,2003-11-22 14:15:00+11:00
326.5625,-0.774,1069471800.0,2003-11-22 14:30:00+11:00
326.572917,-0.734,1069472700.0,2003-11-22 14:45:00+11:00
326.583333,-0.674,1069473600.0,2003-11-22 15:00:00+11:00
326.59375,-0.634,1069474500.0,2003-11-22 15:15:00+11:00
326.604167,-0.594,1069475400.0,2003-11-22 15:30:00+11:00
326.614583,-0.544,1069476300.0,2003-11-22 15:45:00+11:00
326.625,-0.484,1069477200.0,2003-11-22 16:00:00+11:00
326.635417,-0.344,1069478100.0,2003-11-22 16:15:00+11:00
326.645833,-0.324,1069479000.0,2003-11-22 16:30:00+11:00
326.65625,-0.254,1069479900.0,2003-11-22 16:45:00+11:00
326.666667,-0.174,1069480800.0,2003-11-22 17:00:00+11:00
326.677083,-0.114,1069481700.0,2003-11-22 17:15:00+11:00
326.6875,-0.014,1069482600.0,2003-11-22 17:30:00+11:00
326.697917,0.036,1069483500.0,2003-11-22 17:45:00+11:00
326.708333,0.086,1069484400.0,2003-11-22 18:00:00+11:00
326.71875,0.116,1069485300.0,2003-11-22 18:15:00+11:00
326.729167,0.186,1069486200.0,2003-11-22 18:30:00+11:00
326.739583,0.266,1069487100.0,2003-11-22 18:45:00+11:00
326.75,0.236,1069488000.0,2003-11-22 19:00:00+11:00
326.760417,0.256,1069488900.0,2003-11-22 19:15:00+11:00
326.770833,0.296,1069489800.0,2003-11-22 19:30:00+11:00
326.78125,0.306,1069490700.0,2003-11-22 19:45:00+11:00
326.791667,0.286,1069491600.0,2003-11-22 20:00:00+11:00
326.802083,0.286,1069492500.0,2003-11-22 20:15:00+11:00
326.8125,0.256,1069493400.0,2003-11-22 20:30:00+11:00
326.822917,0.196,1069494300.0,2003-11-22 20:45:00+11:00
326.833333,0.216,1069495200.0,2003-11-22 21:00:00+11:00
326.84375,0.146,1069496100.0,2003-11-22 21:15:00+11:00
326.854167,0.046,1069497000.0,2003-11-22 21:30:00+11:00
326.864583,0.046,1069497900.0,2003-11-22 21:45:00+11:00
326.875,-0.064,1069498800.0,2003-11-22 22:00:00+11:00
326.885417,-0.104,1069499700.0,2003-11-22 22:15:00+11:00
326.895833,-0.214,1069500600.0,2003-11-22 22:30:00+11:00
326.90625,-0.284,1069501500.0,2003-11-22 22:45:00+11:00
326.916667,-0.344,1069502400.0,2003-11-22 23:00:00+11:00
326.927083,-0.434,1069503300.0,2003-11-22 23:15:00+11:00
326.9375,-0.464,1069504200.0,2003-11-22 23:30:00+11:00
326.947917,-0.564,1069505100.0,2003-11-22 23:45:00+11:00
326.958333,-0.604,1069506000.0,2003-11-23 00:00:00+11:00
326.96875,-0.674,1069506900.0,2003-11-23 00:15:00+11:00
326.979167,-0.704,1069507800.0,2003-11-23 00:30:00+11:00
326.989583,-0.734,1069508700.0,2003-11-23 00:45:00+11:00
327.0,-0.774,1069509600.0,2003-11-23 01:00:00+11:00
327.010417,-0.794,1069510500.0,2003-11-23 01:15:00+11:00
327.020833,-0.824,1069511400.0,2003-11-23 01:30:00+11:00
327.03125,-0.784,1069512300.0,2003-11-23 01:45:00+11:00
327.041667,-0.804,1069513200.0,2003-11-23 02:00:00+11:00
327.052083,-0.784,1069514100.0,2003-11-23 02:15:00+11:00
327.0625,-0.734,1069515000.0,2003-11-23 02:30:00+11:00
327.072917,-0.714,1069515900.0,2003-11-23 02:45:00+11:00
327.083333,-0.654,1069516800.0,2003-11-23 03:00:00+11:00
327.09375,-0.614,1069517700.0,2003-11-23 03:15:00+11:00
327.104167,-0.554,1069518600.0,2003-11-23 03:30:00+11:00
327.114583,-0.464,1069519500.0,2003-11-23 03:45:00+11:00
327.125,-0.404,1069520400.0,2003-11-23 04:00:00+11:00
327.135417,-0.294,1069521300.0,2003-11-23 04:15:00+11:00
327.145833,-0.244,1069522200.0,2003-11-23 04:30:00+11:00
327.15625,-0.144,1069523100.0,2003-11-23 04:45:00+11:00
327.166667,-0.044,1069524000.0,2003-11-23 05:00:00+11:00
327.177083,0.036,1069524900.0,2003-11-23 05:15:00+11:00
327.1875,0.126,1069525800.0,2003-11-23 05:30:00+11:00
327.197917,0.186,1069526700.0,2003-11-23 05:45:00+11:00
327.208333,0.266,1069527600.0,2003-11-23 06:00:00+11:00
327.21875,0.356,1069528500.0,2003-11-23 06:15:00+11:00
327.229167,0.416,1069529400.0,2003-11-23 06:30:00+11:00
327.239583,0.486,1069530300.0,2003-11-23 06:45:00+11:00
327.25,0.506,1069531200.0,2003-11-23 07:00:00+11:00
327.260417,0.576,1069532100.0,2003-11-23 07:15:00+11:00
327.270833,0.616,1069533000.0,2003-11-23 07:30:00+11:00
327.28125,0.616,1069533900.0,2003-11-23 07:45:00+11:00
327.291667,0.616,1069534800.0,2003-11-23 08:00:00+11:00
327.302083,0.636,1069535700.0,2003-11-23 08:15:00+11:00
327.3125,0.656,1069536600.0,2003-11-23 08:30:00+11:00
327.322917,0.596,1069537500.0,2003-11-23 08:45:00+11:00
327.333333,0.576,1069538400.0,2003-11-23 09:00:00+11:00
327.34375,0.526,1069539300.0,2003-11-23 09:15:00+11:00
327.354167,0.466,1069540200.0,2003-11-23 09:30:00+11:00
327.364583,0.436,1069541100.0,2003-11-23 09:45:00+11:00
327.375,0.336,1069542000.0,2003-11-23 10:00:00+11:00
327.385417,0.266,1069542900.0,2003-11-23 10:15:00+11:00
327.395833,0.156,1069543800.0,2003-11-23 10:30:00+11:00
327.40625,0.106,1069544700.0,2003-11-23 10:45:00+11:00
327.416667,0.006,1069545600.0,2003-11-23 11:00:00+11:00
327.427083,-0.114,1069546500.0,2003-11-23 11:15:00+11:00
327.4375,-0.174,1069547400.0,2003-11-23 11:30:00+11:00
327.447917,-0.284,1069548300.0,2003-11-23 11:45:00+11:00
327.458333,-0.364,1069549200.0,2003-11-23 12:00:00+11:00
327.46875,-0.434,1069550100.0,2003-11-23 12:15:00+11:00
327.479167,-0.534,1069551000.0,2003-11-23 12:30:00+11:00
327.489583,-0.624,1069551900.0,2003-11-23 12:45:00+11:00
327.5,-0.674,1069552800.0,2003-11-23 13:00:00+11:00
327.510417,-0.704,1069553700.0,2003-11-23 13:15:00+11:00
327.520833,-0.784,1069554600.0,2003-11-23 13:30:00+11:00
327.53125,-0.824,1069555500.0,2003-11-23 13:45:00+11:00
327.541667,-0.864,1069556400.0,2003-11-23 14:00:00+11:00
327.552083,-0.884,1069557300.0,2003-11-23 14:15:00+11:00
327.5625,-0.874,1069558200.0,2003-11-23 14:30:00+11:00
327.572917,-0.924,1069559100.0,2003-11-23 14:45:00+11:00
327.583333,-0.904,1069560000.0,2003-11-23 15:00:00+11:00
327.59375,-0.874,1069560900.0,2003-11-23 15:15:00+11:00
327.604167,-0.864,1069561800.0,2003-11-23 15:30:00+11:00
327.614583,-0.834,1069562700.0,2003-11-23 15:45:00+11:00
327.625,-0.784,1069563600.0,2003-11-23 16:00:00+11:00
327.635417,-0.734,1069564500.0,2003-11-23 16:15:00+11:00
327.645833,-0.654,1069565400.0,2003-11-23 16:30:00+11:00
327.65625,-0.584,1069566300.0,2003-11-23 16:45:00+11:00
327.666667,-0.544,1069567200.0,2003-11-23 17:00:00+11:00
327.677083,-0.464,1069568100.0,2003-11-23 17:15:00+11:00
327.6875,-0.364,1069569000.0,2003-11-23 17:30:00+11:00
327.697917,-0.304,1069569900.0,2003-11-23 17:45:00+11:00
327.708333,-0.224,1069570800.0,2003-11-23 18:00:00+11:00
327.71875,-0.164,1069571700.0,2003-11-23 18:15:00+11:00
327.729167,-0.064,1069572600.0,2003-11-23 18:30:00+11:00
327.739583,0.006,1069573500.0,2003-11-23 18:45:00+11:00
327.75,0.026,1069574400.0,2003-11-23 19:00:00+11:00
327.760417,0.106,1069575300.0,2003-11-23 19:15:00+11:00
327.770833,0.146,1069576200.0,2003-11-23 19:30:00+11:00
327.78125,0.196,1069577100.0,2003-11-23 19:45:00+11:00
327.791667,0.246,1069578000.0,2003-11-23 20:00:00+11:00
327.802083,0.246,1069578900.0,2003-11-23 20:15:00+11:00
327.8125,0.236,1069579800.0,2003-11-23 20:30:00+11:00
327.822917,0.286,1069580700.0,2003-11-23 20:45:00+11:00
327.833333,0.266,1069581600.0,2003-11-23 21:00:00+11:00
327.84375,0.236,1069582500.0,2003-11-23 21:15:00+11:00
327.854167,0.226,1069583400.0,2003-11-23 21:30:00+11:00
327.864583,0.156,1069584300.0,2003-11-23 21:45:00+11:00
327.875,0.146,1069585200.0,2003-11-23 22:00:00+11:00
327.885417,0.086,1069586100.0,2003-11-23 22:15:00+11:00
327.895833,-0.004,1069587000.0,2003-11-23 22:30:00+11:00
327.90625,-0.044,1069587900.0,2003-11-23 22:45:00+11:00
327.916667,-0.134,1069588800.0,2003-11-23 23:00:00+11:00
327.927083,-0.194,1069589700.0,2003-11-23 23:15:00+11:00
327.9375,-0.254,1069590600.0,2003-11-23 23:30:00+11:00
327.947917,-0.344,1069591500.0,2003-11-23 23:45:00+11:00
327.958333,-0.434,1069592400.0,2003-11-24 00:00:00+11:00
327.96875,-0.474,1069593300.0,2003-11-24 00:15:00+11:00
327.979167,-0.514,1069594200.0,2003-11-24 00:30:00+11:00
327.989583,-0.594,1069595100.0,2003-11-24 00:45:00+11:00
328.0,-0.674,1069596000.0,2003-11-24 01:00:00+11:00
328.010417,-0.714,1069596900.0,2003-11-24 01:15:00+11:00
328.020833,-0.734,1069597800.0,2003-11-24 01:30:00+11:00
328.03125,-0.764,1069598700.0,2003-11-24 01:45:00+11:00
328.041667,-0.814,1069599600.0,2003-11-24 02:00:00+11:00
328.052083,-0.824,1069600500.0,2003-11-24 02:15:00+11:00
328.0625,-0.824,1069601400.0,2003-11-24 02:30:00+11:00
328.072917,-0.784,1069602300.0,2003-11-24 02:45:00+11:00
328.083333,-0.784,1069603200.0,2003-11-24 03:00:00+11:00
328.09375,-0.804,1069604100.0,2003-11-24 03:15:00+11:00
328.104167,-0.714,1069605000.0,2003-11-24 03:30:00+11:00
328.114583,-0.674,1069605900.0,2003-11-24 03:45:00+11:00
328.125,-0.644,1069606800.0,2003-11-24 04:00:00+11:00
328.135417,-0.544,1069607700.0,2003-11-24 04:15:00+11:00
328.145833,-0.504,1069608600.0,2003-11-24 04:30:00+11:00
328.15625,-0.424,1069609500.0,2003-11-24 04:45:00+11:00
328.166667,-0.324,1069610400.0,2003-11-24 05:00:00+11:00
328.177083,-0.234,1069611300.0,2003-11-24 05:15:00+11:00
328.1875,-0.154,1069612200.0,2003-11-24 05:30:00+11:00
328.197917,-0.074,1069613100.0,2003-11-24 05:45:00+11:00
328.208333,0.016,1069614000.0,2003-11-24 06:00:00+11:00
328.21875,0.106,1069614900.0,2003-11-24 06:15:00+11:00
328.229167,0.226,1069615800.0,2003-11-24 06:30:00+11:00
328.239583,0.256,1069616700.0,2003-11-24 06:45:00+11:00
328.25,0.336,1069617600.0,2003-11-24 07:00:00+11:00
328.260417,0.446,1069618500.0,2003-11-24 07:15:00+11:00
328.270833,0.486,1069619400.0,2003-11-24 07:30:00+11:00
328.28125,0.556,1069620300.0,2003-11-24 07:45:00+11:00
328.291667,0.596,1069621200.0,2003-11-24 08:00:00+11:00
328.302083,0.636,1069622100.0,2003-11-24 08:15:00+11:00
328.3125,0.656,1069623000.0,2003-11-24 08:30:00+11:00
328.322917,0.666,1069623900.0,2003-11-24 08:45:00+11:00
328.333333,0.706,1069624800.0,2003-11-24 09:00:00+11:00
328.34375,0.656,1069625700.0,2003-11-24 09:15:00+11:00
328.354167,0.636,1069626600.0,2003-11-24 09:30:00+11:00
328.364583,0.616,1069627500.0,2003-11-24 09:45:00+11:00
328.375,0.576,1069628400.0,2003-11-24 10:00:00+11:00
328.385417,0.506,1069629300.0,2003-11-24 10:15:00+11:00
328.395833,0.456,1069630200.0,2003-11-24 10:30:00+11:00
328.40625,0.356,1069631100.0,2003-11-24 10:45:00+11:00
328.416667,0.286,1069632000.0,2003-11-24 11:00:00+11:00
328.427083,0.206,1069632900.0,2003-11-24 11:15:00+11:00
328.4375,0.096,1069633800.0,2003-11-24 11:30:00+11:00
328.447917,-0.004,1069634700.0,2003-11-24 11:45:00+11:00
328.458333,-0.104,1069635600.0,2003-11-24 12:00:00+11:00
328.46875,-0.174,1069636500.0,2003-11-24 12:15:00+11:00
328.479167,-0.294,1069637400.0,2003-11-24 12:30:00+11:00
328.489583,-0.394,1069638300.0,2003-11-24 12:45:00+11:00
328.5,-0.494,1069639200.0,2003-11-24 13:00:00+11:00
328.510417,-0.574,1069640100.0,2003-11-24 13:15:00+11:00
328.520833,-0.654,1069641000.0,2003-11-24 13:30:00+11:00
328.53125,-0.754,1069641900.0,2003-11-24 13:45:00+11:00
328.541667,-0.804,1069642800.0,2003-11-24 14:00:00+11:00
328.552083,-0.864,1069643700.0,2003-11-24 14:15:00+11:00
328.5625,-0.924,1069644600.0,2003-11-24 14:30:00+11:00
328.572917,-0.944,1069645500.0,2003-11-24 14:45:00+11:00
328.583333,-0.994,1069646400.0,2003-11-24 15:00:00+11:00
328.59375,-1.024,1069647300.0,2003-11-24 15:15:00+11:00
328.604167,-1.034,1069648200.0,2003-11-24 15:30:00+11:00
328.614583,-1.004,1069649100.0,2003-11-24 15:45:00+11:00
328.625,-1.014,1069650000.0,2003-11-24 16:00:00+11:00
328.635417,-1.014,1069650900.0,2003-11-24 16:15:00+11:00
328.645833,-0.984,1069651800.0,2003-11-24 16:30:00+11:00
328.65625,-0.904,1069652700.0,2003-11-24 16:45:00+11:00
328.666667,-0.864,1069653600.0,2003-11-24 17:00:00+11:00
328.677083,-0.864,1069654500.0,2003-11-24 17:15:00+11:00
328.6875,-0.764,1069655400.0,2003-11-24 17:30:00+11:00
328.697917,-0.684,1069656300.0,2003-11-24 17:45:00+11:00
328.708333,-0.624,1069657200.0,2003-11-24 18:00:00+11:00
328.71875,-0.554,1069658100.0,2003-11-24 18:15:00+11:00
328.729167,-0.484,1069659000.0,2003-11-24 18:30:00+11:00
328.739583,-0.404,1069659900.0,2003-11-24 18:45:00+11:00
328.75,-0.314,1069660800.0,2003-11-24 19:00:00+11:00
328.760417,-0.234,1069661700.0,2003-11-24 19:15:00+11:00
328.770833,-0.194,1069662600.0,2003-11-24 19:30:00+11:00
328.78125,-0.124,1069663500.0,2003-11-24 19:45:00+11:00
328.791667,-0.044,1069664400.0,2003-11-24 20:00:00+11:00
328.802083,0.026,1069665300.0,2003-11-24 20:15:00+11:00
328.8125,0.066,1069666200.0,2003-11-24 20:30:00+11:00
328.822917,0.086,1069667100.0,2003-11-24 20:45:00+11:00
328.833333,0.136,1069668000.0,2003-11-24 21:00:00+11:00
328.84375,0.156,1069668900.0,2003-11-24 21:15:00+11:00
328.854167,0.186,1069669800.0,2003-11-24 21:30:00+11:00
328.864583,0.186,1069670700.0,2003-11-24 21:45:00+11:00
328.875,0.156,1069671600.0,2003-11-24 22:00:00+11:00
328.885417,0.136,1069672500.0,2003-11-24 22:15:00+11:00
328.895833,0.136,1069673400.0,2003-11-24 22:30:00+11:00
328.90625,0.076,1069674300.0,2003-11-24 22:45:00+11:00
328.916667,0.026,1069675200.0,2003-11-24 23:00:00+11:00
328.927083,-0.024,1069676100.0,2003-11-24 23:15:00+11:00
328.9375,-0.064,1069677000.0,2003-11-24 23:30:00+11:00
328.947917,-0.114,1069677900.0,2003-11-24 23:45:00+11:00
328.958333,-0.204,1069678800.0,2003-11-25 00:00:00+11:00
328.96875,-0.274,1069679700.0,2003-11-25 00:15:00+11:00
328.979167,-0.314,1069680600.0,2003-11-25 00:30:00+11:00
328.989583,-0.364,1069681500.0,2003-11-25 00:45:00+11:00
329.0,-0.444,1069682400.0,2003-11-25 01:00:00+11:00
329.010417,-0.524,1069683300.0,2003-11-25 01:15:00+11:00
329.020833,-0.584,1069684200.0,2003-11-25 01:30:00+11:00
329.03125,-0.624,1069685100.0,2003-11-25 01:45:00+11:00
329.041667,-0.614,1069686000.0,2003-11-25 02:00:00+11:00
329.052083,-0.704,1069686900.0,2003-11-25 02:15:00+11:00
329.0625,-0.764,1069687800.0,2003-11-25 02:30:00+11:00
329.072917,-0.734,1069688700.0,2003-11-25 02:45:00+11:00
329.083333,-0.754,1069689600.0,2003-11-25 03:00:00+11:00
329.09375,-0.744,1069690500.0,2003-11-25 03:15:00+11:00
329.104167,-0.764,1069691400.0,2003-11-25 03:30:00+11:00
329.114583,-0.764,1069692300.0,2003-11-25 03:45:00+11:00
329.125,-0.704,1069693200.0,2003-11-25 04:00:00+11:00
329.135417,-0.664,1069694100.0,2003-11-25 04:15:00+11:00
329.145833,-0.634,1069695000.0,2003-11-25 04:30:00+11:00
329.15625,-0.604,1069695900.0,2003-11-25 04:45:00+11:00
329.166667,-0.524,1069696800.0,2003-11-25 05:00:00+11:00
329.177083,-0.444,1069697700.0,2003-11-25 05:15:00+11:00
329.1875,-0.364,1069698600.0,2003-11-25 05:30:00+11:00
329.197917,-0.314,1069699500.0,2003-11-25 05:45:00+11:00
329.208333,-0.234,1069700400.0,2003-11-25 06:00:00+11:00
329.21875,-0.134,1069701300.0,2003-11-25 06:15:00+11:00
329.229167,-0.024,1069702200.0,2003-11-25 06:30:00+11:00
329.239583,0.056,1069703100.0,2003-11-25 06:45:00+11:00
329.25,0.136,1069704000.0,2003-11-25 07:00:00+11:00
329.260417,0.196,1069704900.0,2003-11-25 07:15:00+11:00
329.270833,0.296,1069705800.0,2003-11-25 07:30:00+11:00
329.28125,0.376,1069706700.0,2003-11-25 07:45:00+11:00
329.291667,0.476,1069707600.0,2003-11-25 08:00:00+11:00
329.302083,0.506,1069708500.0,2003-11-25 08:15:00+11:00
329.3125,0.536,1069709400.0,2003-11-25 08:30:00+11:00
329.322917,0.636,1069710300.0,2003-11-25 08:45:00+11:00
329.333333,0.686,1069711200.0,2003-11-25 09:00:00+11:00
329.34375,0.686,1069712100.0,2003-11-25 09:15:00+11:00
329.354167,0.676,1069713000.0,2003-11-25 09:30:00+11:00
329.364583,0.716,1069713900.0,2003-11-25 09:45:00+11:00
329.375,0.686,1069714800.0,2003-11-25 10:00:00+11:00
329.385417,0.706,1069715700.0,2003-11-25 10:15:00+11:00
329.395833,0.676,1069716600.0,2003-11-25 10:30:00+11:00
329.40625,0.556,1069717500.0,2003-11-25 10:45:00+11:00
329.416667,0.556,1069718400.0,2003-11-25 11:00:00+11:00
329.427083,0.496,1069719300.0,2003-11-25 11:15:00+11:00
329.4375,0.416,1069720200.0,2003-11-25 11:30:00+11:00
329.447917,0.326,1069721100.0,2003-11-25 11:45:00+11:00
329.458333,0.216,1069722000.0,2003-11-25 12:00:00+11:00
329.46875,0.146,1069722900.0,2003-11-25 12:15:00+11:00
329.479167,0.076,1069723800.0,2003-11-25 12:30:00+11:00
329.489583,-0.054,1069724700.0,2003-11-25 12:45:00+11:00
329.5,-0.164,1069725600.0,2003-11-25 13:00:00+11:00
329.510417,-0.284,1069726500.0,2003-11-25 13:15:00+11:00
329.520833,-0.354,1069727400.0,2003-11-25 13:30:00+11:00
329.53125,-0.444,1069728300.0,2003-11-25 13:45:00+11:00
329.541667,-0.584,1069729200.0,2003-11-25 14:00:00+11:00
329.552083,-0.674,1069730100.0,2003-11-25 14:15:00+11:00
329.5625,-0.734,1069731000.0,2003-11-25 14:30:00+11:00
329.572917,-0.804,1069731900.0,2003-11-25 14:45:00+11:00
329.583333,-0.874,1069732800.0,2003-11-25 15:00:00+11:00
329.59375,-0.944,1069733700.0,2003-11-25 15:15:00+11:00
329.604167,-1.014,1069734600.0,2003-11-25 15:30:00+11:00
329.614583,-1.014,1069735500.0,2003-11-25 15:45:00+11:00
329.625,-1.044,1069736400.0,2003-11-25 16:00:00+11:00
329.635417,-1.114,1069737300.0,2003-11-25 16:15:00+11:00
329.645833,-1.114,1069738200.0,2003-11-25 16:30:00+11:00
329.65625,-1.104,1069739100.0,2003-11-25 16:45:00+11:00
329.666667,-1.084,1069740000.0,2003-11-25 17:00:00+11:00
329.677083,-1.054,1069740900.0,2003-11-25 17:15:00+11:00
329.6875,-1.064,1069741800.0,2003-11-25 17:30:00+11:00
329.697917,-1.014,1069742700.0,2003-11-25 17:45:00+11:00
329.708333,-0.934,1069743600.0,2003-11-25 18:00:00+11:00
329.71875,-0.894,1069744500.0,2003-11-25 18:15:00+11:00
329.729167,-0.854,1069745400.0,2003-11-25 18:30:00+11:00
329.739583,-0.814,1069746300.0,2003-11-25 18:45:00+11:00
329.75,-0.714,1069747200.0,2003-11-25 19:00:00+11:00
329.760417,-0.634,1069748100.0,2003-11-25 19:15:00+11:00
329.770833,-0.564,1069749000.0,2003-11-25 19:30:00+11:00
329.78125,-0.524,1069749900.0,2003-11-25 19:45:00+11:00
329.791667,-0.414,1069750800.0,2003-11-25 20:00:00+11:00
329.802083,-0.344,1069751700.0,2003-11-25 20:15:00+11:00
329.8125,-0.284,1069752600.0,2003-11-25 20:30:00+11:00
329.822917,-0.214,1069753500.0,2003-11-25 20:45:00+11:00
329.833333,-0.174,1069754400.0,2003-11-25 21:00:00+11:00
329.84375,-0.084,1069755300.0,2003-11-25 21:15:00+11:00
329.854167,-0.044,1069756200.0,2003-11-25 21:30:00+11:00
329.864583,-0.024,1069757100.0,2003-11-25 21:45:00+11:00
329.875,0.026,1069758000.0,2003-11-25 22:00:00+11:00
329.885417,0.036,1069758900.0,2003-11-25 22:15:00+11:00
329.895833,0.056,1069759800.0,2003-11-25 22:30:00+11:00
329.90625,0.056,1069760700.0,2003-11-25 22:45:00+11:00
329.916667,0.056,1069761600.0,2003-11-25 23:00:00+11:00
329.927083,-0.004,1069762500.0,2003-11-25 23:15:00+11:00
329.9375,0.006,1069763400.0,2003-11-25 23:30:00+11:00
329.947917,-0.014,1069764300.0,2003-11-25 23:45:00+11:00
329.958333,-0.094,1069765200.0,2003-11-26 00:00:00+11:00
329.96875,-0.104,1069766100.0,2003-11-26 00:15:00+11:00
329.979167,-0.164,1069767000.0,2003-11-26 00:30:00+11:00
329.989583,-0.204,1069767900.0,2003-11-26 00:45:00+11:00
330.0,-0.274,1069768800.0,2003-11-26 01:00:00+11:00
330.010417,-0.314,1069769700.0,2003-11-26 01:15:00+11:00
330.020833,-0.384,1069770600.0,2003-11-26 01:30:00+11:00
330.03125,-0.454,1069771500.0,2003-11-26 01:45:00+11:00
330.041667,-0.464,1069772400.0,2003-11-26 02:00:00+11:00
330.052083,-0.524,1069773300.0,2003-11-26 02:15:00+11:00
330.0625,-0.614,1069774200.0,2003-11-26 02:30:00+11:00
330.072917,-0.634,1069775100.0,2003-11-26 02:45:00+11:00
330.083333,-0.644,1069776000.0,2003-11-26 03:00:00+11:00
330.09375,-0.704,1069776900.0,2003-11-26 03:15:00+11:00
330.104167,-0.734,1069777800.0,2003-11-26 03:30:00+11:00
330.114583,-0.724,1069778700.0,2003-11-26 03:45:00+11:00
330.125,-0.744,1069779600.0,2003-11-26 04:00:00+11:00
330.135417,-0.764,1069780500.0,2003-11-26 04:15:00+11:00
330.145833,-0.704,1069781400.0,2003-11-26 04:30:00+11:00
330.15625,-0.714,1069782300.0,2003-11-26 04:45:00+11:00
330.166667,-0.684,1069783200.0,2003-11-26 05:00:00+11:00
330.177083,-0.644,1069784100.0,2003-11-26 05:15:00+11:00
330.1875,-0.604,1069785000.0,2003-11-26 05:30:00+11:00
330.197917,-0.534,1069785900.0,2003-11-26 05:45:00+11:00
330.208333,-0.484,1069786800.0,2003-11-26 06:00:00+11:00
330.21875,-0.414,1069787700.0,2003-11-26 06:15:00+11:00
330.229167,-0.354,1069788600.0,2003-11-26 06:30:00+11:00
330.239583,-0.264,1069789500.0,2003-11-26 06:45:00+11:00
330.25,-0.174,1069790400.0,2003-11-26 07:00:00+11:00
330.260417,-0.094,1069791300.0,2003-11-26 07:15:00+11:00
330.270833,-0.014,1069792200.0,2003-11-26 07:30:00+11:00
330.28125,0.026,1069793100.0,2003-11-26 07:45:00+11:00
330.291667,0.156,1069794000.0,2003-11-26 08:00:00+11:00
330.302083,0.236,1069794900.0,2003-11-26 08:15:00+11:00
330.3125,0.306,1069795800.0,2003-11-26 08:30:00+11:00
330.322917,0.366,1069796700.0,2003-11-26 08:45:00+11:00
330.333333,0.416,1069797600.0,2003-11-26 09:00:00+11:00
330.34375,0.496,1069798500.0,2003-11-26 09:15:00+11:00
330.354167,0.546,1069799400.0,2003-11-26 09:30:00+11:00
330.364583,0.586,1069800300.0,2003-11-26 09:45:00+11:00
330.375,0.616,1069801200.0,2003-11-26 10:00:00+11:00
330.385417,0.636,1069802100.0,2003-11-26 10:15:00+11:00
330.395833,0.656,1069803000.0,2003-11-26 10:30:00+11:00
330.40625,0.636,1069803900.0,2003-11-26 10:45:00+11:00
330.416667,0.626,1069804800.0,2003-11-26 11:00:00+11:00
330.427083,0.596,1069805700.0,2003-11-26 11:15:00+11:00
330.4375,0.586,1069806600.0,2003-11-26 11:30:00+11:00
330.447917,0.516,1069807500.0,2003-11-26 11:45:00+11:00
330.458333,0.456,1069808400.0,2003-11-26 12:00:00+11:00
330.46875,0.436,1069809300.0,2003-11-26 12:15:00+11:00
330.479167,0.306,1069810200.0,2003-11-26 12:30:00+11:00
330.489583,0.226,1069811100.0,2003-11-26 12:45:00+11:00
330.5,0.146,1069812000.0,2003-11-26 13:00:00+11:00
330.510417,0.056,1069812900.0,2003-11-26 13:15:00+11:00
330.520833,-0.034,1069813800.0,2003-11-26 13:30:00+11:00
330.53125,-0.124,1069814700.0,2003-11-26 13:45:00+11:00
330.541667,-0.234,1069815600.0,2003-11-26 14:00:00+11:00
330.552083,-0.354,1069816500.0,2003-11-26 14:15:00+11:00
330.5625,-0.444,1069817400.0,2003-11-26 14:30:00+11:00
330.572917,-0.514,1069818300.0,2003-11-26 14:45:00+11:00
330.583333,-0.624,1069819200.0,2003-11-26 15:00:00+11:00
330.59375,-0.714,1069820100.0,2003-11-26 15:15:00+11:00
330.604167,-0.804,1069821000.0,2003-11-26 15:30:00+11:00
330.614583,-0.864,1069821900.0,2003-11-26 15:45:00+11:00
330.625,-0.924,1069822800.0,2003-11-26 16:00:00+11:00
330.635417,-0.994,1069823700.0,2003-11-26 16:15:00+11:00
330.645833,-1.044,1069824600.0,2003-11-26 16:30:00+11:00
330.65625,-1.124,1069825500.0,2003-11-26 16:45:00+11:00
330.666667,-1.084,1069826400.0,2003-11-26 17:00:00+11:00
330.677083,-1.144,1069827300.0,2003-11-26 17:15:00+11:00
330.6875,-1.184,1069828200.0,2003-11-26 17:30:00+11:00
330.697917,-1.134,1069829100.0,2003-11-26 17:45:00+11:00
330.708333,-1.164,1069830000.0,2003-11-26 18:00:00+11:00
330.71875,-1.114,1069830900.0,2003-11-26 18:15:00+11:00
330.729167,-1.094,1069831800.0,2003-11-26 18:30:00+11:00
330.739583,-1.064,1069832700.0,2003-11-26 18:45:00+11:00
330.75,-1.024,1069833600.0,2003-11-26 19:00:00+11:00
330.760417,-0.954,1069834500.0,2003-11-26 19:15:00+11:00
330.770833,-0.914,1069835400.0,2003-11-26 19:30:00+11:00
330.78125,-0.874,1069836300.0,2003-11-26 19:45:00+11:00
330.791667,-0.784,1069837200.0,2003-11-26 20:00:00+11:00
330.802083,-0.724,1069838100.0,2003-11-26 20:15:00+11:00
330.8125,-0.664,1069839000.0,2003-11-26 20:30:00+11:00
330.822917,-0.594,1069839900.0,2003-11-26 20:45:00+11:00
330.833333,-0.534,1069840800.0,2003-11-26 21:00:00+11:00
330.84375,-0.444,1069841700.0,2003-11-26 21:15:00+11:00
330.854167,-0.374,1069842600.0,2003-11-26 21:30:00+11:00
330.864583,-0.324,1069843500.0,2003-11-26 21:45:00+11:00
330.875,-0.264,1069844400.0,2003-11-26 22:00:00+11:00
330.885417,-0.224,1069845300.0,2003-11-26 22:15:00+11:00
330.895833,-0.164,1069846200.0,2003-11-26 22:30:00+11:00
330.90625,-0.124,1069847100.0,2003-11-26 22:45:00+11:00
330.916667,-0.104,1069848000.0,2003-11-26 23:00:00+11:00
330.927083,-0.104,1069848900.0,2003-11-26 23:15:00+11:00
330.9375,-0.064,1069849800.0,2003-11-26 23:30:00+11:00
330.947917,-0.054,1069850700.0,2003-11-26 23:45:00+11:00
330.958333,-0.074,1069851600.0,2003-11-27 00:00:00+11:00
330.96875,-0.074,1069852500.0,2003-11-27 00:15:00+11:00
330.979167,-0.094,1069853400.0,2003-11-27 00:30:00+11:00
330.989583,-0.114,1069854300.0,2003-11-27 00:45:00+11:00
331.0,-0.154,1069855200.0,2003-11-27 01:00:00+11:00
331.010417,-0.204,1069856100.0,2003-11-27 01:15:00+11:00
331.020833,-0.234,1069857000.0,2003-11-27 01:30:00+11:00
331.03125,-0.274,1069857900.0,2003-11-27 01:45:00+11:00
331.041667,-0.324,1069858800.0,2003-11-27 02:00:00+11:00
331.052083,-0.374,1069859700.0,2003-11-27 02:15:00+11:00
331.0625,-0.454,1069860600.0,2003-11-27 02:30:00+11:00
331.072917,-0.474,1069861500.0,2003-11-27 02:45:00+11:00
331.083333,-0.514,1069862400.0,2003-11-27 03:00:00+11:00
331.09375,-0.564,1069863300.0,2003-11-27 03:15:00+11:00
331.104167,-0.614,1069864200.0,2003-11-27 03:30:00+11:00
331.114583,-0.644,1069865100.0,2003-11-27 03:45:00+11:00
331.125,-0.664,1069866000.0,2003-11-27 04:00:00+11:00
331.135417,-0.694,1069866900.0,2003-11-27 04:15:00+11:00
331.145833,-0.704,1069867800.0,2003-11-27 04:30:00+11:00
331.15625,-0.714,1069868700.0,2003-11-27 04:45:00+11:00
331.166667,-0.734,1069869600.0,2003-11-27 05:00:00+11:00
331.177083,-0.724,1069870500.0,2003-11-27 05:15:00+11:00
331.1875,-0.694,1069871400.0,2003-11-27 05:30:00+11:00
331.197917,-0.674,1069872300.0,2003-11-27 05:45:00+11:00
331.208333,-0.674,1069873200.0,2003-11-27 06:00:00+11:00
331.21875,-0.624,1069874100.0,2003-11-27 06:15:00+11:00
331.229167,-0.564,1069875000.0,2003-11-27 06:30:00+11:00
331.239583,-0.524,1069875900.0,2003-11-27 06:45:00+11:00
331.25,-0.454,1069876800.0,2003-11-27 07:00:00+11:00
331.260417,-0.414,1069877700.0,2003-11-27 07:15:00+11:00
331.270833,-0.324,1069878600.0,2003-11-27 07:30:00+11:00
331.28125,-0.254,1069879500.0,2003-11-27 07:45:00+11:00
331.291667,-0.184,1069880400.0,2003-11-27 08:00:00+11:00
331.302083,-0.104,1069881300.0,2003-11-27 08:15:00+11:00
331.3125,-0.034,1069882200.0,2003-11-27 08:30:00+11:00
331.322917,0.046,1069883100.0,2003-11-27 08:45:00+11:00
331.333333,0.126,1069884000.0,2003-11-27 09:00:00+11:00
331.34375,0.206,1069884900.0,2003-11-27 09:15:00+11:00
331.354167,0.256,1069885800.0,2003-11-27 09:30:00+11:00
331.364583,0.306,1069886700.0,2003-11-27 09:45:00+11:00
331.375,0.386,1069887600.0,2003-11-27 10:00:00+11:00
331.385417,0.456,1069888500.0,2003-11-27 10:15:00+11:00
331.395833,0.476,1069889400.0,2003-11-27 10:30:00+11:00
331.40625,0.496,1069890300.0,2003-11-27 10:45:00+11:00
331.416667,0.526,1069891200.0,2003-11-27 11:00:00+11:00
331.427083,0.566,1069892100.0,2003-11-27 11:15:00+11:00
331.4375,0.566,1069893000.0,2003-11-27 11:30:00+11:00
331.447917,0.546,1069893900.0,2003-11-27 11:45:00+11:00
331.458333,0.526,1069894800.0,2003-11-27 12:00:00+11:00
331.46875,0.506,1069895700.0,2003-11-27 12:15:00+11:00
331.479167,0.476,1069896600.0,2003-11-27 12:30:00+11:00
331.489583,0.416,1069897500.0,2003-11-27 12:45:00+11:00
331.5,0.366,1069898400.0,2003-11-27 13:00:00+11:00
331.510417,0.276,1069899300.0,2003-11-27 13:15:00+11:00
331.520833,0.236,1069900200.0,2003-11-27 13:30:00+11:00
331.53125,0.166,1069901100.0,2003-11-27 13:45:00+11:00
331.541667,0.066,1069902000.0,2003-11-27 14:00:00+11:00
331.552083,-0.024,1069902900.0,2003-11-27 14:15:00+11:00
331.5625,-0.114,1069903800.0,2003-11-27 14:30:00+11:00
331.572917,-0.194,1069904700.0,2003-11-27 14:45:00+11:00
331.583333,-0.274,1069905600.0,2003-11-27 15:00:00+11:00
331.59375,-0.394,1069906500.0,2003-11-27 15:15:00+11:00
331.604167,-0.474,1069907400.0,2003-11-27 15:30:00+11:00
331.614583,-0.574,1069908300.0,2003-11-27 15:45:00+11:00
331.625,-0.634,1069909200.0,2003-11-27 16:00:00+11:00
331.635417,-0.714,1069910100.0,2003-11-27 16:15:00+11:00
331.645833,-0.834,1069911000.0,2003-11-27 16:30:00+11:00
331.65625,-0.884,1069911900.0,2003-11-27 16:45:00+11:00
331.666667,-0.934,1069912800.0,2003-11-27 17:00:00+11:00
331.677083,-0.974,1069913700.0,2003-11-27 17:15:00+11:00
331.6875,-1.044,1069914600.0,2003-11-27 17:30:00+11:00
331.697917,-1.084,1069915500.0,2003-11-27 17:45:00+11:00
331.708333,-1.124,1069916400.0,2003-11-27 18:00:00+11:00
331.71875,-1.144,1069917300.0,2003-11-27 18:15:00+11:00
331.729167,-1.124,1069918200.0,2003-11-27 18:30:00+11:00
331.739583,-1.124,1069919100.0,2003-11-27 18:45:00+11:00
331.75,-1.164,1069920000.0,2003-11-27 19:00:00+11:00
331.760417,-1.124,1069920900.0,2003-11-27 19:15:00+11:00
331.770833,-1.084,1069921800.0,2003-11-27 19:30:00+11:00
331.78125,-1.044,1069922700.0,2003-11-27 19:45:00+11:00
331.791667,-1.014,1069923600.0,2003-11-27 20:00:00+11:00
331.802083,-0.984,1069924500.0,2003-11-27 20:15:00+11:00
331.8125,-0.934,1069925400.0,2003-11-27 20:30:00+11:00
331.822917,-0.854,1069926300.0,2003-11-27 20:45:00+11:00
331.833333,-0.804,1069927200.0,2003-11-27 21:00:00+11:00
331.84375,-0.754,1069928100.0,2003-11-27 21:15:00+11:00
331.854167,-0.694,1069929000.0,2003-11-27 21:30:00+11:00
331.864583,-0.624,1069929900.0,2003-11-27 21:45:00+11:00
331.875,-0.544,1069930800.0,2003-11-27 22:00:00+11:00
331.885417,-0.484,1069931700.0,2003-11-27 22:15:00+11:00
331.895833,-0.444,1069932600.0,2003-11-27 22:30:00+11:00
331.90625,-0.374,1069933500.0,2003-11-27 22:45:00+11:00
331.916667,-0.334,1069934400.0,2003-11-27 23:00:00+11:00
331.927083,-0.254,1069935300.0,2003-11-27 23:15:00+11:00
331.9375,-0.214,1069936200.0,2003-11-27 23:30:00+11:00
331.947917,-0.214,1069937100.0,2003-11-27 23:45:00+11:00
331.958333,-0.154,1069938000.0,2003-11-28 00:00:00+11:00
331.96875,-0.134,1069938900.0,2003-11-28 00:15:00+11:00
331.979167,-0.124,1069939800.0,2003-11-28 00:30:00+11:00
331.989583,-0.124,1069940700.0,2003-11-28 00:45:00+11:00
332.0,-0.114,1069941600.0,2003-11-28 01:00:00+11:00
332.010417,-0.144,1069942500.0,2003-11-28 01:15:00+11:00
332.020833,-0.134,1069943400.0,2003-11-28 01:30:00+11:00
332.03125,-0.174,1069944300.0,2003-11-28 01:45:00+11:00
332.041667,-0.214,1069945200.0,2003-11-28 02:00:00+11:00
332.052083,-0.214,1069946100.0,2003-11-28 02:15:00+11:00
332.0625,-0.264,1069947000.0,2003-11-28 02:30:00+11:00
332.072917,-0.304,1069947900.0,2003-11-28 02:45:00+11:00
332.083333,-0.344,1069948800.0,2003-11-28 03:00:00+11:00
332.09375,-0.374,1069949700.0,2003-11-28 03:15:00+11:00
332.104167,-0.404,1069950600.0,2003-11-28 03:30:00+11:00
332.114583,-0.464,1069951500.0,2003-11-28 03:45:00+11:00
332.125,-0.484,1069952400.0,2003-11-28 04:00:00+11:00
332.135417,-0.524,1069953300.0,2003-11-28 04:15:00+11:00
332.145833,-0.574,1069954200.0,2003-11-28 04:30:00+11:00
332.15625,-0.594,1069955100.0,2003-11-28 04:45:00+11:00
332.166667,-0.624,1069956000.0,2003-11-28 05:00:00+11:00
332.177083,-0.654,1069956900.0,2003-11-28 05:15:00+11:00
332.1875,-0.634,1069957800.0,2003-11-28 05:30:00+11:00
332.197917,-0.644,1069958700.0,2003-11-28 05:45:00+11:00
332.208333,-0.664,1069959600.0,2003-11-28 06:00:00+11:00
332.21875,-0.654,1069960500.0,2003-11-28 06:15:00+11:00
332.229167,-0.644,1069961400.0,2003-11-28 06:30:00+11:00
332.239583,-0.614,1069962300.0,2003-11-28 06:45:00+11:00
332.25,-0.554,1069963200.0,2003-11-28 07:00:00+11:00
332.260417,-0.564,1069964100.0,2003-11-28 07:15:00+11:00
332.270833,-0.514,1069965000.0,2003-11-28 07:30:00+11:00
332.28125,-0.444,1069965900.0,2003-11-28 07:45:00+11:00
332.291667,-0.404,1069966800.0,2003-11-28 08:00:00+11:00
332.302083,-0.344,1069967700.0,2003-11-28 08:15:00+11:00
332.3125,-0.274,1069968600.0,2003-11-28 08:30:00+11:00
332.322917,-0.224,1069969500.0,2003-11-28 08:45:00+11:00
332.333333,-0.134,1069970400.0,2003-11-28 09:00:00+11:00
332.34375,-0.084,1069971300.0,2003-11-28 09:15:00+11:00
332.354167,-0.014,1069972200.0,2003-11-28 09:30:00+11:00
332.364583,0.066,1069973100.0,2003-11-28 09:45:00+11:00
332.375,0.126,1069974000.0,2003-11-28 10:00:00+11:00
332.385417,0.186,1069974900.0,2003-11-28 10:15:00+11:00
332.395833,0.226,1069975800.0,2003-11-28 10:30:00+11:00
332.40625,0.306,1069976700.0,2003-11-28 10:45:00+11:00
332.416667,0.336,1069977600.0,2003-11-28 11:00:00+11:00
332.427083,0.386,1069978500.0,2003-11-28 11:15:00+11:00
332.4375,0.426,1069979400.0,2003-11-28 11:30:00+11:00
332.447917,0.436,1069980300.0,2003-11-28 11:45:00+11:00
332.458333,0.486,1069981200.0,2003-11-28 12:00:00+11:00
332.46875,0.476,1069982100.0,2003-11-28 12:15:00+11:00
332.479167,0.486,1069983000.0,2003-11-28 12:30:00+11:00
332.489583,0.456,1069983900.0,2003-11-28 12:45:00+11:00
332.5,0.466,1069984800.0,2003-11-28 13:00:00+11:00
332.510417,0.436,1069985700.0,2003-11-28 13:15:00+11:00
332.520833,0.386,1069986600.0,2003-11-28 13:30:00+11:00
332.53125,0.346,1069987500.0,2003-11-28 13:45:00+11:00
332.541667,0.286,1069988400.0,2003-11-28 14:00:00+11:00
332.552083,0.236,1069989300.0,2003-11-28 14:15:00+11:00
332.5625,0.176,1069990200.0,2003-11-28 14:30:00+11:00
332.572917,0.096,1069991100.0,2003-11-28 14:45:00+11:00
332.583333,0.016,1069992000.0,2003-11-28 15:00:00+11:00
332.59375,-0.054,1069992900.0,2003-11-28 15:15:00+11:00
332.604167,-0.144,1069993800.0,2003-11-28 15:30:00+11:00
332.614583,-0.234,1069994700.0,2003-11-28 15:45:00+11:00
332.625,-0.324,1069995600.0,2003-11-28 16:00:00+11:00
332.635417,-0.394,1069996500.0,2003-11-28 16:15:00+11:00
332.645833,-0.474,1069997400.0,2003-11-28 16:30:00+11:00
332.65625,-0.554,1069998300.0,2003-11-28 16:45:00+11:00
332.666667,-0.644,1069999200.0,2003-11-28 17:00:00+11:00
332.677083,-0.714,1070000100.0,2003-11-28 17:15:00+11:00
332.6875,-0.744,1070001000.0,2003-11-28 17:30:00+11:00
332.697917,-0.824,1070001900.0,2003-11-28 17:45:00+11:00
332.708333,-0.914,1070002800.0,2003-11-28 18:00:00+11:00
332.71875,-0.924,1070003700.0,2003-11-28 18:15:00+11:00
332.729167,-0.954,1070004600.0,2003-11-28 18:30:00+11:00
332.739583,-0.994,1070005500.0,2003-11-28 18:45:00+11:00
332.75,-1.034,1070006400.0,2003-11-28 19:00:00+11:00
332.760417,-1.064,1070007300.0,2003-11-28 19:15:00+11:00
332.770833,-1.064,1070008200.0,2003-11-28 19:30:00+11:00
332.78125,-1.044,1070009100.0,2003-11-28 19:45:00+11:00
332.791667,-1.044,1070010000.0,2003-11-28 20:00:00+11:00
332.802083,-1.034,1070010900.0,2003-11-28 20:15:00+11:00
332.8125,-1.014,1070011800.0,2003-11-28 20:30:00+11:00
332.822917,-0.974,1070012700.0,2003-11-28 20:45:00+11:00
332.833333,-0.924,1070013600.0,2003-11-28 21:00:00+11:00
332.84375,-0.904,1070014500.0,2003-11-28 21:15:00+11:00
332.854167,-0.864,1070015400.0,2003-11-28 21:30:00+11:00
332.864583,-0.794,1070016300.0,2003-11-28 21:45:00+11:00
332.875,-0.744,1070017200.0,2003-11-28 22:00:00+11:00
332.885417,-0.694,1070018100.0,2003-11-28 22:15:00+11:00
332.895833,-0.644,1070019000.0,2003-11-28 22:30:00+11:00
332.90625,-0.574,1070019900.0,2003-11-28 22:45:00+11:00
332.916667,-0.534,1070020800.0,2003-11-28 23:00:00+11:00
332.927083,-0.454,1070021700.0,2003-11-28 23:15:00+11:00
332.9375,-0.404,1070022600.0,2003-11-28 23:30:00+11:00
332.947917,-0.374,1070023500.0,2003-11-28 23:45:00+11:00
332.958333,-0.304,1070024400.0,2003-11-29 00:00:00+11:00
332.96875,-0.264,1070025300.0,2003-11-29 00:15:00+11:00
332.979167,-0.234,1070026200.0,2003-11-29 00:30:00+11:00
332.989583,-0.194,1070027100.0,2003-11-29 00:45:00+11:00
333.0,-0.184,1070028000.0,2003-11-29 01:00:00+11:00
