Stage,Xmom,Ymom,timestamp,DateTimeTZ
-0.574,0,0,1064152800,2003-09-22 00:00:00+10:00
-0.584,0,0,1064153700,2003-09-22 00:15:00+10:00
-0.584,0,0,1064154600,2003-09-22 00:30:00+10:00
-0.544,0,0,1064155500,2003-09-22 00:45:00+10:00
-0.464,0,0,1064156400,2003-09-22 01:00:00+10:00
-0.484,0,0,1064157300,2003-09-22 01:15:00+10:00
-0.444,0,0,1064158200,2003-09-22 01:30:00+10:00
-0.374,0,0,1064159100,2003-09-22 01:45:00+10:00
-0.334,0,0,1064160000,2003-09-22 02:00:00+10:00
-0.294,0,0,1064160900,2003-09-22 02:15:00+10:00
-0.244,0,0,1064161800,2003-09-22 02:30:00+10:00
-0.244,0,0,1064162700,2003-09-22 02:45:00+10:00
-0.174,0,0,1064163600,2003-09-22 03:00:00+10:00
-0.114,0,0,1064164500,2003-09-22 03:15:00+10:00
-0.064,0,0,1064165400,2003-09-22 03:30:00+10:00
-0.064,0,0,1064166300,2003-09-22 03:45:00+10:00
0.006,0,0,1064167200,2003-09-22 04:00:00+10:00
0.026,0,0,1064168100,2003-09-22 04:15:00+10:00
0.026,0,0,1064169000,2003-09-22 04:30:00+10:00
0.106,0,0,1064169900,2003-09-22 04:45:00+10:00
0.086,0,0,1064170800,2003-09-22 05:00:00+10:00
0.086,0,0,1064171700,2003-09-22 05:15:00+10:00
0.116,0,0,1064172600,2003-09-22 05:30:00+10:00
0.106,0,0,1064173500,2003-09-22 05:45:00+10:00
0.116,0,0,1064174400,2003-09-22 06:00:00+10:00
0.076,0,0,1064175300,2003-09-22 06:15:00+10:00
0.076,0,0,1064176200,2003-09-22 06:30:00+10:00
0.066,0,0,1064177100,2003-09-22 06:45:00+10:00
0.056,0,0,1064178000,2003-09-22 07:00:00+10:00
0.016,0,0,1064178900,2003-09-22 07:15:00+10:00
-0.044,0,0,1064179800,2003-09-22 07:30:00+10:00
-0.044,0,0,1064180700,2003-09-22 07:45:00+10:00
-0.064,0,0,1064181600,2003-09-22 08:00:00+10:00
-0.104,0,0,1064182500,2003-09-22 08:15:00+10:00
-0.164,0,0,1064183400,2003-09-22 08:30:00+10:00
-0.154,0,0,1064184300,2003-09-22 08:45:00+10:00
-0.184,0,0,1064185200,2003-09-22 09:00:00+10:00
-0.254,0,0,1064186100,2003-09-22 09:15:00+10:00
-0.244,0,0,1064187000,2003-09-22 09:30:00+10:00
-0.264,0,0,1064187900,2003-09-22 09:45:00+10:00
-0.284,0,0,1064188800,2003-09-22 10:00:00+10:00
-0.304,0,0,1064189700,2003-09-22 10:15:00+10:00
-0.324,0,0,1064190600,2003-09-22 10:30:00+10:00
-0.324,0,0,1064191500,2003-09-22 10:45:00+10:00
-0.324,0,0,1064192400,2003-09-22 11:00:00+10:00
-0.294,0,0,1064193300,2003-09-22 11:15:00+10:00
-0.314,0,0,1064194200,2003-09-22 11:30:00+10:00
-0.264,0,0,1064195100,2003-09-22 11:45:00+10:00
-0.244,0,0,1064196000,2003-09-22 12:00:00+10:00
-0.234,0,0,1064196900,2003-09-22 12:15:00+10:00
-0.214,0,0,1064197800,2003-09-22 12:30:00+10:00
-0.094,0,0,1064198700,2003-09-22 12:45:00+10:00
-0.104,0,0,1064199600,2003-09-22 13:00:00+10:00
-0.064,0,0,1064200500,2003-09-22 13:15:00+10:00
0.026,0,0,1064201400,2003-09-22 13:30:00+10:00
0.016,0,0,1064202300,2003-09-22 13:45:00+10:00
0.146,0,0,1064203200,2003-09-22 14:00:00+10:00
0.176,0,0,1064204100,2003-09-22 14:15:00+10:00
0.176,0,0,1064205000,2003-09-22 14:30:00+10:00
0.236,0,0,1064205900,2003-09-22 14:45:00+10:00
0.336,0,0,1064206800,2003-09-22 15:00:00+10:00
0.376,0,0,1064207700,2003-09-22 15:15:00+10:00
0.396,0,0,1064208600,2003-09-22 15:30:00+10:00
0.466,0,0,1064209500,2003-09-22 15:45:00+10:00
0.496,0,0,1064210400,2003-09-22 16:00:00+10:00
0.526,0,0,1064211300,2003-09-22 16:15:00+10:00
0.546,0,0,1064212200,2003-09-22 16:30:00+10:00
0.586,0,0,1064213100,2003-09-22 16:45:00+10:00
0.596,0,0,1064214000,2003-09-22 17:00:00+10:00
0.606,0,0,1064214900,2003-09-22 17:15:00+10:00
0.606,0,0,1064215800,2003-09-22 17:30:00+10:00
0.596,0,0,1064216700,2003-09-22 17:45:00+10:00
0.596,0,0,1064217600,2003-09-22 18:00:00+10:00
0.566,0,0,1064218500,2003-09-22 18:15:00+10:00
0.566,0,0,1064219400,2003-09-22 18:30:00+10:00
0.486,0,0,1064220300,2003-09-22 18:45:00+10:00
0.426,0,0,1064221200,2003-09-22 19:00:00+10:00
0.466,0,0,1064222100,2003-09-22 19:15:00+10:00
0.386,0,0,1064223000,2003-09-22 19:30:00+10:00
0.336,0,0,1064223900,2003-09-22 19:45:00+10:00
0.206,0,0,1064224800,2003-09-22 20:00:00+10:00
0.166,0,0,1064225700,2003-09-22 20:15:00+10:00
0.166,0,0,1064226600,2003-09-22 20:30:00+10:00
0.056,0,0,1064227500,2003-09-22 20:45:00+10:00
-0.054,0,0,1064228400,2003-09-22 21:00:00+10:00
-0.114,0,0,1064229300,2003-09-22 21:15:00+10:00
-0.224,0,0,1064230200,2003-09-22 21:30:00+10:00
-0.264,0,0,1064231100,2003-09-22 21:45:00+10:00
-0.344,0,0,1064232000,2003-09-22 22:00:00+10:00
-0.454,0,0,1064232900,2003-09-22 22:15:00+10:00
-0.484,0,0,1064233800,2003-09-22 22:30:00+10:00
-0.454,0,0,1064234700,2003-09-22 22:45:00+10:00
-0.454,0,0,1064235600,2003-09-22 23:00:00+10:00
-0.614,0,0,1064236500,2003-09-22 23:15:00+10:00
-0.564,0,0,1064237400,2003-09-22 23:30:00+10:00
-0.634,0,0,1064238300,2003-09-22 23:45:00+10:00
-0.544,0,0,1064239200,2003-09-23 00:00:00+10:00
-0.564,0,0,1064240100,2003-09-23 00:15:00+10:00
-0.624,0,0,1064241000,2003-09-23 00:30:00+10:00
-0.664,0,0,1064241900,2003-09-23 00:45:00+10:00
-0.604,0,0,1064242800,2003-09-23 01:00:00+10:00
-0.404,0,0,1064243700,2003-09-23 01:15:00+10:00
-0.524,0,0,1064244600,2003-09-23 01:30:00+10:00
-0.584,0,0,1064245500,2003-09-23 01:45:00+10:00
-0.414,0,0,1064246400,2003-09-23 02:00:00+10:00
-0.374,0,0,1064247300,2003-09-23 02:15:00+10:00
-0.324,0,0,1064248200,2003-09-23 02:30:00+10:00
-0.284,0,0,1064249100,2003-09-23 02:45:00+10:00
-0.294,0,0,1064250000,2003-09-23 03:00:00+10:00
-0.194,0,0,1064250900,2003-09-23 03:15:00+10:00
-0.054,0,0,1064251800,2003-09-23 03:30:00+10:00
-0.084,0,0,1064252700,2003-09-23 03:45:00+10:00
-0.054,0,0,1064253600,2003-09-23 04:00:00+10:00
0.046,0,0,1064254500,2003-09-23 04:15:00+10:00
0.026,0,0,1064255400,2003-09-23 04:30:00+10:00
0.086,0,0,1064256300,2003-09-23 04:45:00+10:00
0.226,0,0,1064257200,2003-09-23 05:00:00+10:00
0.106,0,0,1064258100,2003-09-23 05:15:00+10:00
0.166,0,0,1064259000,2003-09-23 05:30:00+10:00
0.216,0,0,1064259900,2003-09-23 05:45:00+10:00
0.236,0,0,1064260800,2003-09-23 06:00:00+10:00
0.206,0,0,1064261700,2003-09-23 06:15:00+10:00
0.186,0,0,1064262600,2003-09-23 06:30:00+10:00
0.216,0,0,1064263500,2003-09-23 06:45:00+10:00
0.186,0,0,1064264400,2003-09-23 07:00:00+10:00
0.206,0,0,1064265300,2003-09-23 07:15:00+10:00
0.106,0,0,1064266200,2003-09-23 07:30:00+10:00
0.086,0,0,1064267100,2003-09-23 07:45:00+10:00
0.096,0,0,1064268000,2003-09-23 08:00:00+10:00
0.046,0,0,1064268900,2003-09-23 08:15:00+10:00
0.006,0,0,1064269800,2003-09-23 08:30:00+10:00
-0.064,0,0,1064270700,2003-09-23 08:45:00+10:00
-0.064,0,0,1064271600,2003-09-23 09:00:00+10:00
-0.134,0,0,1064272500,2003-09-23 09:15:00+10:00
-0.184,0,0,1064273400,2003-09-23 09:30:00+10:00
-0.194,0,0,1064274300,2003-09-23 09:45:00+10:00
-0.254,0,0,1064275200,2003-09-23 10:00:00+10:00
-0.294,0,0,1064276100,2003-09-23 10:15:00+10:00
-0.324,0,0,1064277000,2003-09-23 10:30:00+10:00
-0.334,0,0,1064277900,2003-09-23 10:45:00+10:00
-0.364,0,0,1064278800,2003-09-23 11:00:00+10:00
-0.404,0,0,1064279700,2003-09-23 11:15:00+10:00
-0.404,0,0,1064280600,2003-09-23 11:30:00+10:00
-0.384,0,0,1064281500,2003-09-23 11:45:00+10:00
-0.404,0,0,1064282400,2003-09-23 12:00:00+10:00
-0.384,0,0,1064283300,2003-09-23 12:15:00+10:00
-0.344,0,0,1064284200,2003-09-23 12:30:00+10:00
-0.324,0,0,1064285100,2003-09-23 12:45:00+10:00
-0.304,0,0,1064286000,2003-09-23 13:00:00+10:00
-0.234,0,0,1064286900,2003-09-23 13:15:00+10:00
-0.234,0,0,1064287800,2003-09-23 13:30:00+10:00
-0.154,0,0,1064288700,2003-09-23 13:45:00+10:00
-0.094,0,0,1064289600,2003-09-23 14:00:00+10:00
-0.084,0,0,1064290500,2003-09-23 14:15:00+10:00
0.046,0,0,1064291400,2003-09-23 14:30:00+10:00
0.096,0,0,1064292300,2003-09-23 14:45:00+10:00
0.116,0,0,1064293200,2003-09-23 15:00:00+10:00
0.236,0,0,1064294100,2003-09-23 15:15:00+10:00
0.256,0,0,1064295000,2003-09-23 15:30:00+10:00
0.346,0,0,1064295900,2003-09-23 15:45:00+10:00
0.396,0,0,1064296800,2003-09-23 16:00:00+10:00
0.466,0,0,1064297700,2003-09-23 16:15:00+10:00
0.466,0,0,1064298600,2003-09-23 16:30:00+10:00
0.556,0,0,1064299500,2003-09-23 16:45:00+10:00
0.626,0,0,1064300400,2003-09-23 17:00:00+10:00
0.596,0,0,1064301300,2003-09-23 17:15:00+10:00
0.686,0,0,1064302200,2003-09-23 17:30:00+10:00
0.656,0,0,1064303100,2003-09-23 17:45:00+10:00
0.686,0,0,1064304000,2003-09-23 18:00:00+10:00
0.726,0,0,1064304900,2003-09-23 18:15:00+10:00
0.656,0,0,1064305800,2003-09-23 18:30:00+10:00
0.686,0,0,1064306700,2003-09-23 18:45:00+10:00
0.606,0,0,1064307600,2003-09-23 19:00:00+10:00
0.636,0,0,1064308500,2003-09-23 19:15:00+10:00
0.596,0,0,1064309400,2003-09-23 19:30:00+10:00
0.506,0,0,1064310300,2003-09-23 19:45:00+10:00
0.456,0,0,1064311200,2003-09-23 20:00:00+10:00
0.446,0,0,1064312100,2003-09-23 20:15:00+10:00
0.356,0,0,1064313000,2003-09-23 20:30:00+10:00
0.236,0,0,1064313900,2003-09-23 20:45:00+10:00
0.196,0,0,1064314800,2003-09-23 21:00:00+10:00
0.126,0,0,1064315700,2003-09-23 21:15:00+10:00
0.036,0,0,1064316600,2003-09-23 21:30:00+10:00
-0.034,0,0,1064317500,2003-09-23 21:45:00+10:00
-0.114,0,0,1064318400,2003-09-23 22:00:00+10:00
-0.184,0,0,1064319300,2003-09-23 22:15:00+10:00
-0.204,0,0,1064320200,2003-09-23 22:30:00+10:00
-0.334,0,0,1064321100,2003-09-23 22:45:00+10:00
-0.394,0,0,1064322000,2003-09-23 23:00:00+10:00
-0.404,0,0,1064322900,2003-09-23 23:15:00+10:00
-0.434,0,0,1064323800,2003-09-23 23:30:00+10:00
-0.504,0,0,1064324700,2003-09-23 23:45:00+10:00
-0.514,0,0,1064325600,2003-09-24 00:00:00+10:00
-0.544,0,0,1064326500,2003-09-24 00:15:00+10:00
-0.564,0,0,1064327400,2003-09-24 00:30:00+10:00
-0.544,0,0,1064328300,2003-09-24 00:45:00+10:00
-0.574,0,0,1064329200,2003-09-24 01:00:00+10:00
-0.564,0,0,1064330100,2003-09-24 01:15:00+10:00
-0.534,0,0,1064331000,2003-09-24 01:30:00+10:00
-0.454,0,0,1064331900,2003-09-24 01:45:00+10:00
-0.494,0,0,1064332800,2003-09-24 02:00:00+10:00
-0.444,0,0,1064333700,2003-09-24 02:15:00+10:00
-0.334,0,0,1064334600,2003-09-24 02:30:00+10:00
-0.404,0,0,1064335500,2003-09-24 02:45:00+10:00
-0.194,0,0,1064336400,2003-09-24 03:00:00+10:00
-0.154,0,0,1064337300,2003-09-24 03:15:00+10:00
-0.204,0,0,1064338200,2003-09-24 03:30:00+10:00
-0.044,0,0,1064339100,2003-09-24 03:45:00+10:00
0.006,0,0,1064340000,2003-09-24 04:00:00+10:00
0.056,0,0,1064340900,2003-09-24 04:15:00+10:00
0.116,0,0,1064341800,2003-09-24 04:30:00+10:00
0.176,0,0,1064342700,2003-09-24 04:45:00+10:00
0.216,0,0,1064343600,2003-09-24 05:00:00+10:00
0.296,0,0,1064344500,2003-09-24 05:15:00+10:00
0.346,0,0,1064345400,2003-09-24 05:30:00+10:00
0.316,0,0,1064346300,2003-09-24 05:45:00+10:00
0.416,0,0,1064347200,2003-09-24 06:00:00+10:00
0.356,0,0,1064348100,2003-09-24 06:15:00+10:00
0.426,0,0,1064349000,2003-09-24 06:30:00+10:00
0.526,0,0,1064349900,2003-09-24 06:45:00+10:00
0.346,0,0,1064350800,2003-09-24 07:00:00+10:00
0.436,0,0,1064351700,2003-09-24 07:15:00+10:00
0.476,0,0,1064352600,2003-09-24 07:30:00+10:00
0.356,0,0,1064353500,2003-09-24 07:45:00+10:00
0.386,0,0,1064354400,2003-09-24 08:00:00+10:00
0.346,0,0,1064355300,2003-09-24 08:15:00+10:00
0.266,0,0,1064356200,2003-09-24 08:30:00+10:00
0.276,0,0,1064357100,2003-09-24 08:45:00+10:00
0.196,0,0,1064358000,2003-09-24 09:00:00+10:00
0.126,0,0,1064358900,2003-09-24 09:15:00+10:00
0.096,0,0,1064359800,2003-09-24 09:30:00+10:00
0.036,0,0,1064360700,2003-09-24 09:45:00+10:00
-0.004,0,0,1064361600,2003-09-24 10:00:00+10:00
-0.114,0,0,1064362500,2003-09-24 10:15:00+10:00
-0.144,0,0,1064363400,2003-09-24 10:30:00+10:00
-0.184,0,0,1064364300,2003-09-24 10:45:00+10:00
-0.234,0,0,1064365200,2003-09-24 11:00:00+10:00
-0.274,0,0,1064366100,2003-09-24 11:15:00+10:00
-0.324,0,0,1064367000,2003-09-24 11:30:00+10:00
-0.344,0,0,1064367900,2003-09-24 11:45:00+10:00
-0.384,0,0,1064368800,2003-09-24 12:00:00+10:00
-0.374,0,0,1064369700,2003-09-24 12:15:00+10:00
-0.404,0,0,1064370600,2003-09-24 12:30:00+10:00
-0.414,0,0,1064371500,2003-09-24 12:45:00+10:00
-0.364,0,0,1064372400,2003-09-24 13:00:00+10:00
-0.404,0,0,1064373300,2003-09-24 13:15:00+10:00
-0.344,0,0,1064374200,2003-09-24 13:30:00+10:00
-0.314,0,0,1064375100,2003-09-24 13:45:00+10:00
-0.284,0,0,1064376000,2003-09-24 14:00:00+10:00
-0.194,0,0,1064376900,2003-09-24 14:15:00+10:00
-0.204,0,0,1064377800,2003-09-24 14:30:00+10:00
-0.154,0,0,1064378700,2003-09-24 14:45:00+10:00
-0.014,0,0,1064379600,2003-09-24 15:00:00+10:00
0.066,0,0,1064380500,2003-09-24 15:15:00+10:00
0.066,0,0,1064381400,2003-09-24 15:30:00+10:00
0.146,0,0,1064382300,2003-09-24 15:45:00+10:00
0.236,0,0,1064383200,2003-09-24 16:00:00+10:00
0.316,0,0,1064384100,2003-09-24 16:15:00+10:00
0.426,0,0,1064385000,2003-09-24 16:30:00+10:00
0.426,0,0,1064385900,2003-09-24 16:45:00+10:00
0.496,0,0,1064386800,2003-09-24 17:00:00+10:00
0.596,0,0,1064387700,2003-09-24 17:15:00+10:00
0.606,0,0,1064388600,2003-09-24 17:30:00+10:00
0.696,0,0,1064389500,2003-09-24 17:45:00+10:00
0.706,0,0,1064390400,2003-09-24 18:00:00+10:00
0.746,0,0,1064391300,2003-09-24 18:15:00+10:00
0.796,0,0,1064392200,2003-09-24 18:30:00+10:00
0.776,0,0,1064393100,2003-09-24 18:45:00+10:00
0.776,0,0,1064394000,2003-09-24 19:00:00+10:00
0.746,0,0,1064394900,2003-09-24 19:15:00+10:00
0.776,0,0,1064395800,2003-09-24 19:30:00+10:00
0.736,0,0,1064396700,2003-09-24 19:45:00+10:00
0.686,0,0,1064397600,2003-09-24 20:00:00+10:00
0.626,0,0,1064398500,2003-09-24 20:15:00+10:00
0.566,0,0,1064399400,2003-09-24 20:30:00+10:00
0.526,0,0,1064400300,2003-09-24 20:45:00+10:00
0.436,0,0,1064401200,2003-09-24 21:00:00+10:00
0.356,0,0,1064402100,2003-09-24 21:15:00+10:00
0.266,0,0,1064403000,2003-09-24 21:30:00+10:00
0.186,0,0,1064403900,2003-09-24 21:45:00+10:00
0.126,0,0,1064404800,2003-09-24 22:00:00+10:00
-0.004,0,0,1064405700,2003-09-24 22:15:00+10:00
-0.054,0,0,1064406600,2003-09-24 22:30:00+10:00
-0.184,0,0,1064407500,2003-09-24 22:45:00+10:00
-0.234,0,0,1064408400,2003-09-24 23:00:00+10:00
-0.284,0,0,1064409300,2003-09-24 23:15:00+10:00
-0.384,0,0,1064410200,2003-09-24 23:30:00+10:00
-0.454,0,0,1064411100,2003-09-24 23:45:00+10:00
-0.504,0,0,1064412000,2003-09-25 00:00:00+10:00
-0.544,0,0,1064412900,2003-09-25 00:15:00+10:00
-0.594,0,0,1064413800,2003-09-25 00:30:00+10:00
-0.624,0,0,1064414700,2003-09-25 00:45:00+10:00
-0.644,0,0,1064415600,2003-09-25 01:00:00+10:00
-0.654,0,0,1064416500,2003-09-25 01:15:00+10:00
-0.664,0,0,1064417400,2003-09-25 01:30:00+10:00
-0.634,0,0,1064418300,2003-09-25 01:45:00+10:00
-0.624,0,0,1064419200,2003-09-25 02:00:00+10:00
-0.624,0,0,1064420100,2003-09-25 02:15:00+10:00
-0.584,0,0,1064421000,2003-09-25 02:30:00+10:00
-0.514,0,0,1064421900,2003-09-25 02:45:00+10:00
-0.464,0,0,1064422800,2003-09-25 03:00:00+10:00
-0.424,0,0,1064423700,2003-09-25 03:15:00+10:00
-0.314,0,0,1064424600,2003-09-25 03:30:00+10:00
-0.274,0,0,1064425500,2003-09-25 03:45:00+10:00
-0.224,0,0,1064426400,2003-09-25 04:00:00+10:00
-0.114,0,0,1064427300,2003-09-25 04:15:00+10:00
-0.024,0,0,1064428200,2003-09-25 04:30:00+10:00
0.016,0,0,1064429100,2003-09-25 04:45:00+10:00
0.096,0,0,1064430000,2003-09-25 05:00:00+10:00
0.176,0,0,1064430900,2003-09-25 05:15:00+10:00
0.246,0,0,1064431800,2003-09-25 05:30:00+10:00
0.306,0,0,1064432700,2003-09-25 05:45:00+10:00
0.356,0,0,1064433600,2003-09-25 06:00:00+10:00
0.426,0,0,1064434500,2003-09-25 06:15:00+10:00
0.426,0,0,1064435400,2003-09-25 06:30:00+10:00
0.526,0,0,1064436300,2003-09-25 06:45:00+10:00
0.516,0,0,1064437200,2003-09-25 07:00:00+10:00
0.536,0,0,1064438100,2003-09-25 07:15:00+10:00
0.516,0,0,1064439000,2003-09-25 07:30:00+10:00
0.546,0,0,1064439900,2003-09-25 07:45:00+10:00
0.536,0,0,1064440800,2003-09-25 08:00:00+10:00
0.516,0,0,1064441700,2003-09-25 08:15:00+10:00
0.476,0,0,1064442600,2003-09-25 08:30:00+10:00
0.426,0,0,1064443500,2003-09-25 08:45:00+10:00
0.436,0,0,1064444400,2003-09-25 09:00:00+10:00
0.386,0,0,1064445300,2003-09-25 09:15:00+10:00
0.286,0,0,1064446200,2003-09-25 09:30:00+10:00
0.216,0,0,1064447100,2003-09-25 09:45:00+10:00
0.216,0,0,1064448000,2003-09-25 10:00:00+10:00
0.096,0,0,1064448900,2003-09-25 10:15:00+10:00
0.056,0,0,1064449800,2003-09-25 10:30:00+10:00
-0.034,0,0,1064450700,2003-09-25 10:45:00+10:00
-0.124,0,0,1064451600,2003-09-25 11:00:00+10:00
-0.134,0,0,1064452500,2003-09-25 11:15:00+10:00
-0.194,0,0,1064453400,2003-09-25 11:30:00+10:00
-0.274,0,0,1064454300,2003-09-25 11:45:00+10:00
-0.324,0,0,1064455200,2003-09-25 12:00:00+10:00
-0.344,0,0,1064456100,2003-09-25 12:15:00+10:00
-0.424,0,0,1064457000,2003-09-25 12:30:00+10:00
-0.384,0,0,1064457900,2003-09-25 12:45:00+10:00
-0.424,0,0,1064458800,2003-09-25 13:00:00+10:00
-0.434,0,0,1064459700,2003-09-25 13:15:00+10:00
-0.444,0,0,1064460600,2003-09-25 13:30:00+10:00
-0.434,0,0,1064461500,2003-09-25 13:45:00+10:00
-0.404,0,0,1064462400,2003-09-25 14:00:00+10:00
-0.394,0,0,1064463300,2003-09-25 14:15:00+10:00
-0.334,0,0,1064464200,2003-09-25 14:30:00+10:00
-0.314,0,0,1064465100,2003-09-25 14:45:00+10:00
-0.224,0,0,1064466000,2003-09-25 15:00:00+10:00
-0.204,0,0,1064466900,2003-09-25 15:15:00+10:00
-0.104,0,0,1064467800,2003-09-25 15:30:00+10:00
-0.004,0,0,1064468700,2003-09-25 15:45:00+10:00
-0.004,0,0,1064469600,2003-09-25 16:00:00+10:00
0.136,0,0,1064470500,2003-09-25 16:15:00+10:00
0.186,0,0,1064471400,2003-09-25 16:30:00+10:00
0.306,0,0,1064472300,2003-09-25 16:45:00+10:00
0.356,0,0,1064473200,2003-09-25 17:00:00+10:00
0.396,0,0,1064474100,2003-09-25 17:15:00+10:00
0.526,0,0,1064475000,2003-09-25 17:30:00+10:00
0.586,0,0,1064475900,2003-09-25 17:45:00+10:00
0.636,0,0,1064476800,2003-09-25 18:00:00+10:00
0.676,0,0,1064477700,2003-09-25 18:15:00+10:00
0.736,0,0,1064478600,2003-09-25 18:30:00+10:00
0.786,0,0,1064479500,2003-09-25 18:45:00+10:00
0.806,0,0,1064480400,2003-09-25 19:00:00+10:00
0.846,0,0,1064481300,2003-09-25 19:15:00+10:00
0.806,0,0,1064482200,2003-09-25 19:30:00+10:00
0.826,0,0,1064483100,2003-09-25 19:45:00+10:00
0.836,0,0,1064484000,2003-09-25 20:00:00+10:00
0.806,0,0,1064484900,2003-09-25 20:15:00+10:00
0.726,0,0,1064485800,2003-09-25 20:30:00+10:00
0.716,0,0,1064486700,2003-09-25 20:45:00+10:00
0.646,0,0,1064487600,2003-09-25 21:00:00+10:00
0.566,0,0,1064488500,2003-09-25 21:15:00+10:00
0.526,0,0,1064489400,2003-09-25 21:30:00+10:00
0.416,0,0,1064490300,2003-09-25 21:45:00+10:00
0.326,0,0,1064491200,2003-09-25 22:00:00+10:00
0.266,0,0,1064492100,2003-09-25 22:15:00+10:00
0.156,0,0,1064493000,2003-09-25 22:30:00+10:00
0.046,0,0,1064493900,2003-09-25 22:45:00+10:00
-0.014,0,0,1064494800,2003-09-25 23:00:00+10:00
-0.104,0,0,1064495700,2003-09-25 23:15:00+10:00
-0.234,0,0,1064496600,2003-09-25 23:30:00+10:00
-0.324,0,0,1064497500,2003-09-25 23:45:00+10:00
-0.354,0,0,1064498400,2003-09-26 00:00:00+10:00
-0.424,0,0,1064499300,2003-09-26 00:15:00+10:00
-0.514,0,0,1064500200,2003-09-26 00:30:00+10:00
-0.554,0,0,1064501100,2003-09-26 00:45:00+10:00
-0.694,0,0,1064502000,2003-09-26 01:00:00+10:00
-0.644,0,0,1064502900,2003-09-26 01:15:00+10:00
-0.664,0,0,1064503800,2003-09-26 01:30:00+10:00
-0.744,0,0,1064504700,2003-09-26 01:45:00+10:00
-0.734,0,0,1064505600,2003-09-26 02:00:00+10:00
-0.774,0,0,1064506500,2003-09-26 02:15:00+10:00
-0.674,0,0,1064507400,2003-09-26 02:30:00+10:00
-0.694,0,0,1064508300,2003-09-26 02:45:00+10:00
-0.664,0,0,1064509200,2003-09-26 03:00:00+10:00
-0.644,0,0,1064510100,2003-09-26 03:15:00+10:00
-0.594,0,0,1064511000,2003-09-26 03:30:00+10:00
-0.474,0,0,1064511900,2003-09-26 03:45:00+10:00
-0.414,0,0,1064512800,2003-09-26 04:00:00+10:00
-0.394,0,0,1064513700,2003-09-26 04:15:00+10:00
-0.264,0,0,1064514600,2003-09-26 04:30:00+10:00
-0.214,0,0,1064515500,2003-09-26 04:45:00+10:00
-0.104,0,0,1064516400,2003-09-26 05:00:00+10:00
-0.004,0,0,1064517300,2003-09-26 05:15:00+10:00
0.036,0,0,1064518200,2003-09-26 05:30:00+10:00
0.096,0,0,1064519100,2003-09-26 05:45:00+10:00
0.226,0,0,1064520000,2003-09-26 06:00:00+10:00
0.316,0,0,1064520900,2003-09-26 06:15:00+10:00
0.326,0,0,1064521800,2003-09-26 06:30:00+10:00
0.416,0,0,1064522700,2003-09-26 06:45:00+10:00
0.436,0,0,1064523600,2003-09-26 07:00:00+10:00
0.486,0,0,1064524500,2003-09-26 07:15:00+10:00
0.566,0,0,1064525400,2003-09-26 07:30:00+10:00
0.566,0,0,1064526300,2003-09-26 07:45:00+10:00
0.566,0,0,1064527200,2003-09-26 08:00:00+10:00
0.566,0,0,1064528100,2003-09-26 08:15:00+10:00
0.596,0,0,1064529000,2003-09-26 08:30:00+10:00
0.566,0,0,1064529900,2003-09-26 08:45:00+10:00
0.546,0,0,1064530800,2003-09-26 09:00:00+10:00
0.506,0,0,1064531700,2003-09-26 09:15:00+10:00
0.456,0,0,1064532600,2003-09-26 09:30:00+10:00
0.446,0,0,1064533500,2003-09-26 09:45:00+10:00
0.346,0,0,1064534400,2003-09-26 10:00:00+10:00
0.306,0,0,1064535300,2003-09-26 10:15:00+10:00
0.206,0,0,1064536200,2003-09-26 10:30:00+10:00
0.146,0,0,1064537100,2003-09-26 10:45:00+10:00
0.076,0,0,1064538000,2003-09-26 11:00:00+10:00
-0.034,0,0,1064538900,2003-09-26 11:15:00+10:00
-0.054,0,0,1064539800,2003-09-26 11:30:00+10:00
-0.174,0,0,1064540700,2003-09-26 11:45:00+10:00
-0.234,0,0,1064541600,2003-09-26 12:00:00+10:00
-0.284,0,0,1064542500,2003-09-26 12:15:00+10:00
-0.354,0,0,1064543400,2003-09-26 12:30:00+10:00
-0.404,0,0,1064544300,2003-09-26 12:45:00+10:00
-0.464,0,0,1064545200,2003-09-26 13:00:00+10:00
-0.484,0,0,1064546100,2003-09-26 13:15:00+10:00
-0.524,0,0,1064547000,2003-09-26 13:30:00+10:00
-0.554,0,0,1064547900,2003-09-26 13:45:00+10:00
-0.554,0,0,1064548800,2003-09-26 14:00:00+10:00
-0.544,0,0,1064549700,2003-09-26 14:15:00+10:00
-0.534,0,0,1064550600,2003-09-26 14:30:00+10:00
-0.514,0,0,1064551500,2003-09-26 14:45:00+10:00
-0.504,0,0,1064552400,2003-09-26 15:00:00+10:00
-0.444,0,0,1064553300,2003-09-26 15:15:00+10:00
-0.394,0,0,1064554200,2003-09-26 15:30:00+10:00
-0.344,0,0,1064555100,2003-09-26 15:45:00+10:00
-0.264,0,0,1064556000,2003-09-26 16:00:00+10:00
-0.214,0,0,1064556900,2003-09-26 16:15:00+10:00
-0.114,0,0,1064557800,2003-09-26 16:30:00+10:00
-0.054,0,0,1064558700,2003-09-26 16:45:00+10:00
0.056,0,0,1064559600,2003-09-26 17:00:00+10:00
0.126,0,0,1064560500,2003-09-26 17:15:00+10:00
0.216,0,0,1064561400,2003-09-26 17:30:00+10:00
0.296,0,0,1064562300,2003-09-26 17:45:00+10:00
0.366,0,0,1064563200,2003-09-26 18:00:00+10:00
0.456,0,0,1064564100,2003-09-26 18:15:00+10:00
0.546,0,0,1064565000,2003-09-26 18:30:00+10:00
0.586,0,0,1064565900,2003-09-26 18:45:00+10:00
0.626,0,0,1064566800,2003-09-26 19:00:00+10:00
0.736,0,0,1064567700,2003-09-26 19:15:00+10:00
0.726,0,0,1064568600,2003-09-26 19:30:00+10:00
0.786,0,0,1064569500,2003-09-26 19:45:00+10:00
0.826,0,0,1064570400,2003-09-26 20:00:00+10:00
0.796,0,0,1064571300,2003-09-26 20:15:00+10:00
0.806,0,0,1064572200,2003-09-26 20:30:00+10:00
0.796,0,0,1064573100,2003-09-26 20:45:00+10:00
0.776,0,0,1064574000,2003-09-26 21:00:00+10:00
0.726,0,0,1064574900,2003-09-26 21:15:00+10:00
0.696,0,0,1064575800,2003-09-26 21:30:00+10:00
0.616,0,0,1064576700,2003-09-26 21:45:00+10:00
0.546,0,0,1064577600,2003-09-26 22:00:00+10:00
0.496,0,0,1064578500,2003-09-26 22:15:00+10:00
0.366,0,0,1064579400,2003-09-26 22:30:00+10:00
0.316,0,0,1064580300,2003-09-26 22:45:00+10:00
0.206,0,0,1064581200,2003-09-26 23:00:00+10:00
0.106,0,0,1064582100,2003-09-26 23:15:00+10:00
0.026,0,0,1064583000,2003-09-26 23:30:00+10:00
-0.094,0,0,1064583900,2003-09-26 23:45:00+10:00
-0.154,0,0,1064584800,2003-09-27 00:00:00+10:00
-0.284,0,0,1064585700,2003-09-27 00:15:00+10:00
-0.324,0,0,1064586600,2003-09-27 00:30:00+10:00
-0.404,0,0,1064587500,2003-09-27 00:45:00+10:00
-0.524,0,0,1064588400,2003-09-27 01:00:00+10:00
-0.554,0,0,1064589300,2003-09-27 01:15:00+10:00
-0.624,0,0,1064590200,2003-09-27 01:30:00+10:00
-0.664,0,0,1064591100,2003-09-27 01:45:00+10:00
-0.704,0,0,1064592000,2003-09-27 02:00:00+10:00
-0.734,0,0,1064592900,2003-09-27 02:15:00+10:00
-0.734,0,0,1064593800,2003-09-27 02:30:00+10:00
-0.754,0,0,1064594700,2003-09-27 02:45:00+10:00
-0.744,0,0,1064595600,2003-09-27 03:00:00+10:00
-0.744,0,0,1064596500,2003-09-27 03:15:00+10:00
-0.704,0,0,1064597400,2003-09-27 03:30:00+10:00
-0.694,0,0,1064598300,2003-09-27 03:45:00+10:00
-0.614,0,0,1064599200,2003-09-27 04:00:00+10:00
-0.524,0,0,1064600100,2003-09-27 04:15:00+10:00
-0.464,0,0,1064601000,2003-09-27 04:30:00+10:00
-0.404,0,0,1064601900,2003-09-27 04:45:00+10:00
-0.304,0,0,1064602800,2003-09-27 05:00:00+10:00
-0.224,0,0,1064603700,2003-09-27 05:15:00+10:00
-0.144,0,0,1064604600,2003-09-27 05:30:00+10:00
-0.034,0,0,1064605500,2003-09-27 05:45:00+10:00
0.036,0,0,1064606400,2003-09-27 06:00:00+10:00
0.086,0,0,1064607300,2003-09-27 06:15:00+10:00
0.206,0,0,1064608200,2003-09-27 06:30:00+10:00
0.316,0,0,1064609100,2003-09-27 06:45:00+10:00
0.326,0,0,1064610000,2003-09-27 07:00:00+10:00
0.416,0,0,1064610900,2003-09-27 07:15:00+10:00
0.446,0,0,1064611800,2003-09-27 07:30:00+10:00
0.556,0,0,1064612700,2003-09-27 07:45:00+10:00
0.576,0,0,1064613600,2003-09-27 08:00:00+10:00
0.606,0,0,1064614500,2003-09-27 08:15:00+10:00
0.596,0,0,1064615400,2003-09-27 08:30:00+10:00
0.636,0,0,1064616300,2003-09-27 08:45:00+10:00
0.656,0,0,1064617200,2003-09-27 09:00:00+10:00
0.626,0,0,1064618100,2003-09-27 09:15:00+10:00
0.616,0,0,1064619000,2003-09-27 09:30:00+10:00
0.536,0,0,1064619900,2003-09-27 09:45:00+10:00
0.546,0,0,1064620800,2003-09-27 10:00:00+10:00
0.496,0,0,1064621700,2003-09-27 10:15:00+10:00
0.386,0,0,1064622600,2003-09-27 10:30:00+10:00
0.356,0,0,1064623500,2003-09-27 10:45:00+10:00
0.266,0,0,1064624400,2003-09-27 11:00:00+10:00
0.176,0,0,1064625300,2003-09-27 11:15:00+10:00
0.106,0,0,1064626200,2003-09-27 11:30:00+10:00
-0.024,0,0,1064627100,2003-09-27 11:45:00+10:00
-0.054,0,0,1064628000,2003-09-27 12:00:00+10:00
-0.154,0,0,1064628900,2003-09-27 12:15:00+10:00
-0.244,0,0,1064629800,2003-09-27 12:30:00+10:00
-0.314,0,0,1064630700,2003-09-27 12:45:00+10:00
-0.394,0,0,1064631600,2003-09-27 13:00:00+10:00
-0.474,0,0,1064632500,2003-09-27 13:15:00+10:00
-0.524,0,0,1064633400,2003-09-27 13:30:00+10:00
-0.584,0,0,1064634300,2003-09-27 13:45:00+10:00
-0.624,0,0,1064635200,2003-09-27 14:00:00+10:00
-0.644,0,0,1064636100,2003-09-27 14:15:00+10:00
-0.684,0,0,1064637000,2003-09-27 14:30:00+10:00
-0.714,0,0,1064637900,2003-09-27 14:45:00+10:00
-0.704,0,0,1064638800,2003-09-27 15:00:00+10:00
-0.724,0,0,1064639700,2003-09-27 15:15:00+10:00
-0.684,0,0,1064640600,2003-09-27 15:30:00+10:00
-0.614,0,0,1064641500,2003-09-27 15:45:00+10:00
-0.664,0,0,1064642400,2003-09-27 16:00:00+10:00
-0.564,0,0,1064643300,2003-09-27 16:15:00+10:00
-0.494,0,0,1064644200,2003-09-27 16:30:00+10:00
-0.474,0,0,1064645100,2003-09-27 16:45:00+10:00
-0.374,0,0,1064646000,2003-09-27 17:00:00+10:00
-0.314,0,0,1064646900,2003-09-27 17:15:00+10:00
-0.224,0,0,1064647800,2003-09-27 17:30:00+10:00
-0.104,0,0,1064648700,2003-09-27 17:45:00+10:00
-0.054,0,0,1064649600,2003-09-27 18:00:00+10:00
0.026,0,0,1064650500,2003-09-27 18:15:00+10:00
0.126,0,0,1064651400,2003-09-27 18:30:00+10:00
0.186,0,0,1064652300,2003-09-27 18:45:00+10:00
0.276,0,0,1064653200,2003-09-27 19:00:00+10:00
0.376,0,0,1064654100,2003-09-27 19:15:00+10:00
0.376,0,0,1064655000,2003-09-27 19:30:00+10:00
0.496,0,0,1064655900,2003-09-27 19:45:00+10:00
0.546,0,0,1064656800,2003-09-27 20:00:00+10:00
0.556,0,0,1064657700,2003-09-27 20:15:00+10:00
0.586,0,0,1064658600,2003-09-27 20:30:00+10:00
0.636,0,0,1064659500,2003-09-27 20:45:00+10:00
0.626,0,0,1064660400,2003-09-27 21:00:00+10:00
0.646,0,0,1064661300,2003-09-27 21:15:00+10:00
0.616,0,0,1064662200,2003-09-27 21:30:00+10:00
0.576,0,0,1064663100,2003-09-27 21:45:00+10:00
0.576,0,0,1064664000,2003-09-27 22:00:00+10:00
0.536,0,0,1064664900,2003-09-27 22:15:00+10:00
0.446,0,0,1064665800,2003-09-27 22:30:00+10:00
0.376,0,0,1064666700,2003-09-27 22:45:00+10:00
0.306,0,0,1064667600,2003-09-27 23:00:00+10:00
0.226,0,0,1064668500,2003-09-27 23:15:00+10:00
0.166,0,0,1064669400,2003-09-27 23:30:00+10:00
0.046,0,0,1064670300,2003-09-27 23:45:00+10:00
-0.064,0,0,1064671200,2003-09-28 00:00:00+10:00
-0.114,0,0,1064672100,2003-09-28 00:15:00+10:00
-0.204,0,0,1064673000,2003-09-28 00:30:00+10:00
-0.304,0,0,1064673900,2003-09-28 00:45:00+10:00
-0.414,0,0,1064674800,2003-09-28 01:00:00+10:00
-0.484,0,0,1064675700,2003-09-28 01:15:00+10:00
-0.534,0,0,1064676600,2003-09-28 01:30:00+10:00
-0.614,0,0,1064677500,2003-09-28 01:45:00+10:00
-0.684,0,0,1064678400,2003-09-28 02:00:00+10:00
-0.754,0,0,1064679300,2003-09-28 02:15:00+10:00
-0.794,0,0,1064680200,2003-09-28 02:30:00+10:00
-0.774,0,0,1064681100,2003-09-28 02:45:00+10:00
-0.844,0,0,1064682000,2003-09-28 03:00:00+10:00
-0.864,0,0,1064682900,2003-09-28 03:15:00+10:00
-0.834,0,0,1064683800,2003-09-28 03:30:00+10:00
-0.824,0,0,1064684700,2003-09-28 03:45:00+10:00
-0.784,0,0,1064685600,2003-09-28 04:00:00+10:00
-0.784,0,0,1064686500,2003-09-28 04:15:00+10:00
-0.734,0,0,1064687400,2003-09-28 04:30:00+10:00
-0.674,0,0,1064688300,2003-09-28 04:45:00+10:00
-0.594,0,0,1064689200,2003-09-28 05:00:00+10:00
-0.514,0,0,1064690100,2003-09-28 05:15:00+10:00
-0.494,0,0,1064691000,2003-09-28 05:30:00+10:00
-0.384,0,0,1064691900,2003-09-28 05:45:00+10:00
-0.294,0,0,1064692800,2003-09-28 06:00:00+10:00
-0.194,0,0,1064693700,2003-09-28 06:15:00+10:00
-0.114,0,0,1064694600,2003-09-28 06:30:00+10:00
-0.054,0,0,1064695500,2003-09-28 06:45:00+10:00
0.046,0,0,1064696400,2003-09-28 07:00:00+10:00
0.136,0,0,1064697300,2003-09-28 07:15:00+10:00
0.216,0,0,1064698200,2003-09-28 07:30:00+10:00
0.256,0,0,1064699100,2003-09-28 07:45:00+10:00
0.346,0,0,1064700000,2003-09-28 08:00:00+10:00
0.406,0,0,1064700900,2003-09-28 08:15:00+10:00
0.456,0,0,1064701800,2003-09-28 08:30:00+10:00
0.506,0,0,1064702700,2003-09-28 08:45:00+10:00
0.516,0,0,1064703600,2003-09-28 09:00:00+10:00
0.556,0,0,1064704500,2003-09-28 09:15:00+10:00
0.596,0,0,1064705400,2003-09-28 09:30:00+10:00
0.566,0,0,1064706300,2003-09-28 09:45:00+10:00
0.556,0,0,1064707200,2003-09-28 10:00:00+10:00
0.546,0,0,1064708100,2003-09-28 10:15:00+10:00
0.506,0,0,1064709000,2003-09-28 10:30:00+10:00
0.456,0,0,1064709900,2003-09-28 10:45:00+10:00
0.406,0,0,1064710800,2003-09-28 11:00:00+10:00
0.346,0,0,1064711700,2003-09-28 11:15:00+10:00
0.266,0,0,1064712600,2003-09-28 11:30:00+10:00
0.186,0,0,1064713500,2003-09-28 11:45:00+10:00
0.096,0,0,1064714400,2003-09-28 12:00:00+10:00
0.006,0,0,1064715300,2003-09-28 12:15:00+10:00
-0.064,0,0,1064716200,2003-09-28 12:30:00+10:00
-0.114,0,0,1064717100,2003-09-28 12:45:00+10:00
-0.244,0,0,1064718000,2003-09-28 13:00:00+10:00
-0.364,0,0,1064718900,2003-09-28 13:15:00+10:00
-0.364,0,0,1064719800,2003-09-28 13:30:00+10:00
-0.474,0,0,1064720700,2003-09-28 13:45:00+10:00
-0.534,0,0,1064721600,2003-09-28 14:00:00+10:00
-0.604,0,0,1064722500,2003-09-28 14:15:00+10:00
-0.684,0,0,1064723400,2003-09-28 14:30:00+10:00
-0.664,0,0,1064724300,2003-09-28 14:45:00+10:00
-0.744,0,0,1064725200,2003-09-28 15:00:00+10:00
-0.764,0,0,1064726100,2003-09-28 15:15:00+10:00
-0.774,0,0,1064727000,2003-09-28 15:30:00+10:00
-0.784,0,0,1064727900,2003-09-28 15:45:00+10:00
-0.754,0,0,1064728800,2003-09-28 16:00:00+10:00
-0.764,0,0,1064729700,2003-09-28 16:15:00+10:00
-0.774,0,0,1064730600,2003-09-28 16:30:00+10:00
-0.704,0,0,1064731500,2003-09-28 16:45:00+10:00
-0.634,0,0,1064732400,2003-09-28 17:00:00+10:00
-0.604,0,0,1064733300,2003-09-28 17:15:00+10:00
-0.574,0,0,1064734200,2003-09-28 17:30:00+10:00
-0.484,0,0,1064735100,2003-09-28 17:45:00+10:00
-0.394,0,0,1064736000,2003-09-28 18:00:00+10:00
-0.314,0,0,1064736900,2003-09-28 18:15:00+10:00
-0.254,0,0,1064737800,2003-09-28 18:30:00+10:00
-0.174,0,0,1064738700,2003-09-28 18:45:00+10:00
-0.064,0,0,1064739600,2003-09-28 19:00:00+10:00
-0.004,0,0,1064740500,2003-09-28 19:15:00+10:00
0.076,0,0,1064741400,2003-09-28 19:30:00+10:00
0.126,0,0,1064742300,2003-09-28 19:45:00+10:00
0.206,0,0,1064743200,2003-09-28 20:00:00+10:00
0.306,0,0,1064744100,2003-09-28 20:15:00+10:00
0.356,0,0,1064745000,2003-09-28 20:30:00+10:00
0.376,0,0,1064745900,2003-09-28 20:45:00+10:00
0.426,0,0,1064746800,2003-09-28 21:00:00+10:00
0.486,0,0,1064747700,2003-09-28 21:15:00+10:00
0.506,0,0,1064748600,2003-09-28 21:30:00+10:00
0.536,0,0,1064749500,2003-09-28 21:45:00+10:00
0.506,0,0,1064750400,2003-09-28 22:00:00+10:00
0.506,0,0,1064751300,2003-09-28 22:15:00+10:00
0.526,0,0,1064752200,2003-09-28 22:30:00+10:00
0.466,0,0,1064753100,2003-09-28 22:45:00+10:00
0.446,0,0,1064754000,2003-09-28 23:00:00+10:00
0.356,0,0,1064754900,2003-09-28 23:15:00+10:00
0.316,0,0,1064755800,2003-09-28 23:30:00+10:00
0.306,0,0,1064756700,2003-09-28 23:45:00+10:00
0.166,0,0,1064757600,2003-09-29 00:00:00+10:00
0.106,0,0,1064758500,2003-09-29 00:15:00+10:00
0.056,0,0,1064759400,2003-09-29 00:30:00+10:00
-0.044,0,0,1064760300,2003-09-29 00:45:00+10:00
-0.104,0,0,1064761200,2003-09-29 01:00:00+10:00
-0.204,0,0,1064762100,2003-09-29 01:15:00+10:00
-0.304,0,0,1064763000,2003-09-29 01:30:00+10:00
-0.344,0,0,1064763900,2003-09-29 01:45:00+10:00
-0.384,0,0,1064764800,2003-09-29 02:00:00+10:00
-0.504,0,0,1064765700,2003-09-29 02:15:00+10:00
-0.564,0,0,1064766600,2003-09-29 02:30:00+10:00
-0.574,0,0,1064767500,2003-09-29 02:45:00+10:00
-0.654,0,0,1064768400,2003-09-29 03:00:00+10:00
-0.644,0,0,1064769300,2003-09-29 03:15:00+10:00
-0.744,0,0,1064770200,2003-09-29 03:30:00+10:00
-0.724,0,0,1064771100,2003-09-29 03:45:00+10:00
-0.674,0,0,1064772000,2003-09-29 04:00:00+10:00
-0.764,0,0,1064772900,2003-09-29 04:15:00+10:00
-0.724,0,0,1064773800,2003-09-29 04:30:00+10:00
-0.694,0,0,1064774700,2003-09-29 04:45:00+10:00
-0.664,0,0,1064775600,2003-09-29 05:00:00+10:00
-0.614,0,0,1064776500,2003-09-29 05:15:00+10:00
-0.594,0,0,1064777400,2003-09-29 05:30:00+10:00
-0.564,0,0,1064778300,2003-09-29 05:45:00+10:00
-0.424,0,0,1064779200,2003-09-29 06:00:00+10:00
-0.374,0,0,1064780100,2003-09-29 06:15:00+10:00
-0.324,0,0,1064781000,2003-09-29 06:30:00+10:00
-0.214,0,0,1064781900,2003-09-29 06:45:00+10:00
-0.164,0,0,1064782800,2003-09-29 07:00:00+10:00
-0.074,0,0,1064783700,2003-09-29 07:15:00+10:00
0.056,0,0,1064784600,2003-09-29 07:30:00+10:00
0.076,0,0,1064785500,2003-09-29 07:45:00+10:00
0.186,0,0,1064786400,2003-09-29 08:00:00+10:00
0.286,0,0,1064787300,2003-09-29 08:15:00+10:00
0.316,0,0,1064788200,2003-09-29 08:30:00+10:00
0.396,0,0,1064789100,2003-09-29 08:45:00+10:00
0.456,0,0,1064790000,2003-09-29 09:00:00+10:00
0.506,0,0,1064790900,2003-09-29 09:15:00+10:00
0.576,0,0,1064791800,2003-09-29 09:30:00+10:00
0.586,0,0,1064792700,2003-09-29 09:45:00+10:00
0.576,0,0,1064793600,2003-09-29 10:00:00+10:00
0.646,0,0,1064794500,2003-09-29 10:15:00+10:00
0.616,0,0,1064795400,2003-09-29 10:30:00+10:00
0.606,0,0,1064796300,2003-09-29 10:45:00+10:00
0.586,0,0,1064797200,2003-09-29 11:00:00+10:00
0.536,0,0,1064798100,2003-09-29 11:15:00+10:00
0.566,0,0,1064799000,2003-09-29 11:30:00+10:00
0.436,0,0,1064799900,2003-09-29 11:45:00+10:00
0.386,0,0,1064800800,2003-09-29 12:00:00+10:00
0.336,0,0,1064801700,2003-09-29 12:15:00+10:00
0.266,0,0,1064802600,2003-09-29 12:30:00+10:00
0.176,0,0,1064803500,2003-09-29 12:45:00+10:00
0.096,0,0,1064804400,2003-09-29 13:00:00+10:00
0.016,0,0,1064805300,2003-09-29 13:15:00+10:00
-0.094,0,0,1064806200,2003-09-29 13:30:00+10:00
-0.134,0,0,1064807100,2003-09-29 13:45:00+10:00
-0.234,0,0,1064808000,2003-09-29 14:00:00+10:00
-0.334,0,0,1064808900,2003-09-29 14:15:00+10:00
-0.424,0,0,1064809800,2003-09-29 14:30:00+10:00
-0.444,0,0,1064810700,2003-09-29 14:45:00+10:00
-0.464,0,0,1064811600,2003-09-29 15:00:00+10:00
-0.634,0,0,1064812500,2003-09-29 15:15:00+10:00
-0.614,0,0,1064813400,2003-09-29 15:30:00+10:00
-0.644,0,0,1064814300,2003-09-29 15:45:00+10:00
-0.744,0,0,1064815200,2003-09-29 16:00:00+10:00
-0.724,0,0,1064816100,2003-09-29 16:15:00+10:00
-0.734,0,0,1064817000,2003-09-29 16:30:00+10:00
-0.784,0,0,1064817900,2003-09-29 16:45:00+10:00
-0.724,0,0,1064818800,2003-09-29 17:00:00+10:00
-0.684,0,0,1064819700,2003-09-29 17:15:00+10:00
-0.774,0,0,1064820600,2003-09-29 17:30:00+10:00
-0.704,0,0,1064821500,2003-09-29 17:45:00+10:00
-0.564,0,0,1064822400,2003-09-29 18:00:00+10:00
-0.584,0,0,1064823300,2003-09-29 18:15:00+10:00
-0.524,0,0,1064824200,2003-09-29 18:30:00+10:00
-0.444,0,0,1064825100,2003-09-29 18:45:00+10:00
-0.384,0,0,1064826000,2003-09-29 19:00:00+10:00
-0.324,0,0,1064826900,2003-09-29 19:15:00+10:00
-0.214,0,0,1064827800,2003-09-29 19:30:00+10:00
-0.184,0,0,1064828700,2003-09-29 19:45:00+10:00
-0.104,0,0,1064829600,2003-09-29 20:00:00+10:00
-0.044,0,0,1064830500,2003-09-29 20:15:00+10:00
0.056,0,0,1064831400,2003-09-29 20:30:00+10:00
0.106,0,0,1064832300,2003-09-29 20:45:00+10:00
0.146,0,0,1064833200,2003-09-29 21:00:00+10:00
0.236,0,0,1064834100,2003-09-29 21:15:00+10:00
0.266,0,0,1064835000,2003-09-29 21:30:00+10:00
0.336,0,0,1064835900,2003-09-29 21:45:00+10:00
0.366,0,0,1064836800,2003-09-29 22:00:00+10:00
0.366,0,0,1064837700,2003-09-29 22:15:00+10:00
0.416,0,0,1064838600,2003-09-29 22:30:00+10:00
0.436,0,0,1064839500,2003-09-29 22:45:00+10:00
0.416,0,0,1064840400,2003-09-29 23:00:00+10:00
0.396,0,0,1064841300,2003-09-29 23:15:00+10:00
0.396,0,0,1064842200,2003-09-29 23:30:00+10:00
0.346,0,0,1064843100,2003-09-29 23:45:00+10:00
0.326,0,0,1064844000,2003-09-30 00:00:00+10:00
0.266,0,0,1064844900,2003-09-30 00:15:00+10:00
0.196,0,0,1064845800,2003-09-30 00:30:00+10:00
0.156,0,0,1064846700,2003-09-30 00:45:00+10:00
0.096,0,0,1064847600,2003-09-30 01:00:00+10:00
0.016,0,0,1064848500,2003-09-30 01:15:00+10:00
-0.064,0,0,1064849400,2003-09-30 01:30:00+10:00
-0.104,0,0,1064850300,2003-09-30 01:45:00+10:00
-0.184,0,0,1064851200,2003-09-30 02:00:00+10:00
-0.254,0,0,1064852100,2003-09-30 02:15:00+10:00
-0.314,0,0,1064853000,2003-09-30 02:30:00+10:00
-0.384,0,0,1064853900,2003-09-30 02:45:00+10:00
-0.424,0,0,1064854800,2003-09-30 03:00:00+10:00
-0.504,0,0,1064855700,2003-09-30 03:15:00+10:00
-0.524,0,0,1064856600,2003-09-30 03:30:00+10:00
-0.584,0,0,1064857500,2003-09-30 03:45:00+10:00
-0.614,0,0,1064858400,2003-09-30 04:00:00+10:00
-0.624,0,0,1064859300,2003-09-30 04:15:00+10:00
-0.674,0,0,1064860200,2003-09-30 04:30:00+10:00
-0.674,0,0,1064861100,2003-09-30 04:45:00+10:00
-0.654,0,0,1064862000,2003-09-30 05:00:00+10:00
-0.634,0,0,1064862900,2003-09-30 05:15:00+10:00
-0.644,0,0,1064863800,2003-09-30 05:30:00+10:00
-0.604,0,0,1064864700,2003-09-30 05:45:00+10:00
-0.574,0,0,1064865600,2003-09-30 06:00:00+10:00
-0.534,0,0,1064866500,2003-09-30 06:15:00+10:00
-0.454,0,0,1064867400,2003-09-30 06:30:00+10:00
-0.424,0,0,1064868300,2003-09-30 06:45:00+10:00
-0.374,0,0,1064869200,2003-09-30 07:00:00+10:00
-0.264,0,0,1064870100,2003-09-30 07:15:00+10:00
-0.194,0,0,1064871000,2003-09-30 07:30:00+10:00
-0.164,0,0,1064871900,2003-09-30 07:45:00+10:00
-0.074,0,0,1064872800,2003-09-30 08:00:00+10:00
0.016,0,0,1064873700,2003-09-30 08:15:00+10:00
0.096,0,0,1064874600,2003-09-30 08:30:00+10:00
0.176,0,0,1064875500,2003-09-30 08:45:00+10:00
0.196,0,0,1064876400,2003-09-30 09:00:00+10:00
0.306,0,0,1064877300,2003-09-30 09:15:00+10:00
0.346,0,0,1064878200,2003-09-30 09:30:00+10:00
0.416,0,0,1064879100,2003-09-30 09:45:00+10:00
0.456,0,0,1064880000,2003-09-30 10:00:00+10:00
0.486,0,0,1064880900,2003-09-30 10:15:00+10:00
0.526,0,0,1064881800,2003-09-30 10:30:00+10:00
0.576,0,0,1064882700,2003-09-30 10:45:00+10:00
0.566,0,0,1064883600,2003-09-30 11:00:00+10:00
0.546,0,0,1064884500,2003-09-30 11:15:00+10:00
0.566,0,0,1064885400,2003-09-30 11:30:00+10:00
0.546,0,0,1064886300,2003-09-30 11:45:00+10:00
0.516,0,0,1064887200,2003-09-30 12:00:00+10:00
0.466,0,0,1064888100,2003-09-30 12:15:00+10:00
0.396,0,0,1064889000,2003-09-30 12:30:00+10:00
0.346,0,0,1064889900,2003-09-30 12:45:00+10:00
0.316,0,0,1064890800,2003-09-30 13:00:00+10:00
0.206,0,0,1064891700,2003-09-30 13:15:00+10:00
0.116,0,0,1064892600,2003-09-30 13:30:00+10:00
0.056,0,0,1064893500,2003-09-30 13:45:00+10:00
0.006,0,0,1064894400,2003-09-30 14:00:00+10:00
-0.074,0,0,1064895300,2003-09-30 14:15:00+10:00
-0.164,0,0,1064896200,2003-09-30 14:30:00+10:00
-0.264,0,0,1064897100,2003-09-30 14:45:00+10:00
-0.324,0,0,1064898000,2003-09-30 15:00:00+10:00
-0.364,0,0,1064898900,2003-09-30 15:15:00+10:00
-0.464,0,0,1064899800,2003-09-30 15:30:00+10:00
-0.514,0,0,1064900700,2003-09-30 15:45:00+10:00
-0.594,0,0,1064901600,2003-09-30 16:00:00+10:00
-0.664,0,0,1064902500,2003-09-30 16:15:00+10:00
-0.684,0,0,1064903400,2003-09-30 16:30:00+10:00
-0.744,0,0,1064904300,2003-09-30 16:45:00+10:00
-0.774,0,0,1064905200,2003-09-30 17:00:00+10:00
-0.814,0,0,1064906100,2003-09-30 17:15:00+10:00
-0.814,0,0,1064907000,2003-09-30 17:30:00+10:00
-0.824,0,0,1064907900,2003-09-30 17:45:00+10:00
-0.844,0,0,1064908800,2003-09-30 18:00:00+10:00
-0.834,0,0,1064909700,2003-09-30 18:15:00+10:00
-0.784,0,0,1064910600,2003-09-30 18:30:00+10:00
-0.764,0,0,1064911500,2003-09-30 18:45:00+10:00
-0.754,0,0,1064912400,2003-09-30 19:00:00+10:00
-0.674,0,0,1064913300,2003-09-30 19:15:00+10:00
-0.634,0,0,1064914200,2003-09-30 19:30:00+10:00
-0.584,0,0,1064915100,2003-09-30 19:45:00+10:00
-0.544,0,0,1064916000,2003-09-30 20:00:00+10:00
-0.484,0,0,1064916900,2003-09-30 20:15:00+10:00
-0.384,0,0,1064917800,2003-09-30 20:30:00+10:00
-0.364,0,0,1064918700,2003-09-30 20:45:00+10:00
-0.314,0,0,1064919600,2003-09-30 21:00:00+10:00
-0.204,0,0,1064920500,2003-09-30 21:15:00+10:00
-0.164,0,0,1064921400,2003-09-30 21:30:00+10:00
-0.104,0,0,1064922300,2003-09-30 21:45:00+10:00
-0.044,0,0,1064923200,2003-09-30 22:00:00+10:00
-0.024,0,0,1064924100,2003-09-30 22:15:00+10:00
0.046,0,0,1064925000,2003-09-30 22:30:00+10:00
0.106,0,0,1064925900,2003-09-30 22:45:00+10:00
0.126,0,0,1064926800,2003-09-30 23:00:00+10:00
0.146,0,0,1064927700,2003-09-30 23:15:00+10:00
0.156,0,0,1064928600,2003-09-30 23:30:00+10:00
0.166,0,0,1064929500,2003-09-30 23:45:00+10:00
0.206,0,0,1064930400,2003-10-01 00:00:00+10:00
0.176,0,0,1064931300,2003-10-01 00:15:00+10:00
0.126,0,0,1064932200,2003-10-01 00:30:00+10:00
0.136,0,0,1064933100,2003-10-01 00:45:00+10:00
0.096,0,0,1064934000,2003-10-01 01:00:00+10:00
0.076,0,0,1064934900,2003-10-01 01:15:00+10:00
0.036,0,0,1064935800,2003-10-01 01:30:00+10:00
-0.054,0,0,1064936700,2003-10-01 01:45:00+10:00
-0.074,0,0,1064937600,2003-10-01 02:00:00+10:00
-0.074,0,0,1064938500,2003-10-01 02:15:00+10:00
-0.174,0,0,1064939400,2003-10-01 02:30:00+10:00
-0.244,0,0,1064940300,2003-10-01 02:45:00+10:00
-0.264,0,0,1064941200,2003-10-01 03:00:00+10:00
-0.294,0,0,1064942100,2003-10-01 03:15:00+10:00
-0.364,0,0,1064943000,2003-10-01 03:30:00+10:00
-0.414,0,0,1064943900,2003-10-01 03:45:00+10:00
-0.484,0,0,1064944800,2003-10-01 04:00:00+10:00
-0.454,0,0,1064945700,2003-10-01 04:15:00+10:00
-0.494,0,0,1064946600,2003-10-01 04:30:00+10:00
-0.584,0,0,1064947500,2003-10-01 04:45:00+10:00
-0.544,0,0,1064948400,2003-10-01 05:00:00+10:00
-0.574,0,0,1064949300,2003-10-01 05:15:00+10:00
-0.564,0,0,1064950200,2003-10-01 05:30:00+10:00
-0.554,0,0,1064951100,2003-10-01 05:45:00+10:00
-0.584,0,0,1064952000,2003-10-01 06:00:00+10:00
-0.534,0,0,1064952900,2003-10-01 06:15:00+10:00
-0.494,0,0,1064953800,2003-10-01 06:30:00+10:00
-0.494,0,0,1064954700,2003-10-01 06:45:00+10:00
-0.454,0,0,1064955600,2003-10-01 07:00:00+10:00
-0.384,0,0,1064956500,2003-10-01 07:15:00+10:00
-0.324,0,0,1064957400,2003-10-01 07:30:00+10:00
-0.254,0,0,1064958300,2003-10-01 07:45:00+10:00
-0.224,0,0,1064959200,2003-10-01 08:00:00+10:00
-0.174,0,0,1064960100,2003-10-01 08:15:00+10:00
-0.074,0,0,1064961000,2003-10-01 08:30:00+10:00
-0.024,0,0,1064961900,2003-10-01 08:45:00+10:00
0.056,0,0,1064962800,2003-10-01 09:00:00+10:00
0.156,0,0,1064963700,2003-10-01 09:15:00+10:00
0.146,0,0,1064964600,2003-10-01 09:30:00+10:00
0.266,0,0,1064965500,2003-10-01 09:45:00+10:00
0.326,0,0,1064966400,2003-10-01 10:00:00+10:00
0.356,0,0,1064967300,2003-10-01 10:15:00+10:00
0.436,0,0,1064968200,2003-10-01 10:30:00+10:00
0.456,0,0,1064969100,2003-10-01 10:45:00+10:00
0.486,0,0,1064970000,2003-10-01 11:00:00+10:00
0.516,0,0,1064970900,2003-10-01 11:15:00+10:00
0.606,0,0,1064971800,2003-10-01 11:30:00+10:00
0.576,0,0,1064972700,2003-10-01 11:45:00+10:00
0.586,0,0,1064973600,2003-10-01 12:00:00+10:00
0.576,0,0,1064974500,2003-10-01 12:15:00+10:00
0.546,0,0,1064975400,2003-10-01 12:30:00+10:00
0.596,0,0,1064976300,2003-10-01 12:45:00+10:00
0.546,0,0,1064977200,2003-10-01 13:00:00+10:00
0.486,0,0,1064978100,2003-10-01 13:15:00+10:00
0.436,0,0,1064979000,2003-10-01 13:30:00+10:00
0.376,0,0,1064979900,2003-10-01 13:45:00+10:00
0.376,0,0,1064980800,2003-10-01 14:00:00+10:00
0.266,0,0,1064981700,2003-10-01 14:15:00+10:00
0.206,0,0,1064982600,2003-10-01 14:30:00+10:00
0.146,0,0,1064983500,2003-10-01 14:45:00+10:00
0.036,0,0,1064984400,2003-10-01 15:00:00+10:00
0.046,0,0,1064985300,2003-10-01 15:15:00+10:00
-0.064,0,0,1064986200,2003-10-01 15:30:00+10:00
-0.174,0,0,1064987100,2003-10-01 15:45:00+10:00
-0.174,0,0,1064988000,2003-10-01 16:00:00+10:00
-0.274,0,0,1064988900,2003-10-01 16:15:00+10:00
-0.344,0,0,1064989800,2003-10-01 16:30:00+10:00
-0.404,0,0,1064990700,2003-10-01 16:45:00+10:00
-0.444,0,0,1064991600,2003-10-01 17:00:00+10:00
-0.504,0,0,1064992500,2003-10-01 17:15:00+10:00
-0.524,0,0,1064993400,2003-10-01 17:30:00+10:00
-0.604,0,0,1064994300,2003-10-01 17:45:00+10:00
-0.644,0,0,1064995200,2003-10-01 18:00:00+10:00
-0.624,0,0,1064996100,2003-10-01 18:15:00+10:00
-0.644,0,0,1064997000,2003-10-01 18:30:00+10:00
-0.664,0,0,1064997900,2003-10-01 18:45:00+10:00
-0.674,0,0,1064998800,2003-10-01 19:00:00+10:00
-0.664,0,0,1064999700,2003-10-01 19:15:00+10:00
-0.634,0,0,1065000600,2003-10-01 19:30:00+10:00
-0.584,0,0,1065001500,2003-10-01 19:45:00+10:00
-0.594,0,0,1065002400,2003-10-01 20:00:00+10:00
-0.594,0,0,1065003300,2003-10-01 20:15:00+10:00
-0.494,0,0,1065004200,2003-10-01 20:30:00+10:00
-0.464,0,0,1065005100,2003-10-01 20:45:00+10:00
-0.424,0,0,1065006000,2003-10-01 21:00:00+10:00
-0.394,0,0,1065006900,2003-10-01 21:15:00+10:00
-0.334,0,0,1065007800,2003-10-01 21:30:00+10:00
-0.274,0,0,1065008700,2003-10-01 21:45:00+10:00
-0.204,0,0,1065009600,2003-10-01 22:00:00+10:00
-0.114,0,0,1065010500,2003-10-01 22:15:00+10:00
-0.144,0,0,1065011400,2003-10-01 22:30:00+10:00
-0.074,0,0,1065012300,2003-10-01 22:45:00+10:00
0.016,0,0,1065013200,2003-10-01 23:00:00+10:00
0.046,0,0,1065014100,2003-10-01 23:15:00+10:00
0.106,0,0,1065015000,2003-10-01 23:30:00+10:00
0.116,0,0,1065015900,2003-10-01 23:45:00+10:00
0.136,0,0,1065016800,2003-10-02 00:00:00+10:00
0.226,0,0,1065017700,2003-10-02 00:15:00+10:00
0.226,0,0,1065018600,2003-10-02 00:30:00+10:00
0.216,0,0,1065019500,2003-10-02 00:45:00+10:00
0.226,0,0,1065020400,2003-10-02 01:00:00+10:00
0.216,0,0,1065021300,2003-10-02 01:15:00+10:00
0.236,0,0,1065022200,2003-10-02 01:30:00+10:00
0.236,0,0,1065023100,2003-10-02 01:45:00+10:00
0.226,0,0,1065024000,2003-10-02 02:00:00+10:00
0.156,0,0,1065024900,2003-10-02 02:15:00+10:00
0.156,0,0,1065025800,2003-10-02 02:30:00+10:00
0.156,0,0,1065026700,2003-10-02 02:45:00+10:00
0.106,0,0,1065027600,2003-10-02 03:00:00+10:00
0.056,0,0,1065028500,2003-10-02 03:15:00+10:00
0.026,0,0,1065029400,2003-10-02 03:30:00+10:00
0.006,0,0,1065030300,2003-10-02 03:45:00+10:00
-0.024,0,0,1065031200,2003-10-02 04:00:00+10:00
-0.074,0,0,1065032100,2003-10-02 04:15:00+10:00
-0.104,0,0,1065033000,2003-10-02 04:30:00+10:00
-0.154,0,0,1065033900,2003-10-02 04:45:00+10:00
-0.174,0,0,1065034800,2003-10-02 05:00:00+10:00
-0.184,0,0,1065035700,2003-10-02 05:15:00+10:00
-0.214,0,0,1065036600,2003-10-02 05:30:00+10:00
-0.264,0,0,1065037500,2003-10-02 05:45:00+10:00
-0.274,0,0,1065038400,2003-10-02 06:00:00+10:00
-0.254,0,0,1065039300,2003-10-02 06:15:00+10:00
-0.264,0,0,1065040200,2003-10-02 06:30:00+10:00
-0.254,0,0,1065041100,2003-10-02 06:45:00+10:00
-0.244,0,0,1065042000,2003-10-02 07:00:00+10:00
-0.244,0,0,1065042900,2003-10-02 07:15:00+10:00
-0.224,0,0,1065043800,2003-10-02 07:30:00+10:00
-0.144,0,0,1065044700,2003-10-02 07:45:00+10:00
-0.154,0,0,1065045600,2003-10-02 08:00:00+10:00
-0.104,0,0,1065046500,2003-10-02 08:15:00+10:00
-0.084,0,0,1065047400,2003-10-02 08:30:00+10:00
-0.024,0,0,1065048300,2003-10-02 08:45:00+10:00
0.076,0,0,1065049200,2003-10-02 09:00:00+10:00
0.066,0,0,1065050100,2003-10-02 09:15:00+10:00
0.126,0,0,1065051000,2003-10-02 09:30:00+10:00
0.186,0,0,1065051900,2003-10-02 09:45:00+10:00
0.236,0,0,1065052800,2003-10-02 10:00:00+10:00
0.326,0,0,1065053700,2003-10-02 10:15:00+10:00
0.336,0,0,1065054600,2003-10-02 10:30:00+10:00
0.366,0,0,1065055500,2003-10-02 10:45:00+10:00
0.456,0,0,1065056400,2003-10-02 11:00:00+10:00
0.516,0,0,1065057300,2003-10-02 11:15:00+10:00
0.556,0,0,1065058200,2003-10-02 11:30:00+10:00
0.566,0,0,1065059100,2003-10-02 11:45:00+10:00
0.566,0,0,1065060000,2003-10-02 12:00:00+10:00
0.666,0,0,1065060900,2003-10-02 12:15:00+10:00
0.666,0,0,1065061800,2003-10-02 12:30:00+10:00
0.646,0,0,1065062700,2003-10-02 12:45:00+10:00
0.666,0,0,1065063600,2003-10-02 13:00:00+10:00
0.676,0,0,1065064500,2003-10-02 13:15:00+10:00
0.656,0,0,1065065400,2003-10-02 13:30:00+10:00
0.646,0,0,1065066300,2003-10-02 13:45:00+10:00
0.606,0,0,1065067200,2003-10-02 14:00:00+10:00
0.576,0,0,1065068100,2003-10-02 14:15:00+10:00
0.536,0,0,1065069000,2003-10-02 14:30:00+10:00
0.496,0,0,1065069900,2003-10-02 14:45:00+10:00
0.436,0,0,1065070800,2003-10-02 15:00:00+10:00
0.386,0,0,1065071700,2003-10-02 15:15:00+10:00
0.316,0,0,1065072600,2003-10-02 15:30:00+10:00
0.266,0,0,1065073500,2003-10-02 15:45:00+10:00
0.206,0,0,1065074400,2003-10-02 16:00:00+10:00
0.106,0,0,1065075300,2003-10-02 16:15:00+10:00
0.106,0,0,1065076200,2003-10-02 16:30:00+10:00
0.006,0,0,1065077100,2003-10-02 16:45:00+10:00
-0.104,0,0,1065078000,2003-10-02 17:00:00+10:00
-0.114,0,0,1065078900,2003-10-02 17:15:00+10:00
-0.194,0,0,1065079800,2003-10-02 17:30:00+10:00
-0.254,0,0,1065080700,2003-10-02 17:45:00+10:00
-0.304,0,0,1065081600,2003-10-02 18:00:00+10:00
-0.414,0,0,1065082500,2003-10-02 18:15:00+10:00
-0.434,0,0,1065083400,2003-10-02 18:30:00+10:00
-0.434,0,0,1065084300,2003-10-02 18:45:00+10:00
-0.524,0,0,1065085200,2003-10-02 19:00:00+10:00
-0.554,0,0,1065086100,2003-10-02 19:15:00+10:00
-0.584,0,0,1065087000,2003-10-02 19:30:00+10:00
-0.574,0,0,1065087900,2003-10-02 19:45:00+10:00
-0.594,0,0,1065088800,2003-10-02 20:00:00+10:00
-0.624,0,0,1065089700,2003-10-02 20:15:00+10:00
-0.634,0,0,1065090600,2003-10-02 20:30:00+10:00
-0.594,0,0,1065091500,2003-10-02 20:45:00+10:00
-0.584,0,0,1065092400,2003-10-02 21:00:00+10:00
-0.594,0,0,1065093300,2003-10-02 21:15:00+10:00
-0.564,0,0,1065094200,2003-10-02 21:30:00+10:00
-0.544,0,0,1065095100,2003-10-02 21:45:00+10:00
-0.464,0,0,1065096000,2003-10-02 22:00:00+10:00
-0.444,0,0,1065096900,2003-10-02 22:15:00+10:00
-0.464,0,0,1065097800,2003-10-02 22:30:00+10:00
-0.384,0,0,1065098700,2003-10-02 22:45:00+10:00
-0.304,0,0,1065099600,2003-10-02 23:00:00+10:00
-0.284,0,0,1065100500,2003-10-02 23:15:00+10:00
-0.234,0,0,1065101400,2003-10-02 23:30:00+10:00
-0.214,0,0,1065102300,2003-10-02 23:45:00+10:00
-0.184,0,0,1065103200,2003-10-03 00:00:00+10:00
-0.094,0,0,1065104100,2003-10-03 00:15:00+10:00
-0.054,0,0,1065105000,2003-10-03 00:30:00+10:00
-0.064,0,0,1065105900,2003-10-03 00:45:00+10:00
-0.044,0,0,1065106800,2003-10-03 01:00:00+10:00
-0.004,0,0,1065107700,2003-10-03 01:15:00+10:00
0.066,0,0,1065108600,2003-10-03 01:30:00+10:00
0.056,0,0,1065109500,2003-10-03 01:45:00+10:00
0.026,0,0,1065110400,2003-10-03 02:00:00+10:00
0.046,0,0,1065111300,2003-10-03 02:15:00+10:00
0.046,0,0,1065112200,2003-10-03 02:30:00+10:00
0.086,0,0,1065113100,2003-10-03 02:45:00+10:00
0.066,0,0,1065114000,2003-10-03 03:00:00+10:00
-0.014,0,0,1065114900,2003-10-03 03:15:00+10:00
-0.014,0,0,1065115800,2003-10-03 03:30:00+10:00
0.016,0,0,1065116700,2003-10-03 03:45:00+10:00
-0.044,0,0,1065117600,2003-10-03 04:00:00+10:00
-0.074,0,0,1065118500,2003-10-03 04:15:00+10:00
-0.094,0,0,1065119400,2003-10-03 04:30:00+10:00
-0.144,0,0,1065120300,2003-10-03 04:45:00+10:00
-0.144,0,0,1065121200,2003-10-03 05:00:00+10:00
-0.164,0,0,1065122100,2003-10-03 05:15:00+10:00
-0.254,0,0,1065123000,2003-10-03 05:30:00+10:00
-0.244,0,0,1065123900,2003-10-03 05:45:00+10:00
-0.254,0,0,1065124800,2003-10-03 06:00:00+10:00
-0.294,0,0,1065125700,2003-10-03 06:15:00+10:00
-0.324,0,0,1065126600,2003-10-03 06:30:00+10:00
-0.344,0,0,1065127500,2003-10-03 06:45:00+10:00
-0.364,0,0,1065128400,2003-10-03 07:00:00+10:00
-0.354,0,0,1065129300,2003-10-03 07:15:00+10:00
-0.374,0,0,1065130200,2003-10-03 07:30:00+10:00
-0.354,0,0,1065131100,2003-10-03 07:45:00+10:00
-0.364,0,0,1065132000,2003-10-03 08:00:00+10:00
-0.354,0,0,1065132900,2003-10-03 08:15:00+10:00
-0.304,0,0,1065133800,2003-10-03 08:30:00+10:00
-0.314,0,0,1065134700,2003-10-03 08:45:00+10:00
-0.284,0,0,1065135600,2003-10-03 09:00:00+10:00
-0.244,0,0,1065136500,2003-10-03 09:15:00+10:00
-0.214,0,0,1065137400,2003-10-03 09:30:00+10:00
-0.164,0,0,1065138300,2003-10-03 09:45:00+10:00
-0.144,0,0,1065139200,2003-10-03 10:00:00+10:00
-0.104,0,0,1065140100,2003-10-03 10:15:00+10:00
-0.044,0,0,1065141000,2003-10-03 10:30:00+10:00
0.006,0,0,1065141900,2003-10-03 10:45:00+10:00
0.036,0,0,1065142800,2003-10-03 11:00:00+10:00
0.086,0,0,1065143700,2003-10-03 11:15:00+10:00
0.136,0,0,1065144600,2003-10-03 11:30:00+10:00
0.186,0,0,1065145500,2003-10-03 11:45:00+10:00
0.236,0,0,1065146400,2003-10-03 12:00:00+10:00
0.286,0,0,1065147300,2003-10-03 12:15:00+10:00
0.306,0,0,1065148200,2003-10-03 12:30:00+10:00
0.346,0,0,1065149100,2003-10-03 12:45:00+10:00
0.386,0,0,1065150000,2003-10-03 13:00:00+10:00
0.396,0,0,1065150900,2003-10-03 13:15:00+10:00
0.416,0,0,1065151800,2003-10-03 13:30:00+10:00
0.446,0,0,1065152700,2003-10-03 13:45:00+10:00
0.456,0,0,1065153600,2003-10-03 14:00:00+10:00
0.446,0,0,1065154500,2003-10-03 14:15:00+10:00
0.436,0,0,1065155400,2003-10-03 14:30:00+10:00
0.416,0,0,1065156300,2003-10-03 14:45:00+10:00
0.406,0,0,1065157200,2003-10-03 15:00:00+10:00
0.406,0,0,1065158100,2003-10-03 15:15:00+10:00
0.336,0,0,1065159000,2003-10-03 15:30:00+10:00
0.296,0,0,1065159900,2003-10-03 15:45:00+10:00
0.276,0,0,1065160800,2003-10-03 16:00:00+10:00
0.226,0,0,1065161700,2003-10-03 16:15:00+10:00
0.176,0,0,1065162600,2003-10-03 16:30:00+10:00
0.096,0,0,1065163500,2003-10-03 16:45:00+10:00
0.056,0,0,1065164400,2003-10-03 17:00:00+10:00
-0.014,0,0,1065165300,2003-10-03 17:15:00+10:00
-0.064,0,0,1065166200,2003-10-03 17:30:00+10:00
-0.124,0,0,1065167100,2003-10-03 17:45:00+10:00
-0.214,0,0,1065168000,2003-10-03 18:00:00+10:00
-0.284,0,0,1065168900,2003-10-03 18:15:00+10:00
-0.324,0,0,1065169800,2003-10-03 18:30:00+10:00
-0.374,0,0,1065170700,2003-10-03 18:45:00+10:00
-0.464,0,0,1065171600,2003-10-03 19:00:00+10:00
-0.504,0,0,1065172500,2003-10-03 19:15:00+10:00
-0.564,0,0,1065173400,2003-10-03 19:30:00+10:00
-0.624,0,0,1065174300,2003-10-03 19:45:00+10:00
-0.614,0,0,1065175200,2003-10-03 20:00:00+10:00
-0.684,0,0,1065176100,2003-10-03 20:15:00+10:00
-0.754,0,0,1065177000,2003-10-03 20:30:00+10:00
-0.714,0,0,1065177900,2003-10-03 20:45:00+10:00
-0.754,0,0,1065178800,2003-10-03 21:00:00+10:00
-0.774,0,0,1065179700,2003-10-03 21:15:00+10:00
-0.764,0,0,1065180600,2003-10-03 21:30:00+10:00
-0.774,0,0,1065181500,2003-10-03 21:45:00+10:00
-0.774,0,0,1065182400,2003-10-03 22:00:00+10:00
-0.734,0,0,1065183300,2003-10-03 22:15:00+10:00
-0.724,0,0,1065184200,2003-10-03 22:30:00+10:00
-0.714,0,0,1065185100,2003-10-03 22:45:00+10:00
-0.674,0,0,1065186000,2003-10-03 23:00:00+10:00
-0.644,0,0,1065186900,2003-10-03 23:15:00+10:00
-0.604,0,0,1065187800,2003-10-03 23:30:00+10:00
-0.584,0,0,1065188700,2003-10-03 23:45:00+10:00
-0.524,0,0,1065189600,2003-10-04 00:00:00+10:00
-0.464,0,0,1065190500,2003-10-04 00:15:00+10:00
-0.444,0,0,1065191400,2003-10-04 00:30:00+10:00
-0.424,0,0,1065192300,2003-10-04 00:45:00+10:00
-0.334,0,0,1065193200,2003-10-04 01:00:00+10:00
-0.324,0,0,1065194100,2003-10-04 01:15:00+10:00
-0.264,0,0,1065195000,2003-10-04 01:30:00+10:00
-0.224,0,0,1065195900,2003-10-04 01:45:00+10:00
-0.224,0,0,1065196800,2003-10-04 02:00:00+10:00
-0.164,0,0,1065197700,2003-10-04 02:15:00+10:00
-0.114,0,0,1065198600,2003-10-04 02:30:00+10:00
-0.134,0,0,1065199500,2003-10-04 02:45:00+10:00
-0.094,0,0,1065200400,2003-10-04 03:00:00+10:00
-0.084,0,0,1065201300,2003-10-04 03:15:00+10:00
-0.094,0,0,1065202200,2003-10-04 03:30:00+10:00
-0.074,0,0,1065203100,2003-10-04 03:45:00+10:00
-0.074,0,0,1065204000,2003-10-04 04:00:00+10:00
-0.114,0,0,1065204900,2003-10-04 04:15:00+10:00
-0.074,0,0,1065205800,2003-10-04 04:30:00+10:00
-0.104,0,0,1065206700,2003-10-04 04:45:00+10:00
-0.164,0,0,1065207600,2003-10-04 05:00:00+10:00
-0.144,0,0,1065208500,2003-10-04 05:15:00+10:00
-0.184,0,0,1065209400,2003-10-04 05:30:00+10:00
-0.224,0,0,1065210300,2003-10-04 05:45:00+10:00
-0.234,0,0,1065211200,2003-10-04 06:00:00+10:00
-0.264,0,0,1065212100,2003-10-04 06:15:00+10:00
-0.324,0,0,1065213000,2003-10-04 06:30:00+10:00
-0.344,0,0,1065213900,2003-10-04 06:45:00+10:00
-0.344,0,0,1065214800,2003-10-04 07:00:00+10:00
-0.394,0,0,1065215700,2003-10-04 07:15:00+10:00
-0.434,0,0,1065216600,2003-10-04 07:30:00+10:00
-0.444,0,0,1065217500,2003-10-04 07:45:00+10:00
-0.444,0,0,1065218400,2003-10-04 08:00:00+10:00
-0.474,0,0,1065219300,2003-10-04 08:15:00+10:00
-0.504,0,0,1065220200,2003-10-04 08:30:00+10:00
-0.474,0,0,1065221100,2003-10-04 08:45:00+10:00
-0.494,0,0,1065222000,2003-10-04 09:00:00+10:00
-0.464,0,0,1065222900,2003-10-04 09:15:00+10:00
-0.474,0,0,1065223800,2003-10-04 09:30:00+10:00
-0.504,0,0,1065224700,2003-10-04 09:45:00+10:00
-0.424,0,0,1065225600,2003-10-04 10:00:00+10:00
-0.414,0,0,1065226500,2003-10-04 10:15:00+10:00
-0.384,0,0,1065227400,2003-10-04 10:30:00+10:00
-0.384,0,0,1065228300,2003-10-04 10:45:00+10:00
-0.324,0,0,1065229200,2003-10-04 11:00:00+10:00
-0.274,0,0,1065230100,2003-10-04 11:15:00+10:00
-0.254,0,0,1065231000,2003-10-04 11:30:00+10:00
-0.174,0,0,1065231900,2003-10-04 11:45:00+10:00
-0.124,0,0,1065232800,2003-10-04 12:00:00+10:00
-0.104,0,0,1065233700,2003-10-04 12:15:00+10:00
-0.054,0,0,1065234600,2003-10-04 12:30:00+10:00
0.026,0,0,1065235500,2003-10-04 12:45:00+10:00
0.056,0,0,1065236400,2003-10-04 13:00:00+10:00
0.096,0,0,1065237300,2003-10-04 13:15:00+10:00
0.166,0,0,1065238200,2003-10-04 13:30:00+10:00
0.186,0,0,1065239100,2003-10-04 13:45:00+10:00
0.226,0,0,1065240000,2003-10-04 14:00:00+10:00
0.276,0,0,1065240900,2003-10-04 14:15:00+10:00
0.256,0,0,1065241800,2003-10-04 14:30:00+10:00
0.316,0,0,1065242700,2003-10-04 14:45:00+10:00
0.336,0,0,1065243600,2003-10-04 15:00:00+10:00
0.316,0,0,1065244500,2003-10-04 15:15:00+10:00
0.346,0,0,1065245400,2003-10-04 15:30:00+10:00
0.306,0,0,1065246300,2003-10-04 15:45:00+10:00
0.326,0,0,1065247200,2003-10-04 16:00:00+10:00
0.296,0,0,1065248100,2003-10-04 16:15:00+10:00
0.266,0,0,1065249000,2003-10-04 16:30:00+10:00
0.236,0,0,1065249900,2003-10-04 16:45:00+10:00
0.186,0,0,1065250800,2003-10-04 17:00:00+10:00
0.176,0,0,1065251700,2003-10-04 17:15:00+10:00
0.106,0,0,1065252600,2003-10-04 17:30:00+10:00
0.056,0,0,1065253500,2003-10-04 17:45:00+10:00
-0.004,0,0,1065254400,2003-10-04 18:00:00+10:00
-0.044,0,0,1065255300,2003-10-04 18:15:00+10:00
-0.114,0,0,1065256200,2003-10-04 18:30:00+10:00
-0.164,0,0,1065257100,2003-10-04 18:45:00+10:00
-0.224,0,0,1065258000,2003-10-04 19:00:00+10:00
-0.324,0,0,1065258900,2003-10-04 19:15:00+10:00
-0.354,0,0,1065259800,2003-10-04 19:30:00+10:00
-0.404,0,0,1065260700,2003-10-04 19:45:00+10:00
-0.494,0,0,1065261600,2003-10-04 20:00:00+10:00
-0.544,0,0,1065262500,2003-10-04 20:15:00+10:00
-0.584,0,0,1065263400,2003-10-04 20:30:00+10:00
-0.684,0,0,1065264300,2003-10-04 20:45:00+10:00
-0.684,0,0,1065265200,2003-10-04 21:00:00+10:00
-0.724,0,0,1065266100,2003-10-04 21:15:00+10:00
-0.774,0,0,1065267000,2003-10-04 21:30:00+10:00
-0.804,0,0,1065267900,2003-10-04 21:45:00+10:00
-0.814,0,0,1065268800,2003-10-04 22:00:00+10:00
-0.834,0,0,1065269700,2003-10-04 22:15:00+10:00
-0.824,0,0,1065270600,2003-10-04 22:30:00+10:00
-0.834,0,0,1065271500,2003-10-04 22:45:00+10:00
-0.844,0,0,1065272400,2003-10-04 23:00:00+10:00
-0.794,0,0,1065273300,2003-10-04 23:15:00+10:00
-0.804,0,0,1065274200,2003-10-04 23:30:00+10:00
-0.774,0,0,1065275100,2003-10-04 23:45:00+10:00
-0.744,0,0,1065276000,2003-10-05 00:00:00+10:00
-0.704,0,0,1065276900,2003-10-05 00:15:00+10:00
-0.654,0,0,1065277800,2003-10-05 00:30:00+10:00
-0.624,0,0,1065278700,2003-10-05 00:45:00+10:00
-0.594,0,0,1065279600,2003-10-05 01:00:00+10:00
-0.514,0,0,1065280500,2003-10-05 01:15:00+10:00
-0.464,0,0,1065281400,2003-10-05 01:30:00+10:00
-0.424,0,0,1065282300,2003-10-05 01:45:00+10:00
-0.394,0,0,1065283200,2003-10-05 02:00:00+10:00
-0.334,0,0,1065284100,2003-10-05 02:15:00+10:00
-0.274,0,0,1065285000,2003-10-05 02:30:00+10:00
-0.244,0,0,1065285900,2003-10-05 02:45:00+10:00
-0.194,0,0,1065286800,2003-10-05 03:00:00+10:00
-0.174,0,0,1065287700,2003-10-05 03:15:00+10:00
-0.134,0,0,1065288600,2003-10-05 03:30:00+10:00
-0.104,0,0,1065289500,2003-10-05 03:45:00+10:00
-0.074,0,0,1065290400,2003-10-05 04:00:00+10:00
-0.064,0,0,1065291300,2003-10-05 04:15:00+10:00
-0.074,0,0,1065292200,2003-10-05 04:30:00+10:00
-0.044,0,0,1065293100,2003-10-05 04:45:00+10:00
-0.034,0,0,1065294000,2003-10-05 05:00:00+10:00
-0.064,0,0,1065294900,2003-10-05 05:15:00+10:00
-0.074,0,0,1065295800,2003-10-05 05:30:00+10:00
-0.074,0,0,1065296700,2003-10-05 05:45:00+10:00
-0.094,0,0,1065297600,2003-10-05 06:00:00+10:00
-0.134,0,0,1065298500,2003-10-05 06:15:00+10:00
-0.164,0,0,1065299400,2003-10-05 06:30:00+10:00
-0.204,0,0,1065300300,2003-10-05 06:45:00+10:00
-0.214,0,0,1065301200,2003-10-05 07:00:00+10:00
-0.244,0,0,1065302100,2003-10-05 07:15:00+10:00
-0.284,0,0,1065303000,2003-10-05 07:30:00+10:00
-0.334,0,0,1065303900,2003-10-05 07:45:00+10:00
-0.364,0,0,1065304800,2003-10-05 08:00:00+10:00
-0.394,0,0,1065305700,2003-10-05 08:15:00+10:00
-0.394,0,0,1065306600,2003-10-05 08:30:00+10:00
-0.454,0,0,1065307500,2003-10-05 08:45:00+10:00
-0.484,0,0,1065308400,2003-10-05 09:00:00+10:00
-0.484,0,0,1065309300,2003-10-05 09:15:00+10:00
-0.494,0,0,1065310200,2003-10-05 09:30:00+10:00
-0.504,0,0,1065311100,2003-10-05 09:45:00+10:00
-0.524,0,0,1065312000,2003-10-05 10:00:00+10:00
-0.534,0,0,1065312900,2003-10-05 10:15:00+10:00
-0.504,0,0,1065313800,2003-10-05 10:30:00+10:00
-0.494,0,0,1065314700,2003-10-05 10:45:00+10:00
-0.494,0,0,1065315600,2003-10-05 11:00:00+10:00
-0.494,0,0,1065316500,2003-10-05 11:15:00+10:00
-0.424,0,0,1065317400,2003-10-05 11:30:00+10:00
-0.404,0,0,1065318300,2003-10-05 11:45:00+10:00
-0.394,0,0,1065319200,2003-10-05 12:00:00+10:00
-0.334,0,0,1065320100,2003-10-05 12:15:00+10:00
-0.284,0,0,1065321000,2003-10-05 12:30:00+10:00
-0.234,0,0,1065321900,2003-10-05 12:45:00+10:00
-0.204,0,0,1065322800,2003-10-05 13:00:00+10:00
-0.144,0,0,1065323700,2003-10-05 13:15:00+10:00
-0.084,0,0,1065324600,2003-10-05 13:30:00+10:00
-0.034,0,0,1065325500,2003-10-05 13:45:00+10:00
0.006,0,0,1065326400,2003-10-05 14:00:00+10:00
0.056,0,0,1065327300,2003-10-05 14:15:00+10:00
0.136,0,0,1065328200,2003-10-05 14:30:00+10:00
0.166,0,0,1065329100,2003-10-05 14:45:00+10:00
0.216,0,0,1065330000,2003-10-05 15:00:00+10:00
0.236,0,0,1065330900,2003-10-05 15:15:00+10:00
0.256,0,0,1065331800,2003-10-05 15:30:00+10:00
0.316,0,0,1065332700,2003-10-05 15:45:00+10:00
0.336,0,0,1065333600,2003-10-05 16:00:00+10:00
0.336,0,0,1065334500,2003-10-05 16:15:00+10:00
0.336,0,0,1065335400,2003-10-05 16:30:00+10:00
0.336,0,0,1065336300,2003-10-05 16:45:00+10:00
0.356,0,0,1065337200,2003-10-05 17:00:00+10:00
0.326,0,0,1065338100,2003-10-05 17:15:00+10:00
0.286,0,0,1065339000,2003-10-05 17:30:00+10:00
0.236,0,0,1065339900,2003-10-05 17:45:00+10:00
0.226,0,0,1065340800,2003-10-05 18:00:00+10:00
0.206,0,0,1065341700,2003-10-05 18:15:00+10:00
0.166,0,0,1065342600,2003-10-05 18:30:00+10:00
0.086,0,0,1065343500,2003-10-05 18:45:00+10:00
0.016,0,0,1065344400,2003-10-05 19:00:00+10:00
-0.024,0,0,1065345300,2003-10-05 19:15:00+10:00
-0.094,0,0,1065346200,2003-10-05 19:30:00+10:00
-0.154,0,0,1065347100,2003-10-05 19:45:00+10:00
-0.244,0,0,1065348000,2003-10-05 20:00:00+10:00
-0.294,0,0,1065348900,2003-10-05 20:15:00+10:00
-0.354,0,0,1065349800,2003-10-05 20:30:00+10:00
-0.424,0,0,1065350700,2003-10-05 20:45:00+10:00
-0.494,0,0,1065351600,2003-10-05 21:00:00+10:00
-0.574,0,0,1065352500,2003-10-05 21:15:00+10:00
-0.614,0,0,1065353400,2003-10-05 21:30:00+10:00
-0.654,0,0,1065354300,2003-10-05 21:45:00+10:00
-0.694,0,0,1065355200,2003-10-05 22:00:00+10:00
-0.764,0,0,1065356100,2003-10-05 22:15:00+10:00
-0.784,0,0,1065357000,2003-10-05 22:30:00+10:00
-0.774,0,0,1065357900,2003-10-05 22:45:00+10:00
-0.804,0,0,1065358800,2003-10-05 23:00:00+10:00
-0.844,0,0,1065359700,2003-10-05 23:15:00+10:00
-0.834,0,0,1065360600,2003-10-05 23:30:00+10:00
-0.834,0,0,1065361500,2003-10-05 23:45:00+10:00
-0.824,0,0,1065362400,2003-10-06 00:00:00+10:00
-0.804,0,0,1065363300,2003-10-06 00:15:00+10:00
-0.804,0,0,1065364200,2003-10-06 00:30:00+10:00
-0.764,0,0,1065365100,2003-10-06 00:45:00+10:00
-0.704,0,0,1065366000,2003-10-06 01:00:00+10:00
-0.674,0,0,1065366900,2003-10-06 01:15:00+10:00
-0.644,0,0,1065367800,2003-10-06 01:30:00+10:00
-0.594,0,0,1065368700,2003-10-06 01:45:00+10:00
-0.524,0,0,1065369600,2003-10-06 02:00:00+10:00
-0.474,0,0,1065370500,2003-10-06 02:15:00+10:00
-0.434,0,0,1065371400,2003-10-06 02:30:00+10:00
-0.374,0,0,1065372300,2003-10-06 02:45:00+10:00
-0.324,0,0,1065373200,2003-10-06 03:00:00+10:00
-0.284,0,0,1065374100,2003-10-06 03:15:00+10:00
-0.194,0,0,1065375000,2003-10-06 03:30:00+10:00
-0.174,0,0,1065375900,2003-10-06 03:45:00+10:00
-0.144,0,0,1065376800,2003-10-06 04:00:00+10:00
-0.074,0,0,1065377700,2003-10-06 04:15:00+10:00
-0.044,0,0,1065378600,2003-10-06 04:30:00+10:00
-0.014,0,0,1065379500,2003-10-06 04:45:00+10:00
-0.004,0,0,1065380400,2003-10-06 05:00:00+10:00
0.036,0,0,1065381300,2003-10-06 05:15:00+10:00
0.026,0,0,1065382200,2003-10-06 05:30:00+10:00
0.036,0,0,1065383100,2003-10-06 05:45:00+10:00
0.036,0,0,1065384000,2003-10-06 06:00:00+10:00
-0.004,0,0,1065384900,2003-10-06 06:15:00+10:00
0.016,0,0,1065385800,2003-10-06 06:30:00+10:00
-0.034,0,0,1065386700,2003-10-06 06:45:00+10:00
-0.074,0,0,1065387600,2003-10-06 07:00:00+10:00
-0.074,0,0,1065388500,2003-10-06 07:15:00+10:00
-0.114,0,0,1065389400,2003-10-06 07:30:00+10:00
-0.174,0,0,1065390300,2003-10-06 07:45:00+10:00
-0.184,0,0,1065391200,2003-10-06 08:00:00+10:00
-0.234,0,0,1065392100,2003-10-06 08:15:00+10:00
-0.304,0,0,1065393000,2003-10-06 08:30:00+10:00
-0.314,0,0,1065393900,2003-10-06 08:45:00+10:00
-0.354,0,0,1065394800,2003-10-06 09:00:00+10:00
-0.404,0,0,1065395700,2003-10-06 09:15:00+10:00
-0.454,0,0,1065396600,2003-10-06 09:30:00+10:00
-0.464,0,0,1065397500,2003-10-06 09:45:00+10:00
-0.494,0,0,1065398400,2003-10-06 10:00:00+10:00
-0.544,0,0,1065399300,2003-10-06 10:15:00+10:00
-0.534,0,0,1065400200,2003-10-06 10:30:00+10:00
-0.544,0,0,1065401100,2003-10-06 10:45:00+10:00
-0.574,0,0,1065402000,2003-10-06 11:00:00+10:00
-0.524,0,0,1065402900,2003-10-06 11:15:00+10:00
-0.564,0,0,1065403800,2003-10-06 11:30:00+10:00
-0.544,0,0,1065404700,2003-10-06 11:45:00+10:00
-0.494,0,0,1065405600,2003-10-06 12:00:00+10:00
-0.474,0,0,1065406500,2003-10-06 12:15:00+10:00
-0.474,0,0,1065407400,2003-10-06 12:30:00+10:00
-0.424,0,0,1065408300,2003-10-06 12:45:00+10:00
-0.354,0,0,1065409200,2003-10-06 13:00:00+10:00
-0.364,0,0,1065410100,2003-10-06 13:15:00+10:00
-0.294,0,0,1065411000,2003-10-06 13:30:00+10:00
-0.234,0,0,1065411900,2003-10-06 13:45:00+10:00
-0.204,0,0,1065412800,2003-10-06 14:00:00+10:00
-0.094,0,0,1065413700,2003-10-06 14:15:00+10:00
-0.074,0,0,1065414600,2003-10-06 14:30:00+10:00
-0.034,0,0,1065415500,2003-10-06 14:45:00+10:00
0.076,0,0,1065416400,2003-10-06 15:00:00+10:00
0.136,0,0,1065417300,2003-10-06 15:15:00+10:00
0.166,0,0,1065418200,2003-10-06 15:30:00+10:00
0.216,0,0,1065419100,2003-10-06 15:45:00+10:00
0.276,0,0,1065420000,2003-10-06 16:00:00+10:00
0.296,0,0,1065420900,2003-10-06 16:15:00+10:00
0.346,0,0,1065421800,2003-10-06 16:30:00+10:00
0.356,0,0,1065422700,2003-10-06 16:45:00+10:00
0.376,0,0,1065423600,2003-10-06 17:00:00+10:00
0.386,0,0,1065424500,2003-10-06 17:15:00+10:00
0.396,0,0,1065425400,2003-10-06 17:30:00+10:00
0.406,0,0,1065426300,2003-10-06 17:45:00+10:00
0.376,0,0,1065427200,2003-10-06 18:00:00+10:00
0.366,0,0,1065428100,2003-10-06 18:15:00+10:00
0.326,0,0,1065429000,2003-10-06 18:30:00+10:00
0.316,0,0,1065429900,2003-10-06 18:45:00+10:00
0.256,0,0,1065430800,2003-10-06 19:00:00+10:00
0.206,0,0,1065431700,2003-10-06 19:15:00+10:00
0.166,0,0,1065432600,2003-10-06 19:30:00+10:00
0.086,0,0,1065433500,2003-10-06 19:45:00+10:00
0.046,0,0,1065434400,2003-10-06 20:00:00+10:00
-0.034,0,0,1065435300,2003-10-06 20:15:00+10:00
-0.124,0,0,1065436200,2003-10-06 20:30:00+10:00
-0.164,0,0,1065437100,2003-10-06 20:45:00+10:00
-0.264,0,0,1065438000,2003-10-06 21:00:00+10:00
-0.324,0,0,1065438900,2003-10-06 21:15:00+10:00
-0.384,0,0,1065439800,2003-10-06 21:30:00+10:00
-0.484,0,0,1065440700,2003-10-06 21:45:00+10:00
-0.514,0,0,1065441600,2003-10-06 22:00:00+10:00
-0.594,0,0,1065442500,2003-10-06 22:15:00+10:00
-0.654,0,0,1065443400,2003-10-06 22:30:00+10:00
-0.714,0,0,1065444300,2003-10-06 22:45:00+10:00
-0.754,0,0,1065445200,2003-10-06 23:00:00+10:00
-0.794,0,0,1065446100,2003-10-06 23:15:00+10:00
-0.814,0,0,1065447000,2003-10-06 23:30:00+10:00
-0.844,0,0,1065447900,2003-10-06 23:45:00+10:00
-0.864,0,0,1065448800,2003-10-07 00:00:00+10:00
-0.894,0,0,1065449700,2003-10-07 00:15:00+10:00
-0.844,0,0,1065450600,2003-10-07 00:30:00+10:00
-0.834,0,0,1065451500,2003-10-07 00:45:00+10:00
-0.854,0,0,1065452400,2003-10-07 01:00:00+10:00
-0.804,0,0,1065453300,2003-10-07 01:15:00+10:00
-0.754,0,0,1065454200,2003-10-07 01:30:00+10:00
-0.744,0,0,1065455100,2003-10-07 01:45:00+10:00
-0.684,0,0,1065456000,2003-10-07 02:00:00+10:00
-0.614,0,0,1065456900,2003-10-07 02:15:00+10:00
-0.604,0,0,1065457800,2003-10-07 02:30:00+10:00
-0.534,0,0,1065458700,2003-10-07 02:45:00+10:00
-0.454,0,0,1065459600,2003-10-07 03:00:00+10:00
-0.414,0,0,1065460500,2003-10-07 03:15:00+10:00
-0.354,0,0,1065461400,2003-10-07 03:30:00+10:00
-0.264,0,0,1065462300,2003-10-07 03:45:00+10:00
-0.224,0,0,1065463200,2003-10-07 04:00:00+10:00
-0.174,0,0,1065464100,2003-10-07 04:15:00+10:00
-0.124,0,0,1065465000,2003-10-07 04:30:00+10:00
-0.044,0,0,1065465900,2003-10-07 04:45:00+10:00
-0.014,0,0,1065466800,2003-10-07 05:00:00+10:00
0.026,0,0,1065467700,2003-10-07 05:15:00+10:00
0.066,0,0,1065468600,2003-10-07 05:30:00+10:00
0.076,0,0,1065469500,2003-10-07 05:45:00+10:00
0.086,0,0,1065470400,2003-10-07 06:00:00+10:00
0.116,0,0,1065471300,2003-10-07 06:15:00+10:00
0.106,0,0,1065472200,2003-10-07 06:30:00+10:00
0.086,0,0,1065473100,2003-10-07 06:45:00+10:00
0.106,0,0,1065474000,2003-10-07 07:00:00+10:00
0.066,0,0,1065474900,2003-10-07 07:15:00+10:00
0.046,0,0,1065475800,2003-10-07 07:30:00+10:00
0.016,0,0,1065476700,2003-10-07 07:45:00+10:00
-0.034,0,0,1065477600,2003-10-07 08:00:00+10:00
-0.044,0,0,1065478500,2003-10-07 08:15:00+10:00
-0.094,0,0,1065479400,2003-10-07 08:30:00+10:00
-0.164,0,0,1065480300,2003-10-07 08:45:00+10:00
-0.194,0,0,1065481200,2003-10-07 09:00:00+10:00
-0.234,0,0,1065482100,2003-10-07 09:15:00+10:00
-0.304,0,0,1065483000,2003-10-07 09:30:00+10:00
-0.324,0,0,1065483900,2003-10-07 09:45:00+10:00
-0.394,0,0,1065484800,2003-10-07 10:00:00+10:00
-0.454,0,0,1065485700,2003-10-07 10:15:00+10:00
-0.444,0,0,1065486600,2003-10-07 10:30:00+10:00
-0.504,0,0,1065487500,2003-10-07 10:45:00+10:00
-0.554,0,0,1065488400,2003-10-07 11:00:00+10:00
-0.554,0,0,1065489300,2003-10-07 11:15:00+10:00
-0.574,0,0,1065490200,2003-10-07 11:30:00+10:00
-0.584,0,0,1065491100,2003-10-07 11:45:00+10:00
-0.584,0,0,1065492000,2003-10-07 12:00:00+10:00
-0.584,0,0,1065492900,2003-10-07 12:15:00+10:00
-0.584,0,0,1065493800,2003-10-07 12:30:00+10:00
-0.554,0,0,1065494700,2003-10-07 12:45:00+10:00
-0.534,0,0,1065495600,2003-10-07 13:00:00+10:00
-0.504,0,0,1065496500,2003-10-07 13:15:00+10:00
-0.504,0,0,1065497400,2003-10-07 13:30:00+10:00
-0.454,0,0,1065498300,2003-10-07 13:45:00+10:00
-0.354,0,0,1065499200,2003-10-07 14:00:00+10:00
-0.344,0,0,1065500100,2003-10-07 14:15:00+10:00
-0.294,0,0,1065501000,2003-10-07 14:30:00+10:00
-0.214,0,0,1065501900,2003-10-07 14:45:00+10:00
-0.164,0,0,1065502800,2003-10-07 15:00:00+10:00
-0.074,0,0,1065503700,2003-10-07 15:15:00+10:00
-0.004,0,0,1065504600,2003-10-07 15:30:00+10:00
0.016,0,0,1065505500,2003-10-07 15:45:00+10:00
0.106,0,0,1065506400,2003-10-07 16:00:00+10:00
0.186,0,0,1065507300,2003-10-07 16:15:00+10:00
0.216,0,0,1065508200,2003-10-07 16:30:00+10:00
0.286,0,0,1065509100,2003-10-07 16:45:00+10:00
0.326,0,0,1065510000,2003-10-07 17:00:00+10:00
0.356,0,0,1065510900,2003-10-07 17:15:00+10:00
0.416,0,0,1065511800,2003-10-07 17:30:00+10:00
0.436,0,0,1065512700,2003-10-07 17:45:00+10:00
0.436,0,0,1065513600,2003-10-07 18:00:00+10:00
0.446,0,0,1065514500,2003-10-07 18:15:00+10:00
0.456,0,0,1065515400,2003-10-07 18:30:00+10:00
0.446,0,0,1065516300,2003-10-07 18:45:00+10:00
0.426,0,0,1065517200,2003-10-07 19:00:00+10:00
0.396,0,0,1065518100,2003-10-07 19:15:00+10:00
0.366,0,0,1065519000,2003-10-07 19:30:00+10:00
0.326,0,0,1065519900,2003-10-07 19:45:00+10:00
0.266,0,0,1065520800,2003-10-07 20:00:00+10:00
0.206,0,0,1065521700,2003-10-07 20:15:00+10:00
0.136,0,0,1065522600,2003-10-07 20:30:00+10:00
0.086,0,0,1065523500,2003-10-07 20:45:00+10:00
0.016,0,0,1065524400,2003-10-07 21:00:00+10:00
-0.074,0,0,1065525300,2003-10-07 21:15:00+10:00
-0.124,0,0,1065526200,2003-10-07 21:30:00+10:00
-0.204,0,0,1065527100,2003-10-07 21:45:00+10:00
-0.284,0,0,1065528000,2003-10-07 22:00:00+10:00
-0.364,0,0,1065528900,2003-10-07 22:15:00+10:00
-0.414,0,0,1065529800,2003-10-07 22:30:00+10:00
-0.504,0,0,1065530700,2003-10-07 22:45:00+10:00
-0.554,0,0,1065531600,2003-10-07 23:00:00+10:00
-0.624,0,0,1065532500,2003-10-07 23:15:00+10:00
-0.674,0,0,1065533400,2003-10-07 23:30:00+10:00
-0.714,0,0,1065534300,2003-10-07 23:45:00+10:00
-0.754,0,0,1065535200,2003-10-08 00:00:00+10:00
-0.754,0,0,1065536100,2003-10-08 00:15:00+10:00
-0.784,0,0,1065537000,2003-10-08 00:30:00+10:00
-0.824,0,0,1065537900,2003-10-08 00:45:00+10:00
-0.794,0,0,1065538800,2003-10-08 01:00:00+10:00
-0.794,0,0,1065539700,2003-10-08 01:15:00+10:00
-0.794,0,0,1065540600,2003-10-08 01:30:00+10:00
-0.754,0,0,1065541500,2003-10-08 01:45:00+10:00
-0.744,0,0,1065542400,2003-10-08 02:00:00+10:00
-0.694,0,0,1065543300,2003-10-08 02:15:00+10:00
-0.614,0,0,1065544200,2003-10-08 02:30:00+10:00
-0.604,0,0,1065545100,2003-10-08 02:45:00+10:00
-0.544,0,0,1065546000,2003-10-08 03:00:00+10:00
-0.474,0,0,1065546900,2003-10-08 03:15:00+10:00
-0.404,0,0,1065547800,2003-10-08 03:30:00+10:00
-0.344,0,0,1065548700,2003-10-08 03:45:00+10:00
-0.274,0,0,1065549600,2003-10-08 04:00:00+10:00
-0.214,0,0,1065550500,2003-10-08 04:15:00+10:00
-0.144,0,0,1065551400,2003-10-08 04:30:00+10:00
-0.084,0,0,1065552300,2003-10-08 04:45:00+10:00
-0.024,0,0,1065553200,2003-10-08 05:00:00+10:00
0.046,0,0,1065554100,2003-10-08 05:15:00+10:00
0.056,0,0,1065555000,2003-10-08 05:30:00+10:00
0.126,0,0,1065555900,2003-10-08 05:45:00+10:00
0.176,0,0,1065556800,2003-10-08 06:00:00+10:00
0.176,0,0,1065557700,2003-10-08 06:15:00+10:00
0.216,0,0,1065558600,2003-10-08 06:30:00+10:00
0.216,0,0,1065559500,2003-10-08 06:45:00+10:00
0.216,0,0,1065560400,2003-10-08 07:00:00+10:00
0.236,0,0,1065561300,2003-10-08 07:15:00+10:00
0.216,0,0,1065562200,2003-10-08 07:30:00+10:00
0.216,0,0,1065563100,2003-10-08 07:45:00+10:00
0.176,0,0,1065564000,2003-10-08 08:00:00+10:00
0.116,0,0,1065564900,2003-10-08 08:15:00+10:00
0.096,0,0,1065565800,2003-10-08 08:30:00+10:00
0.076,0,0,1065566700,2003-10-08 08:45:00+10:00
-0.014,0,0,1065567600,2003-10-08 09:00:00+10:00
-0.034,0,0,1065568500,2003-10-08 09:15:00+10:00
-0.134,0,0,1065569400,2003-10-08 09:30:00+10:00
-0.174,0,0,1065570300,2003-10-08 09:45:00+10:00
-0.174,0,0,1065571200,2003-10-08 10:00:00+10:00
-0.304,0,0,1065572100,2003-10-08 10:15:00+10:00
-0.364,0,0,1065573000,2003-10-08 10:30:00+10:00
-0.394,0,0,1065573900,2003-10-08 10:45:00+10:00
-0.454,0,0,1065574800,2003-10-08 11:00:00+10:00
-0.474,0,0,1065575700,2003-10-08 11:15:00+10:00
-0.534,0,0,1065576600,2003-10-08 11:30:00+10:00
-0.604,0,0,1065577500,2003-10-08 11:45:00+10:00
-0.574,0,0,1065578400,2003-10-08 12:00:00+10:00
-0.564,0,0,1065579300,2003-10-08 12:15:00+10:00
-0.634,0,0,1065580200,2003-10-08 12:30:00+10:00
-0.634,0,0,1065581100,2003-10-08 12:45:00+10:00
-0.624,0,0,1065582000,2003-10-08 13:00:00+10:00
-0.614,0,0,1065582900,2003-10-08 13:15:00+10:00
-0.584,0,0,1065583800,2003-10-08 13:30:00+10:00
-0.594,0,0,1065584700,2003-10-08 13:45:00+10:00
-0.554,0,0,1065585600,2003-10-08 14:00:00+10:00
-0.504,0,0,1065586500,2003-10-08 14:15:00+10:00
-0.474,0,0,1065587400,2003-10-08 14:30:00+10:00
-0.414,0,0,1065588300,2003-10-08 14:45:00+10:00
-0.354,0,0,1065589200,2003-10-08 15:00:00+10:00
-0.304,0,0,1065590100,2003-10-08 15:15:00+10:00
-0.204,0,0,1065591000,2003-10-08 15:30:00+10:00
-0.164,0,0,1065591900,2003-10-08 15:45:00+10:00
-0.094,0,0,1065592800,2003-10-08 16:00:00+10:00
0.016,0,0,1065593700,2003-10-08 16:15:00+10:00
0.056,0,0,1065594600,2003-10-08 16:30:00+10:00
0.106,0,0,1065595500,2003-10-08 16:45:00+10:00
0.186,0,0,1065596400,2003-10-08 17:00:00+10:00
0.236,0,0,1065597300,2003-10-08 17:15:00+10:00
0.306,0,0,1065598200,2003-10-08 17:30:00+10:00
0.376,0,0,1065599100,2003-10-08 17:45:00+10:00
0.376,0,0,1065600000,2003-10-08 18:00:00+10:00
0.406,0,0,1065600900,2003-10-08 18:15:00+10:00
0.486,0,0,1065601800,2003-10-08 18:30:00+10:00
0.466,0,0,1065602700,2003-10-08 18:45:00+10:00
0.466,0,0,1065603600,2003-10-08 19:00:00+10:00
0.476,0,0,1065604500,2003-10-08 19:15:00+10:00
0.446,0,0,1065605400,2003-10-08 19:30:00+10:00
0.456,0,0,1065606300,2003-10-08 19:45:00+10:00
0.436,0,0,1065607200,2003-10-08 20:00:00+10:00
0.366,0,0,1065608100,2003-10-08 20:15:00+10:00
0.296,0,0,1065609000,2003-10-08 20:30:00+10:00
0.296,0,0,1065609900,2003-10-08 20:45:00+10:00
0.226,0,0,1065610800,2003-10-08 21:00:00+10:00
0.156,0,0,1065611700,2003-10-08 21:15:00+10:00
0.046,0,0,1065612600,2003-10-08 21:30:00+10:00
-0.014,0,0,1065613500,2003-10-08 21:45:00+10:00
-0.024,0,0,1065614400,2003-10-08 22:00:00+10:00
-0.144,0,0,1065615300,2003-10-08 22:15:00+10:00
-0.224,0,0,1065616200,2003-10-08 22:30:00+10:00
-0.324,0,0,1065617100,2003-10-08 22:45:00+10:00
-0.354,0,0,1065618000,2003-10-08 23:00:00+10:00
-0.394,0,0,1065618900,2003-10-08 23:15:00+10:00
-0.514,0,0,1065619800,2003-10-08 23:30:00+10:00
-0.554,0,0,1065620700,2003-10-08 23:45:00+10:00
-0.594,0,0,1065621600,2003-10-09 00:00:00+10:00
-0.644,0,0,1065622500,2003-10-09 00:15:00+10:00
-0.674,0,0,1065623400,2003-10-09 00:30:00+10:00
-0.714,0,0,1065624300,2003-10-09 00:45:00+10:00
-0.744,0,0,1065625200,2003-10-09 01:00:00+10:00
-0.724,0,0,1065626100,2003-10-09 01:15:00+10:00
-0.754,0,0,1065627000,2003-10-09 01:30:00+10:00
-0.744,0,0,1065627900,2003-10-09 01:45:00+10:00
-0.714,0,0,1065628800,2003-10-09 02:00:00+10:00
-0.694,0,0,1065629700,2003-10-09 02:15:00+10:00
-0.694,0,0,1065630600,2003-10-09 02:30:00+10:00
-0.614,0,0,1065631500,2003-10-09 02:45:00+10:00
-0.584,0,0,1065632400,2003-10-09 03:00:00+10:00
-0.544,0,0,1065633300,2003-10-09 03:15:00+10:00
-0.454,0,0,1065634200,2003-10-09 03:30:00+10:00
-0.414,0,0,1065635100,2003-10-09 03:45:00+10:00
-0.344,0,0,1065636000,2003-10-09 04:00:00+10:00
-0.244,0,0,1065636900,2003-10-09 04:15:00+10:00
-0.204,0,0,1065637800,2003-10-09 04:30:00+10:00
-0.124,0,0,1065638700,2003-10-09 04:45:00+10:00
-0.054,0,0,1065639600,2003-10-09 05:00:00+10:00
-0.014,0,0,1065640500,2003-10-09 05:15:00+10:00
0.076,0,0,1065641400,2003-10-09 05:30:00+10:00
0.146,0,0,1065642300,2003-10-09 05:45:00+10:00
0.176,0,0,1065643200,2003-10-09 06:00:00+10:00
0.226,0,0,1065644100,2003-10-09 06:15:00+10:00
0.276,0,0,1065645000,2003-10-09 06:30:00+10:00
0.316,0,0,1065645900,2003-10-09 06:45:00+10:00
0.336,0,0,1065646800,2003-10-09 07:00:00+10:00
0.326,0,0,1065647700,2003-10-09 07:15:00+10:00
0.366,0,0,1065648600,2003-10-09 07:30:00+10:00
0.366,0,0,1065649500,2003-10-09 07:45:00+10:00
0.346,0,0,1065650400,2003-10-09 08:00:00+10:00
0.346,0,0,1065651300,2003-10-09 08:15:00+10:00
0.296,0,0,1065652200,2003-10-09 08:30:00+10:00
0.266,0,0,1065653100,2003-10-09 08:45:00+10:00
0.256,0,0,1065654000,2003-10-09 09:00:00+10:00
0.186,0,0,1065654900,2003-10-09 09:15:00+10:00
0.116,0,0,1065655800,2003-10-09 09:30:00+10:00
0.076,0,0,1065656700,2003-10-09 09:45:00+10:00
0.006,0,0,1065657600,2003-10-09 10:00:00+10:00
-0.064,0,0,1065658500,2003-10-09 10:15:00+10:00
-0.124,0,0,1065659400,2003-10-09 10:30:00+10:00
-0.174,0,0,1065660300,2003-10-09 10:45:00+10:00
-0.234,0,0,1065661200,2003-10-09 11:00:00+10:00
-0.294,0,0,1065662100,2003-10-09 11:15:00+10:00
-0.354,0,0,1065663000,2003-10-09 11:30:00+10:00
-0.404,0,0,1065663900,2003-10-09 11:45:00+10:00
-0.454,0,0,1065664800,2003-10-09 12:00:00+10:00
-0.494,0,0,1065665700,2003-10-09 12:15:00+10:00
-0.534,0,0,1065666600,2003-10-09 12:30:00+10:00
-0.564,0,0,1065667500,2003-10-09 12:45:00+10:00
-0.584,0,0,1065668400,2003-10-09 13:00:00+10:00
-0.604,0,0,1065669300,2003-10-09 13:15:00+10:00
-0.604,0,0,1065670200,2003-10-09 13:30:00+10:00
-0.614,0,0,1065671100,2003-10-09 13:45:00+10:00
-0.604,0,0,1065672000,2003-10-09 14:00:00+10:00
-0.584,0,0,1065672900,2003-10-09 14:15:00+10:00
-0.564,0,0,1065673800,2003-10-09 14:30:00+10:00
-0.524,0,0,1065674700,2003-10-09 14:45:00+10:00
-0.484,0,0,1065675600,2003-10-09 15:00:00+10:00
-0.454,0,0,1065676500,2003-10-09 15:15:00+10:00
-0.384,0,0,1065677400,2003-10-09 15:30:00+10:00
-0.304,0,0,1065678300,2003-10-09 15:45:00+10:00
-0.264,0,0,1065679200,2003-10-09 16:00:00+10:00
-0.204,0,0,1065680100,2003-10-09 16:15:00+10:00
-0.134,0,0,1065681000,2003-10-09 16:30:00+10:00
-0.084,0,0,1065681900,2003-10-09 16:45:00+10:00
0.006,0,0,1065682800,2003-10-09 17:00:00+10:00
0.066,0,0,1065683700,2003-10-09 17:15:00+10:00
0.126,0,0,1065684600,2003-10-09 17:30:00+10:00
0.186,0,0,1065685500,2003-10-09 17:45:00+10:00
0.216,0,0,1065686400,2003-10-09 18:00:00+10:00
0.296,0,0,1065687300,2003-10-09 18:15:00+10:00
0.356,0,0,1065688200,2003-10-09 18:30:00+10:00
0.376,0,0,1065689100,2003-10-09 18:45:00+10:00
0.386,0,0,1065690000,2003-10-09 19:00:00+10:00
0.396,0,0,1065690900,2003-10-09 19:15:00+10:00
0.446,0,0,1065691800,2003-10-09 19:30:00+10:00
0.456,0,0,1065692700,2003-10-09 19:45:00+10:00
0.426,0,0,1065693600,2003-10-09 20:00:00+10:00
0.396,0,0,1065694500,2003-10-09 20:15:00+10:00
0.356,0,0,1065695400,2003-10-09 20:30:00+10:00
0.386,0,0,1065696300,2003-10-09 20:45:00+10:00
0.336,0,0,1065697200,2003-10-09 21:00:00+10:00
0.226,0,0,1065698100,2003-10-09 21:15:00+10:00
0.186,0,0,1065699000,2003-10-09 21:30:00+10:00
0.186,0,0,1065699900,2003-10-09 21:45:00+10:00
0.086,0,0,1065700800,2003-10-09 22:00:00+10:00
0.006,0,0,1065701700,2003-10-09 22:15:00+10:00
-0.074,0,0,1065702600,2003-10-09 22:30:00+10:00
-0.144,0,0,1065703500,2003-10-09 22:45:00+10:00
-0.174,0,0,1065704400,2003-10-09 23:00:00+10:00
-0.254,0,0,1065705300,2003-10-09 23:15:00+10:00
-0.344,0,0,1065706200,2003-10-09 23:30:00+10:00
-0.424,0,0,1065707100,2003-10-09 23:45:00+10:00
-0.454,0,0,1065708000,2003-10-10 00:00:00+10:00
-0.494,0,0,1065708900,2003-10-10 00:15:00+10:00
-0.584,0,0,1065709800,2003-10-10 00:30:00+10:00
-0.604,0,0,1065710700,2003-10-10 00:45:00+10:00
-0.624,0,0,1065711600,2003-10-10 01:00:00+10:00
-0.684,0,0,1065712500,2003-10-10 01:15:00+10:00
-0.714,0,0,1065713400,2003-10-10 01:30:00+10:00
-0.684,0,0,1065714300,2003-10-10 01:45:00+10:00
-0.694,0,0,1065715200,2003-10-10 02:00:00+10:00
-0.724,0,0,1065716100,2003-10-10 02:15:00+10:00
-0.674,0,0,1065717000,2003-10-10 02:30:00+10:00
-0.674,0,0,1065717900,2003-10-10 02:45:00+10:00
-0.624,0,0,1065718800,2003-10-10 03:00:00+10:00
-0.574,0,0,1065719700,2003-10-10 03:15:00+10:00
-0.544,0,0,1065720600,2003-10-10 03:30:00+10:00
-0.494,0,0,1065721500,2003-10-10 03:45:00+10:00
-0.434,0,0,1065722400,2003-10-10 04:00:00+10:00
-0.344,0,0,1065723300,2003-10-10 04:15:00+10:00
-0.284,0,0,1065724200,2003-10-10 04:30:00+10:00
-0.254,0,0,1065725100,2003-10-10 04:45:00+10:00
-0.204,0,0,1065726000,2003-10-10 05:00:00+10:00
-0.054,0,0,1065726900,2003-10-10 05:15:00+10:00
0.016,0,0,1065727800,2003-10-10 05:30:00+10:00
0.026,0,0,1065728700,2003-10-10 05:45:00+10:00
0.066,0,0,1065729600,2003-10-10 06:00:00+10:00
0.176,0,0,1065730500,2003-10-10 06:15:00+10:00
0.236,0,0,1065731400,2003-10-10 06:30:00+10:00
0.306,0,0,1065732300,2003-10-10 06:45:00+10:00
0.326,0,0,1065733200,2003-10-10 07:00:00+10:00
0.306,0,0,1065734100,2003-10-10 07:15:00+10:00
0.416,0,0,1065735000,2003-10-10 07:30:00+10:00
0.456,0,0,1065735900,2003-10-10 07:45:00+10:00
0.456,0,0,1065736800,2003-10-10 08:00:00+10:00
0.426,0,0,1065737700,2003-10-10 08:15:00+10:00
0.436,0,0,1065738600,2003-10-10 08:30:00+10:00
0.426,0,0,1065739500,2003-10-10 08:45:00+10:00
0.446,0,0,1065740400,2003-10-10 09:00:00+10:00
0.366,0,0,1065741300,2003-10-10 09:15:00+10:00
0.316,0,0,1065742200,2003-10-10 09:30:00+10:00
0.276,0,0,1065743100,2003-10-10 09:45:00+10:00
0.266,0,0,1065744000,2003-10-10 10:00:00+10:00
0.196,0,0,1065744900,2003-10-10 10:15:00+10:00
0.096,0,0,1065745800,2003-10-10 10:30:00+10:00
0.036,0,0,1065746700,2003-10-10 10:45:00+10:00
-0.014,0,0,1065747600,2003-10-10 11:00:00+10:00
-0.024,0,0,1065748500,2003-10-10 11:15:00+10:00
-0.134,0,0,1065749400,2003-10-10 11:30:00+10:00
-0.214,0,0,1065750300,2003-10-10 11:45:00+10:00
-0.254,0,0,1065751200,2003-10-10 12:00:00+10:00
-0.284,0,0,1065752100,2003-10-10 12:15:00+10:00
-0.344,0,0,1065753000,2003-10-10 12:30:00+10:00
-0.434,0,0,1065753900,2003-10-10 12:45:00+10:00
-0.494,0,0,1065754800,2003-10-10 13:00:00+10:00
-0.514,0,0,1065755700,2003-10-10 13:15:00+10:00
-0.484,0,0,1065756600,2003-10-10 13:30:00+10:00
-0.534,0,0,1065757500,2003-10-10 13:45:00+10:00
-0.544,0,0,1065758400,2003-10-10 14:00:00+10:00
-0.584,0,0,1065759300,2003-10-10 14:15:00+10:00
-0.544,0,0,1065760200,2003-10-10 14:30:00+10:00
-0.504,0,0,1065761100,2003-10-10 14:45:00+10:00
-0.514,0,0,1065762000,2003-10-10 15:00:00+10:00
-0.444,0,0,1065762900,2003-10-10 15:15:00+10:00
-0.454,0,0,1065763800,2003-10-10 15:30:00+10:00
-0.364,0,0,1065764700,2003-10-10 15:45:00+10:00
-0.324,0,0,1065765600,2003-10-10 16:00:00+10:00
-0.294,0,0,1065766500,2003-10-10 16:15:00+10:00
-0.204,0,0,1065767400,2003-10-10 16:30:00+10:00
-0.174,0,0,1065768300,2003-10-10 16:45:00+10:00
-0.084,0,0,1065769200,2003-10-10 17:00:00+10:00
-0.034,0,0,1065770100,2003-10-10 17:15:00+10:00
0.036,0,0,1065771000,2003-10-10 17:30:00+10:00
0.106,0,0,1065771900,2003-10-10 17:45:00+10:00
0.176,0,0,1065772800,2003-10-10 18:00:00+10:00
0.246,0,0,1065773700,2003-10-10 18:15:00+10:00
0.286,0,0,1065774600,2003-10-10 18:30:00+10:00
0.326,0,0,1065775500,2003-10-10 18:45:00+10:00
0.386,0,0,1065776400,2003-10-10 19:00:00+10:00
0.416,0,0,1065777300,2003-10-10 19:15:00+10:00
0.426,0,0,1065778200,2003-10-10 19:30:00+10:00
0.476,0,0,1065779100,2003-10-10 19:45:00+10:00
0.466,0,0,1065780000,2003-10-10 20:00:00+10:00
0.496,0,0,1065780900,2003-10-10 20:15:00+10:00
0.486,0,0,1065781800,2003-10-10 20:30:00+10:00
0.486,0,0,1065782700,2003-10-10 20:45:00+10:00
0.456,0,0,1065783600,2003-10-10 21:00:00+10:00
0.406,0,0,1065784500,2003-10-10 21:15:00+10:00
0.406,0,0,1065785400,2003-10-10 21:30:00+10:00
0.316,0,0,1065786300,2003-10-10 21:45:00+10:00
0.296,0,0,1065787200,2003-10-10 22:00:00+10:00
0.216,0,0,1065788100,2003-10-10 22:15:00+10:00
0.156,0,0,1065789000,2003-10-10 22:30:00+10:00
0.096,0,0,1065789900,2003-10-10 22:45:00+10:00
0.006,0,0,1065790800,2003-10-10 23:00:00+10:00
-0.034,0,0,1065791700,2003-10-10 23:15:00+10:00
-0.114,0,0,1065792600,2003-10-10 23:30:00+10:00
-0.214,0,0,1065793500,2003-10-10 23:45:00+10:00
-0.254,0,0,1065794400,2003-10-11 00:00:00+10:00
-0.324,0,0,1065795300,2003-10-11 00:15:00+10:00
-0.384,0,0,1065796200,2003-10-11 00:30:00+10:00
-0.424,0,0,1065797100,2003-10-11 00:45:00+10:00
-0.464,0,0,1065798000,2003-10-11 01:00:00+10:00
-0.544,0,0,1065798900,2003-10-11 01:15:00+10:00
-0.544,0,0,1065799800,2003-10-11 01:30:00+10:00
-0.574,0,0,1065800700,2003-10-11 01:45:00+10:00
-0.614,0,0,1065801600,2003-10-11 02:00:00+10:00
-0.614,0,0,1065802500,2003-10-11 02:15:00+10:00
-0.634,0,0,1065803400,2003-10-11 02:30:00+10:00
-0.594,0,0,1065804300,2003-10-11 02:45:00+10:00
-0.604,0,0,1065805200,2003-10-11 03:00:00+10:00
-0.594,0,0,1065806100,2003-10-11 03:15:00+10:00
-0.554,0,0,1065807000,2003-10-11 03:30:00+10:00
-0.514,0,0,1065807900,2003-10-11 03:45:00+10:00
-0.454,0,0,1065808800,2003-10-11 04:00:00+10:00
-0.424,0,0,1065809700,2003-10-11 04:15:00+10:00
-0.384,0,0,1065810600,2003-10-11 04:30:00+10:00
-0.304,0,0,1065811500,2003-10-11 04:45:00+10:00
-0.244,0,0,1065812400,2003-10-11 05:00:00+10:00
-0.184,0,0,1065813300,2003-10-11 05:15:00+10:00
-0.104,0,0,1065814200,2003-10-11 05:30:00+10:00
-0.044,0,0,1065815100,2003-10-11 05:45:00+10:00
0.006,0,0,1065816000,2003-10-11 06:00:00+10:00
0.106,0,0,1065816900,2003-10-11 06:15:00+10:00
0.156,0,0,1065817800,2003-10-11 06:30:00+10:00
0.196,0,0,1065818700,2003-10-11 06:45:00+10:00
0.266,0,0,1065819600,2003-10-11 07:00:00+10:00
0.326,0,0,1065820500,2003-10-11 07:15:00+10:00
0.326,0,0,1065821400,2003-10-11 07:30:00+10:00
0.396,0,0,1065822300,2003-10-11 07:45:00+10:00
0.396,0,0,1065823200,2003-10-11 08:00:00+10:00
0.416,0,0,1065824100,2003-10-11 08:15:00+10:00
0.436,0,0,1065825000,2003-10-11 08:30:00+10:00
0.416,0,0,1065825900,2003-10-11 08:45:00+10:00
0.436,0,0,1065826800,2003-10-11 09:00:00+10:00
0.406,0,0,1065827700,2003-10-11 09:15:00+10:00
0.356,0,0,1065828600,2003-10-11 09:30:00+10:00
0.316,0,0,1065829500,2003-10-11 09:45:00+10:00
0.266,0,0,1065830400,2003-10-11 10:00:00+10:00
0.236,0,0,1065831300,2003-10-11 10:15:00+10:00
0.186,0,0,1065832200,2003-10-11 10:30:00+10:00
0.106,0,0,1065833100,2003-10-11 10:45:00+10:00
0.026,0,0,1065834000,2003-10-11 11:00:00+10:00
-0.034,0,0,1065834900,2003-10-11 11:15:00+10:00
-0.124,0,0,1065835800,2003-10-11 11:30:00+10:00
-0.194,0,0,1065836700,2003-10-11 11:45:00+10:00
-0.244,0,0,1065837600,2003-10-11 12:00:00+10:00
-0.354,0,0,1065838500,2003-10-11 12:15:00+10:00
-0.394,0,0,1065839400,2003-10-11 12:30:00+10:00
-0.454,0,0,1065840300,2003-10-11 12:45:00+10:00
-0.514,0,0,1065841200,2003-10-11 13:00:00+10:00
-0.584,0,0,1065842100,2003-10-11 13:15:00+10:00
-0.644,0,0,1065843000,2003-10-11 13:30:00+10:00
-0.674,0,0,1065843900,2003-10-11 13:45:00+10:00
-0.694,0,0,1065844800,2003-10-11 14:00:00+10:00
-0.734,0,0,1065845700,2003-10-11 14:15:00+10:00
-0.774,0,0,1065846600,2003-10-11 14:30:00+10:00
-0.764,0,0,1065847500,2003-10-11 14:45:00+10:00
-0.784,0,0,1065848400,2003-10-11 15:00:00+10:00
-0.744,0,0,1065849300,2003-10-11 15:15:00+10:00
-0.744,0,0,1065850200,2003-10-11 15:30:00+10:00
-0.774,0,0,1065851100,2003-10-11 15:45:00+10:00
-0.704,0,0,1065852000,2003-10-11 16:00:00+10:00
-0.664,0,0,1065852900,2003-10-11 16:15:00+10:00
-0.624,0,0,1065853800,2003-10-11 16:30:00+10:00
-0.594,0,0,1065854700,2003-10-11 16:45:00+10:00
-0.524,0,0,1065855600,2003-10-11 17:00:00+10:00
-0.494,0,0,1065856500,2003-10-11 17:15:00+10:00
-0.404,0,0,1065857400,2003-10-11 17:30:00+10:00
-0.324,0,0,1065858300,2003-10-11 17:45:00+10:00
-0.314,0,0,1065859200,2003-10-11 18:00:00+10:00
-0.224,0,0,1065860100,2003-10-11 18:15:00+10:00
-0.154,0,0,1065861000,2003-10-11 18:30:00+10:00
-0.104,0,0,1065861900,2003-10-11 18:45:00+10:00
-0.034,0,0,1065862800,2003-10-11 19:00:00+10:00
-0.024,0,0,1065863700,2003-10-11 19:15:00+10:00
0.046,0,0,1065864600,2003-10-11 19:30:00+10:00
0.106,0,0,1065865500,2003-10-11 19:45:00+10:00
0.116,0,0,1065866400,2003-10-11 20:00:00+10:00
0.126,0,0,1065867300,2003-10-11 20:15:00+10:00
0.156,0,0,1065868200,2003-10-11 20:30:00+10:00
0.186,0,0,1065869100,2003-10-11 20:45:00+10:00
0.176,0,0,1065870000,2003-10-11 21:00:00+10:00
0.166,0,0,1065870900,2003-10-11 21:15:00+10:00
0.146,0,0,1065871800,2003-10-11 21:30:00+10:00
0.126,0,0,1065872700,2003-10-11 21:45:00+10:00
0.116,0,0,1065873600,2003-10-11 22:00:00+10:00
0.056,0,0,1065874500,2003-10-11 22:15:00+10:00
0.006,0,0,1065875400,2003-10-11 22:30:00+10:00
-0.024,0,0,1065876300,2003-10-11 22:45:00+10:00
-0.064,0,0,1065877200,2003-10-11 23:00:00+10:00
-0.164,0,0,1065878100,2003-10-11 23:15:00+10:00
-0.214,0,0,1065879000,2003-10-11 23:30:00+10:00
-0.274,0,0,1065879900,2003-10-11 23:45:00+10:00
-0.354,0,0,1065880800,2003-10-12 00:00:00+10:00
-0.374,0,0,1065881700,2003-10-12 00:15:00+10:00
-0.454,0,0,1065882600,2003-10-12 00:30:00+10:00
-0.524,0,0,1065883500,2003-10-12 00:45:00+10:00
-0.544,0,0,1065884400,2003-10-12 01:00:00+10:00
-0.604,0,0,1065885300,2003-10-12 01:15:00+10:00
-0.634,0,0,1065886200,2003-10-12 01:30:00+10:00
-0.694,0,0,1065887100,2003-10-12 01:45:00+10:00
-0.724,0,0,1065888000,2003-10-12 02:00:00+10:00
-0.734,0,0,1065888900,2003-10-12 02:15:00+10:00
-0.754,0,0,1065889800,2003-10-12 02:30:00+10:00
-0.764,0,0,1065890700,2003-10-12 02:45:00+10:00
-0.774,0,0,1065891600,2003-10-12 03:00:00+10:00
-0.754,0,0,1065892500,2003-10-12 03:15:00+10:00
-0.724,0,0,1065893400,2003-10-12 03:30:00+10:00
-0.694,0,0,1065894300,2003-10-12 03:45:00+10:00
-0.694,0,0,1065895200,2003-10-12 04:00:00+10:00
-0.634,0,0,1065896100,2003-10-12 04:15:00+10:00
-0.574,0,0,1065897000,2003-10-12 04:30:00+10:00
-0.544,0,0,1065897900,2003-10-12 04:45:00+10:00
-0.474,0,0,1065898800,2003-10-12 05:00:00+10:00
-0.424,0,0,1065899700,2003-10-12 05:15:00+10:00
-0.344,0,0,1065900600,2003-10-12 05:30:00+10:00
-0.274,0,0,1065901500,2003-10-12 05:45:00+10:00
-0.214,0,0,1065902400,2003-10-12 06:00:00+10:00
-0.164,0,0,1065903300,2003-10-12 06:15:00+10:00
-0.084,0,0,1065904200,2003-10-12 06:30:00+10:00
-0.004,0,0,1065905100,2003-10-12 06:45:00+10:00
0.026,0,0,1065906000,2003-10-12 07:00:00+10:00
0.096,0,0,1065906900,2003-10-12 07:15:00+10:00
0.146,0,0,1065907800,2003-10-12 07:30:00+10:00
0.216,0,0,1065908700,2003-10-12 07:45:00+10:00
0.246,0,0,1065909600,2003-10-12 08:00:00+10:00
0.266,0,0,1065910500,2003-10-12 08:15:00+10:00
0.286,0,0,1065911400,2003-10-12 08:30:00+10:00
0.336,0,0,1065912300,2003-10-12 08:45:00+10:00
0.366,0,0,1065913200,2003-10-12 09:00:00+10:00
0.326,0,0,1065914100,2003-10-12 09:15:00+10:00
0.326,0,0,1065915000,2003-10-12 09:30:00+10:00
0.316,0,0,1065915900,2003-10-12 09:45:00+10:00
0.306,0,0,1065916800,2003-10-12 10:00:00+10:00
0.276,0,0,1065917700,2003-10-12 10:15:00+10:00
0.196,0,0,1065918600,2003-10-12 10:30:00+10:00
0.156,0,0,1065919500,2003-10-12 10:45:00+10:00
0.116,0,0,1065920400,2003-10-12 11:00:00+10:00
0.076,0,0,1065921300,2003-10-12 11:15:00+10:00
-0.014,0,0,1065922200,2003-10-12 11:30:00+10:00
-0.104,0,0,1065923100,2003-10-12 11:45:00+10:00
-0.144,0,0,1065924000,2003-10-12 12:00:00+10:00
-0.224,0,0,1065924900,2003-10-12 12:15:00+10:00
-0.284,0,0,1065925800,2003-10-12 12:30:00+10:00
-0.364,0,0,1065926700,2003-10-12 12:45:00+10:00
-0.444,0,0,1065927600,2003-10-12 13:00:00+10:00
-0.504,0,0,1065928500,2003-10-12 13:15:00+10:00
-0.544,0,0,1065929400,2003-10-12 13:30:00+10:00
-0.614,0,0,1065930300,2003-10-12 13:45:00+10:00
-0.684,0,0,1065931200,2003-10-12 14:00:00+10:00
-0.704,0,0,1065932100,2003-10-12 14:15:00+10:00
-0.724,0,0,1065933000,2003-10-12 14:30:00+10:00
-0.784,0,0,1065933900,2003-10-12 14:45:00+10:00
-0.784,0,0,1065934800,2003-10-12 15:00:00+10:00
-0.794,0,0,1065935700,2003-10-12 15:15:00+10:00
-0.834,0,0,1065936600,2003-10-12 15:30:00+10:00
-0.794,0,0,1065937500,2003-10-12 15:45:00+10:00
-0.794,0,0,1065938400,2003-10-12 16:00:00+10:00
-0.794,0,0,1065939300,2003-10-12 16:15:00+10:00
-0.754,0,0,1065940200,2003-10-12 16:30:00+10:00
-0.724,0,0,1065941100,2003-10-12 16:45:00+10:00
-0.714,0,0,1065942000,2003-10-12 17:00:00+10:00
-0.664,0,0,1065942900,2003-10-12 17:15:00+10:00
-0.604,0,0,1065943800,2003-10-12 17:30:00+10:00
-0.544,0,0,1065944700,2003-10-12 17:45:00+10:00
-0.484,0,0,1065945600,2003-10-12 18:00:00+10:00
-0.444,0,0,1065946500,2003-10-12 18:15:00+10:00
-0.384,0,0,1065947400,2003-10-12 18:30:00+10:00
-0.314,0,0,1065948300,2003-10-12 18:45:00+10:00
-0.264,0,0,1065949200,2003-10-12 19:00:00+10:00
-0.204,0,0,1065950100,2003-10-12 19:15:00+10:00
-0.184,0,0,1065951000,2003-10-12 19:30:00+10:00
-0.124,0,0,1065951900,2003-10-12 19:45:00+10:00
-0.044,0,0,1065952800,2003-10-12 20:00:00+10:00
-0.054,0,0,1065953700,2003-10-12 20:15:00+10:00
-0.004,0,0,1065954600,2003-10-12 20:30:00+10:00
0.016,0,0,1065955500,2003-10-12 20:45:00+10:00
0.046,0,0,1065956400,2003-10-12 21:00:00+10:00
0.066,0,0,1065957300,2003-10-12 21:15:00+10:00
0.076,0,0,1065958200,2003-10-12 21:30:00+10:00
0.056,0,0,1065959100,2003-10-12 21:45:00+10:00
0.036,0,0,1065960000,2003-10-12 22:00:00+10:00
0.046,0,0,1065960900,2003-10-12 22:15:00+10:00
-0.004,0,0,1065961800,2003-10-12 22:30:00+10:00
-0.034,0,0,1065962700,2003-10-12 22:45:00+10:00
-0.074,0,0,1065963600,2003-10-12 23:00:00+10:00
-0.124,0,0,1065964500,2003-10-12 23:15:00+10:00
-0.154,0,0,1065965400,2003-10-12 23:30:00+10:00
-0.234,0,0,1065966300,2003-10-12 23:45:00+10:00
-0.294,0,0,1065967200,2003-10-13 00:00:00+10:00
-0.324,0,0,1065968100,2003-10-13 00:15:00+10:00
-0.404,0,0,1065969000,2003-10-13 00:30:00+10:00
-0.454,0,0,1065969900,2003-10-13 00:45:00+10:00
-0.494,0,0,1065970800,2003-10-13 01:00:00+10:00
-0.584,0,0,1065971700,2003-10-13 01:15:00+10:00
-0.604,0,0,1065972600,2003-10-13 01:30:00+10:00
-0.644,0,0,1065973500,2003-10-13 01:45:00+10:00
-0.704,0,0,1065974400,2003-10-13 02:00:00+10:00
-0.734,0,0,1065975300,2003-10-13 02:15:00+10:00
-0.764,0,0,1065976200,2003-10-13 02:30:00+10:00
-0.774,0,0,1065977100,2003-10-13 02:45:00+10:00
-0.774,0,0,1065978000,2003-10-13 03:00:00+10:00
-0.804,0,0,1065978900,2003-10-13 03:15:00+10:00
-0.814,0,0,1065979800,2003-10-13 03:30:00+10:00
-0.774,0,0,1065980700,2003-10-13 03:45:00+10:00
-0.784,0,0,1065981600,2003-10-13 04:00:00+10:00
-0.744,0,0,1065982500,2003-10-13 04:15:00+10:00
-0.704,0,0,1065983400,2003-10-13 04:30:00+10:00
-0.694,0,0,1065984300,2003-10-13 04:45:00+10:00
-0.644,0,0,1065985200,2003-10-13 05:00:00+10:00
-0.554,0,0,1065986100,2003-10-13 05:15:00+10:00
-0.534,0,0,1065987000,2003-10-13 05:30:00+10:00
-0.484,0,0,1065987900,2003-10-13 05:45:00+10:00
-0.414,0,0,1065988800,2003-10-13 06:00:00+10:00
-0.364,0,0,1065989700,2003-10-13 06:15:00+10:00
-0.284,0,0,1065990600,2003-10-13 06:30:00+10:00
-0.224,0,0,1065991500,2003-10-13 06:45:00+10:00
-0.184,0,0,1065992400,2003-10-13 07:00:00+10:00
-0.104,0,0,1065993300,2003-10-13 07:15:00+10:00
-0.054,0,0,1065994200,2003-10-13 07:30:00+10:00
0.006,0,0,1065995100,2003-10-13 07:45:00+10:00
0.066,0,0,1065996000,2003-10-13 08:00:00+10:00
0.086,0,0,1065996900,2003-10-13 08:15:00+10:00
0.136,0,0,1065997800,2003-10-13 08:30:00+10:00
0.186,0,0,1065998700,2003-10-13 08:45:00+10:00
0.206,0,0,1065999600,2003-10-13 09:00:00+10:00
0.226,0,0,1066000500,2003-10-13 09:15:00+10:00
0.216,0,0,1066001400,2003-10-13 09:30:00+10:00
0.236,0,0,1066002300,2003-10-13 09:45:00+10:00
0.246,0,0,1066003200,2003-10-13 10:00:00+10:00
0.216,0,0,1066004100,2003-10-13 10:15:00+10:00
0.176,0,0,1066005000,2003-10-13 10:30:00+10:00
0.166,0,0,1066005900,2003-10-13 10:45:00+10:00
0.146,0,0,1066006800,2003-10-13 11:00:00+10:00
0.096,0,0,1066007700,2003-10-13 11:15:00+10:00
0.036,0,0,1066008600,2003-10-13 11:30:00+10:00
-0.034,0,0,1066009500,2003-10-13 11:45:00+10:00
-0.084,0,0,1066010400,2003-10-13 12:00:00+10:00
-0.134,0,0,1066011300,2003-10-13 12:15:00+10:00
-0.224,0,0,1066012200,2003-10-13 12:30:00+10:00
-0.304,0,0,1066013100,2003-10-13 12:45:00+10:00
-0.354,0,0,1066014000,2003-10-13 13:00:00+10:00
-0.424,0,0,1066014900,2003-10-13 13:15:00+10:00
-0.494,0,0,1066015800,2003-10-13 13:30:00+10:00
-0.564,0,0,1066016700,2003-10-13 13:45:00+10:00
-0.624,0,0,1066017600,2003-10-13 14:00:00+10:00
-0.674,0,0,1066018500,2003-10-13 14:15:00+10:00
-0.704,0,0,1066019400,2003-10-13 14:30:00+10:00
-0.754,0,0,1066020300,2003-10-13 14:45:00+10:00
-0.814,0,0,1066021200,2003-10-13 15:00:00+10:00
-0.824,0,0,1066022100,2003-10-13 15:15:00+10:00
-0.844,0,0,1066023000,2003-10-13 15:30:00+10:00
-0.854,0,0,1066023900,2003-10-13 15:45:00+10:00
-0.894,0,0,1066024800,2003-10-13 16:00:00+10:00
-0.884,0,0,1066025700,2003-10-13 16:15:00+10:00
-0.874,0,0,1066026600,2003-10-13 16:30:00+10:00
-0.874,0,0,1066027500,2003-10-13 16:45:00+10:00
-0.834,0,0,1066028400,2003-10-13 17:00:00+10:00
-0.834,0,0,1066029300,2003-10-13 17:15:00+10:00
-0.804,0,0,1066030200,2003-10-13 17:30:00+10:00
-0.734,0,0,1066031100,2003-10-13 17:45:00+10:00
-0.694,0,0,1066032000,2003-10-13 18:00:00+10:00
-0.654,0,0,1066032900,2003-10-13 18:15:00+10:00
-0.624,0,0,1066033800,2003-10-13 18:30:00+10:00
-0.574,0,0,1066034700,2003-10-13 18:45:00+10:00
-0.494,0,0,1066035600,2003-10-13 19:00:00+10:00
-0.444,0,0,1066036500,2003-10-13 19:15:00+10:00
-0.414,0,0,1066037400,2003-10-13 19:30:00+10:00
-0.374,0,0,1066038300,2003-10-13 19:45:00+10:00
-0.304,0,0,1066039200,2003-10-13 20:00:00+10:00
-0.264,0,0,1066040100,2003-10-13 20:15:00+10:00
-0.214,0,0,1066041000,2003-10-13 20:30:00+10:00
-0.194,0,0,1066041900,2003-10-13 20:45:00+10:00
-0.154,0,0,1066042800,2003-10-13 21:00:00+10:00
-0.104,0,0,1066043700,2003-10-13 21:15:00+10:00
-0.094,0,0,1066044600,2003-10-13 21:30:00+10:00
-0.064,0,0,1066045500,2003-10-13 21:45:00+10:00
-0.064,0,0,1066046400,2003-10-13 22:00:00+10:00
-0.054,0,0,1066047300,2003-10-13 22:15:00+10:00
-0.074,0,0,1066048200,2003-10-13 22:30:00+10:00
-0.064,0,0,1066049100,2003-10-13 22:45:00+10:00
-0.074,0,0,1066050000,2003-10-13 23:00:00+10:00
-0.114,0,0,1066050900,2003-10-13 23:15:00+10:00
-0.154,0,0,1066051800,2003-10-13 23:30:00+10:00
-0.184,0,0,1066052700,2003-10-13 23:45:00+10:00
-0.224,0,0,1066053600,2003-10-14 00:00:00+10:00
-0.264,0,0,1066054500,2003-10-14 00:15:00+10:00
-0.314,0,0,1066055400,2003-10-14 00:30:00+10:00
-0.364,0,0,1066056300,2003-10-14 00:45:00+10:00
-0.424,0,0,1066057200,2003-10-14 01:00:00+10:00
-0.444,0,0,1066058100,2003-10-14 01:15:00+10:00
-0.514,0,0,1066059000,2003-10-14 01:30:00+10:00
-0.554,0,0,1066059900,2003-10-14 01:45:00+10:00
-0.584,0,0,1066060800,2003-10-14 02:00:00+10:00
-0.624,0,0,1066061700,2003-10-14 02:15:00+10:00
-0.654,0,0,1066062600,2003-10-14 02:30:00+10:00
-0.684,0,0,1066063500,2003-10-14 02:45:00+10:00
-0.714,0,0,1066064400,2003-10-14 03:00:00+10:00
-0.744,0,0,1066065300,2003-10-14 03:15:00+10:00
-0.724,0,0,1066066200,2003-10-14 03:30:00+10:00
-0.734,0,0,1066067100,2003-10-14 03:45:00+10:00
-0.724,0,0,1066068000,2003-10-14 04:00:00+10:00
-0.734,0,0,1066068900,2003-10-14 04:15:00+10:00
-0.714,0,0,1066069800,2003-10-14 04:30:00+10:00
-0.664,0,0,1066070700,2003-10-14 04:45:00+10:00
-0.654,0,0,1066071600,2003-10-14 05:00:00+10:00
-0.624,0,0,1066072500,2003-10-14 05:15:00+10:00
-0.584,0,0,1066073400,2003-10-14 05:30:00+10:00
-0.564,0,0,1066074300,2003-10-14 05:45:00+10:00
-0.464,0,0,1066075200,2003-10-14 06:00:00+10:00
-0.444,0,0,1066076100,2003-10-14 06:15:00+10:00
-0.414,0,0,1066077000,2003-10-14 06:30:00+10:00
-0.334,0,0,1066077900,2003-10-14 06:45:00+10:00
-0.254,0,0,1066078800,2003-10-14 07:00:00+10:00
-0.214,0,0,1066079700,2003-10-14 07:15:00+10:00
-0.164,0,0,1066080600,2003-10-14 07:30:00+10:00
-0.104,0,0,1066081500,2003-10-14 07:45:00+10:00
-0.044,0,0,1066082400,2003-10-14 08:00:00+10:00
0.026,0,0,1066083300,2003-10-14 08:15:00+10:00
0.046,0,0,1066084200,2003-10-14 08:30:00+10:00
0.106,0,0,1066085100,2003-10-14 08:45:00+10:00
0.146,0,0,1066086000,2003-10-14 09:00:00+10:00
0.176,0,0,1066086900,2003-10-14 09:15:00+10:00
0.206,0,0,1066087800,2003-10-14 09:30:00+10:00
0.226,0,0,1066088700,2003-10-14 09:45:00+10:00
0.236,0,0,1066089600,2003-10-14 10:00:00+10:00
0.246,0,0,1066090500,2003-10-14 10:15:00+10:00
0.236,0,0,1066091400,2003-10-14 10:30:00+10:00
0.236,0,0,1066092300,2003-10-14 10:45:00+10:00
0.206,0,0,1066093200,2003-10-14 11:00:00+10:00
0.206,0,0,1066094100,2003-10-14 11:15:00+10:00
0.156,0,0,1066095000,2003-10-14 11:30:00+10:00
0.116,0,0,1066095900,2003-10-14 11:45:00+10:00
0.056,0,0,1066096800,2003-10-14 12:00:00+10:00
0.016,0,0,1066097700,2003-10-14 12:15:00+10:00
-0.044,0,0,1066098600,2003-10-14 12:30:00+10:00
-0.124,0,0,1066099500,2003-10-14 12:45:00+10:00
-0.184,0,0,1066100400,2003-10-14 13:00:00+10:00
-0.254,0,0,1066101300,2003-10-14 13:15:00+10:00
-0.284,0,0,1066102200,2003-10-14 13:30:00+10:00
-0.354,0,0,1066103100,2003-10-14 13:45:00+10:00
-0.464,0,0,1066104000,2003-10-14 14:00:00+10:00
-0.474,0,0,1066104900,2003-10-14 14:15:00+10:00
-0.554,0,0,1066105800,2003-10-14 14:30:00+10:00
-0.584,0,0,1066106700,2003-10-14 14:45:00+10:00
-0.634,0,0,1066107600,2003-10-14 15:00:00+10:00
-0.714,0,0,1066108500,2003-10-14 15:15:00+10:00
-0.734,0,0,1066109400,2003-10-14 15:30:00+10:00
-0.764,0,0,1066110300,2003-10-14 15:45:00+10:00
-0.774,0,0,1066111200,2003-10-14 16:00:00+10:00
-0.814,0,0,1066112100,2003-10-14 16:15:00+10:00
-0.864,0,0,1066113000,2003-10-14 16:30:00+10:00
-0.824,0,0,1066113900,2003-10-14 16:45:00+10:00
-0.834,0,0,1066114800,2003-10-14 17:00:00+10:00
-0.824,0,0,1066115700,2003-10-14 17:15:00+10:00
-0.824,0,0,1066116600,2003-10-14 17:30:00+10:00
-0.804,0,0,1066117500,2003-10-14 17:45:00+10:00
-0.774,0,0,1066118400,2003-10-14 18:00:00+10:00
-0.734,0,0,1066119300,2003-10-14 18:15:00+10:00
-0.684,0,0,1066120200,2003-10-14 18:30:00+10:00
-0.714,0,0,1066121100,2003-10-14 18:45:00+10:00
-0.634,0,0,1066122000,2003-10-14 19:00:00+10:00
-0.564,0,0,1066122900,2003-10-14 19:15:00+10:00
-0.544,0,0,1066123800,2003-10-14 19:30:00+10:00
-0.474,0,0,1066124700,2003-10-14 19:45:00+10:00
-0.474,0,0,1066125600,2003-10-14 20:00:00+10:00
-0.404,0,0,1066126500,2003-10-14 20:15:00+10:00
-0.344,0,0,1066127400,2003-10-14 20:30:00+10:00
-0.324,0,0,1066128300,2003-10-14 20:45:00+10:00
-0.294,0,0,1066129200,2003-10-14 21:00:00+10:00
-0.254,0,0,1066130100,2003-10-14 21:15:00+10:00
-0.204,0,0,1066131000,2003-10-14 21:30:00+10:00
-0.194,0,0,1066131900,2003-10-14 21:45:00+10:00
-0.154,0,0,1066132800,2003-10-14 22:00:00+10:00
-0.164,0,0,1066133700,2003-10-14 22:15:00+10:00
-0.134,0,0,1066134600,2003-10-14 22:30:00+10:00
-0.094,0,0,1066135500,2003-10-14 22:45:00+10:00
-0.114,0,0,1066136400,2003-10-14 23:00:00+10:00
-0.114,0,0,1066137300,2003-10-14 23:15:00+10:00
-0.144,0,0,1066138200,2003-10-14 23:30:00+10:00
-0.134,0,0,1066139100,2003-10-14 23:45:00+10:00
-0.154,0,0,1066140000,2003-10-15 00:00:00+10:00
-0.204,0,0,1066140900,2003-10-15 00:15:00+10:00
-0.244,0,0,1066141800,2003-10-15 00:30:00+10:00
-0.244,0,0,1066142700,2003-10-15 00:45:00+10:00
-0.284,0,0,1066143600,2003-10-15 01:00:00+10:00
-0.344,0,0,1066144500,2003-10-15 01:15:00+10:00
-0.364,0,0,1066145400,2003-10-15 01:30:00+10:00
-0.414,0,0,1066146300,2003-10-15 01:45:00+10:00
-0.454,0,0,1066147200,2003-10-15 02:00:00+10:00
-0.484,0,0,1066148100,2003-10-15 02:15:00+10:00
-0.514,0,0,1066149000,2003-10-15 02:30:00+10:00
-0.554,0,0,1066149900,2003-10-15 02:45:00+10:00
-0.564,0,0,1066150800,2003-10-15 03:00:00+10:00
-0.594,0,0,1066151700,2003-10-15 03:15:00+10:00
-0.604,0,0,1066152600,2003-10-15 03:30:00+10:00
-0.624,0,0,1066153500,2003-10-15 03:45:00+10:00
-0.624,0,0,1066154400,2003-10-15 04:00:00+10:00
-0.624,0,0,1066155300,2003-10-15 04:15:00+10:00
-0.644,0,0,1066156200,2003-10-15 04:30:00+10:00
-0.624,0,0,1066157100,2003-10-15 04:45:00+10:00
-0.604,0,0,1066158000,2003-10-15 05:00:00+10:00
-0.594,0,0,1066158900,2003-10-15 05:15:00+10:00
-0.564,0,0,1066159800,2003-10-15 05:30:00+10:00
-0.534,0,0,1066160700,2003-10-15 05:45:00+10:00
-0.524,0,0,1066161600,2003-10-15 06:00:00+10:00
-0.444,0,0,1066162500,2003-10-15 06:15:00+10:00
-0.414,0,0,1066163400,2003-10-15 06:30:00+10:00
-0.414,0,0,1066164300,2003-10-15 06:45:00+10:00
-0.324,0,0,1066165200,2003-10-15 07:00:00+10:00
-0.284,0,0,1066166100,2003-10-15 07:15:00+10:00
-0.204,0,0,1066167000,2003-10-15 07:30:00+10:00
-0.164,0,0,1066167900,2003-10-15 07:45:00+10:00
-0.144,0,0,1066168800,2003-10-15 08:00:00+10:00
-0.054,0,0,1066169700,2003-10-15 08:15:00+10:00
0.016,0,0,1066170600,2003-10-15 08:30:00+10:00
0.046,0,0,1066171500,2003-10-15 08:45:00+10:00
0.066,0,0,1066172400,2003-10-15 09:00:00+10:00
0.126,0,0,1066173300,2003-10-15 09:15:00+10:00
0.176,0,0,1066174200,2003-10-15 09:30:00+10:00
0.226,0,0,1066175100,2003-10-15 09:45:00+10:00
0.216,0,0,1066176000,2003-10-15 10:00:00+10:00
0.226,0,0,1066176900,2003-10-15 10:15:00+10:00
0.276,0,0,1066177800,2003-10-15 10:30:00+10:00
0.296,0,0,1066178700,2003-10-15 10:45:00+10:00
0.296,0,0,1066179600,2003-10-15 11:00:00+10:00
0.266,0,0,1066180500,2003-10-15 11:15:00+10:00
0.266,0,0,1066181400,2003-10-15 11:30:00+10:00
0.266,0,0,1066182300,2003-10-15 11:45:00+10:00
0.236,0,0,1066183200,2003-10-15 12:00:00+10:00
0.216,0,0,1066184100,2003-10-15 12:15:00+10:00
0.146,0,0,1066185000,2003-10-15 12:30:00+10:00
0.096,0,0,1066185900,2003-10-15 12:45:00+10:00
0.066,0,0,1066186800,2003-10-15 13:00:00+10:00
0.026,0,0,1066187700,2003-10-15 13:15:00+10:00
-0.044,0,0,1066188600,2003-10-15 13:30:00+10:00
-0.134,0,0,1066189500,2003-10-15 13:45:00+10:00
-0.164,0,0,1066190400,2003-10-15 14:00:00+10:00
-0.214,0,0,1066191300,2003-10-15 14:15:00+10:00
-0.284,0,0,1066192200,2003-10-15 14:30:00+10:00
-0.334,0,0,1066193100,2003-10-15 14:45:00+10:00
-0.414,0,0,1066194000,2003-10-15 15:00:00+10:00
-0.424,0,0,1066194900,2003-10-15 15:15:00+10:00
-0.474,0,0,1066195800,2003-10-15 15:30:00+10:00
-0.524,0,0,1066196700,2003-10-15 15:45:00+10:00
-0.564,0,0,1066197600,2003-10-15 16:00:00+10:00
-0.604,0,0,1066198500,2003-10-15 16:15:00+10:00
-0.634,0,0,1066199400,2003-10-15 16:30:00+10:00
-0.644,0,0,1066200300,2003-10-15 16:45:00+10:00
-0.684,0,0,1066201200,2003-10-15 17:00:00+10:00
-0.704,0,0,1066202100,2003-10-15 17:15:00+10:00
-0.704,0,0,1066203000,2003-10-15 17:30:00+10:00
-0.724,0,0,1066203900,2003-10-15 17:45:00+10:00
-0.694,0,0,1066204800,2003-10-15 18:00:00+10:00
-0.664,0,0,1066205700,2003-10-15 18:15:00+10:00
-0.684,0,0,1066206600,2003-10-15 18:30:00+10:00
-0.644,0,0,1066207500,2003-10-15 18:45:00+10:00
-0.584,0,0,1066208400,2003-10-15 19:00:00+10:00
-0.574,0,0,1066209300,2003-10-15 19:15:00+10:00
-0.554,0,0,1066210200,2003-10-15 19:30:00+10:00
-0.494,0,0,1066211100,2003-10-15 19:45:00+10:00
-0.484,0,0,1066212000,2003-10-15 20:00:00+10:00
-0.434,0,0,1066212900,2003-10-15 20:15:00+10:00
-0.364,0,0,1066213800,2003-10-15 20:30:00+10:00
-0.364,0,0,1066214700,2003-10-15 20:45:00+10:00
-0.324,0,0,1066215600,2003-10-15 21:00:00+10:00
-0.284,0,0,1066216500,2003-10-15 21:15:00+10:00
-0.244,0,0,1066217400,2003-10-15 21:30:00+10:00
-0.194,0,0,1066218300,2003-10-15 21:45:00+10:00
-0.174,0,0,1066219200,2003-10-15 22:00:00+10:00
-0.184,0,0,1066220100,2003-10-15 22:15:00+10:00
-0.114,0,0,1066221000,2003-10-15 22:30:00+10:00
-0.104,0,0,1066221900,2003-10-15 22:45:00+10:00
-0.074,0,0,1066222800,2003-10-15 23:00:00+10:00
-0.084,0,0,1066223700,2003-10-15 23:15:00+10:00
-0.154,0,0,1066224600,2003-10-15 23:30:00+10:00
-0.044,0,0,1066225500,2003-10-15 23:45:00+10:00
-0.074,0,0,1066226400,2003-10-16 00:00:00+10:00
-0.134,0,0,1066227300,2003-10-16 00:15:00+10:00
-0.144,0,0,1066228200,2003-10-16 00:30:00+10:00
-0.134,0,0,1066229100,2003-10-16 00:45:00+10:00
-0.124,0,0,1066230000,2003-10-16 01:00:00+10:00
-0.194,0,0,1066230900,2003-10-16 01:15:00+10:00
-0.214,0,0,1066231800,2003-10-16 01:30:00+10:00
-0.294,0,0,1066232700,2003-10-16 01:45:00+10:00
-0.234,0,0,1066233600,2003-10-16 02:00:00+10:00
-0.274,0,0,1066234500,2003-10-16 02:15:00+10:00
-0.364,0,0,1066235400,2003-10-16 02:30:00+10:00
-0.384,0,0,1066236300,2003-10-16 02:45:00+10:00
-0.424,0,0,1066237200,2003-10-16 03:00:00+10:00
-0.384,0,0,1066238100,2003-10-16 03:15:00+10:00
-0.444,0,0,1066239000,2003-10-16 03:30:00+10:00
-0.494,0,0,1066239900,2003-10-16 03:45:00+10:00
-0.504,0,0,1066240800,2003-10-16 04:00:00+10:00
-0.474,0,0,1066241700,2003-10-16 04:15:00+10:00
-0.484,0,0,1066242600,2003-10-16 04:30:00+10:00
-0.514,0,0,1066243500,2003-10-16 04:45:00+10:00
-0.524,0,0,1066244400,2003-10-16 05:00:00+10:00
-0.534,0,0,1066245300,2003-10-16 05:15:00+10:00
-0.464,0,0,1066246200,2003-10-16 05:30:00+10:00
-0.464,0,0,1066247100,2003-10-16 05:45:00+10:00
-0.494,0,0,1066248000,2003-10-16 06:00:00+10:00
-0.494,0,0,1066248900,2003-10-16 06:15:00+10:00
-0.444,0,0,1066249800,2003-10-16 06:30:00+10:00
-0.384,0,0,1066250700,2003-10-16 06:45:00+10:00
-0.374,0,0,1066251600,2003-10-16 07:00:00+10:00
-0.344,0,0,1066252500,2003-10-16 07:15:00+10:00
-0.304,0,0,1066253400,2003-10-16 07:30:00+10:00
-0.234,0,0,1066254300,2003-10-16 07:45:00+10:00
-0.194,0,0,1066255200,2003-10-16 08:00:00+10:00
-0.144,0,0,1066256100,2003-10-16 08:15:00+10:00
-0.104,0,0,1066257000,2003-10-16 08:30:00+10:00
-0.064,0,0,1066257900,2003-10-16 08:45:00+10:00
0.016,0,0,1066258800,2003-10-16 09:00:00+10:00
0.046,0,0,1066259700,2003-10-16 09:15:00+10:00
0.066,0,0,1066260600,2003-10-16 09:30:00+10:00
0.126,0,0,1066261500,2003-10-16 09:45:00+10:00
0.156,0,0,1066262400,2003-10-16 10:00:00+10:00
0.186,0,0,1066263300,2003-10-16 10:15:00+10:00
0.236,0,0,1066264200,2003-10-16 10:30:00+10:00
0.226,0,0,1066265100,2003-10-16 10:45:00+10:00
0.246,0,0,1066266000,2003-10-16 11:00:00+10:00
0.306,0,0,1066266900,2003-10-16 11:15:00+10:00
0.276,0,0,1066267800,2003-10-16 11:30:00+10:00
0.276,0,0,1066268700,2003-10-16 11:45:00+10:00
0.286,0,0,1066269600,2003-10-16 12:00:00+10:00
0.276,0,0,1066270500,2003-10-16 12:15:00+10:00
0.246,0,0,1066271400,2003-10-16 12:30:00+10:00
0.226,0,0,1066272300,2003-10-16 12:45:00+10:00
0.196,0,0,1066273200,2003-10-16 13:00:00+10:00
0.136,0,0,1066274100,2003-10-16 13:15:00+10:00
0.126,0,0,1066275000,2003-10-16 13:30:00+10:00
0.076,0,0,1066275900,2003-10-16 13:45:00+10:00
0.026,0,0,1066276800,2003-10-16 14:00:00+10:00
-0.024,0,0,1066277700,2003-10-16 14:15:00+10:00
-0.074,0,0,1066278600,2003-10-16 14:30:00+10:00
-0.134,0,0,1066279500,2003-10-16 14:45:00+10:00
-0.184,0,0,1066280400,2003-10-16 15:00:00+10:00
-0.214,0,0,1066281300,2003-10-16 15:15:00+10:00
-0.264,0,0,1066282200,2003-10-16 15:30:00+10:00
-0.344,0,0,1066283100,2003-10-16 15:45:00+10:00
-0.384,0,0,1066284000,2003-10-16 16:00:00+10:00
-0.424,0,0,1066284900,2003-10-16 16:15:00+10:00
-0.454,0,0,1066285800,2003-10-16 16:30:00+10:00
-0.504,0,0,1066286700,2003-10-16 16:45:00+10:00
-0.554,0,0,1066287600,2003-10-16 17:00:00+10:00
-0.594,0,0,1066288500,2003-10-16 17:15:00+10:00
-0.614,0,0,1066289400,2003-10-16 17:30:00+10:00
-0.624,0,0,1066290300,2003-10-16 17:45:00+10:00
-0.644,0,0,1066291200,2003-10-16 18:00:00+10:00
-0.674,0,0,1066292100,2003-10-16 18:15:00+10:00
-0.664,0,0,1066293000,2003-10-16 18:30:00+10:00
-0.664,0,0,1066293900,2003-10-16 18:45:00+10:00
-0.674,0,0,1066294800,2003-10-16 19:00:00+10:00
-0.654,0,0,1066295700,2003-10-16 19:15:00+10:00
-0.654,0,0,1066296600,2003-10-16 19:30:00+10:00
-0.624,0,0,1066297500,2003-10-16 19:45:00+10:00
-0.604,0,0,1066298400,2003-10-16 20:00:00+10:00
-0.604,0,0,1066299300,2003-10-16 20:15:00+10:00
-0.564,0,0,1066300200,2003-10-16 20:30:00+10:00
-0.524,0,0,1066301100,2003-10-16 20:45:00+10:00
-0.494,0,0,1066302000,2003-10-16 21:00:00+10:00
-0.474,0,0,1066302900,2003-10-16 21:15:00+10:00
-0.434,0,0,1066303800,2003-10-16 21:30:00+10:00
-0.404,0,0,1066304700,2003-10-16 21:45:00+10:00
-0.374,0,0,1066305600,2003-10-16 22:00:00+10:00
-0.344,0,0,1066306500,2003-10-16 22:15:00+10:00
-0.324,0,0,1066307400,2003-10-16 22:30:00+10:00
-0.284,0,0,1066308300,2003-10-16 22:45:00+10:00
-0.244,0,0,1066309200,2003-10-16 23:00:00+10:00
-0.244,0,0,1066310100,2003-10-16 23:15:00+10:00
-0.224,0,0,1066311000,2003-10-16 23:30:00+10:00
-0.204,0,0,1066311900,2003-10-16 23:45:00+10:00
-0.184,0,0,1066312800,2003-10-17 00:00:00+10:00
-0.174,0,0,1066313700,2003-10-17 00:15:00+10:00
-0.164,0,0,1066314600,2003-10-17 00:30:00+10:00
-0.184,0,0,1066315500,2003-10-17 00:45:00+10:00
-0.164,0,0,1066316400,2003-10-17 01:00:00+10:00
-0.174,0,0,1066317300,2003-10-17 01:15:00+10:00
-0.184,0,0,1066318200,2003-10-17 01:30:00+10:00
-0.194,0,0,1066319100,2003-10-17 01:45:00+10:00
-0.224,0,0,1066320000,2003-10-17 02:00:00+10:00
-0.224,0,0,1066320900,2003-10-17 02:15:00+10:00
-0.244,0,0,1066321800,2003-10-17 02:30:00+10:00
-0.284,0,0,1066322700,2003-10-17 02:45:00+10:00
-0.314,0,0,1066323600,2003-10-17 03:00:00+10:00
-0.304,0,0,1066324500,2003-10-17 03:15:00+10:00
-0.334,0,0,1066325400,2003-10-17 03:30:00+10:00
-0.364,0,0,1066326300,2003-10-17 03:45:00+10:00
-0.384,0,0,1066327200,2003-10-17 04:00:00+10:00
-0.404,0,0,1066328100,2003-10-17 04:15:00+10:00
-0.394,0,0,1066329000,2003-10-17 04:30:00+10:00
-0.404,0,0,1066329900,2003-10-17 04:45:00+10:00
-0.434,0,0,1066330800,2003-10-17 05:00:00+10:00
-0.444,0,0,1066331700,2003-10-17 05:15:00+10:00
-0.444,0,0,1066332600,2003-10-17 05:30:00+10:00
-0.434,0,0,1066333500,2003-10-17 05:45:00+10:00
-0.454,0,0,1066334400,2003-10-17 06:00:00+10:00
-0.454,0,0,1066335300,2003-10-17 06:15:00+10:00
-0.434,0,0,1066336200,2003-10-17 06:30:00+10:00
-0.404,0,0,1066337100,2003-10-17 06:45:00+10:00
-0.384,0,0,1066338000,2003-10-17 07:00:00+10:00
-0.384,0,0,1066338900,2003-10-17 07:15:00+10:00
-0.364,0,0,1066339800,2003-10-17 07:30:00+10:00
-0.314,0,0,1066340700,2003-10-17 07:45:00+10:00
-0.264,0,0,1066341600,2003-10-17 08:00:00+10:00
-0.254,0,0,1066342500,2003-10-17 08:15:00+10:00
-0.224,0,0,1066343400,2003-10-17 08:30:00+10:00
-0.164,0,0,1066344300,2003-10-17 08:45:00+10:00
-0.124,0,0,1066345200,2003-10-17 09:00:00+10:00
-0.094,0,0,1066346100,2003-10-17 09:15:00+10:00
-0.064,0,0,1066347000,2003-10-17 09:30:00+10:00
-0.034,0,0,1066347900,2003-10-17 09:45:00+10:00
0.026,0,0,1066348800,2003-10-17 10:00:00+10:00
0.056,0,0,1066349700,2003-10-17 10:15:00+10:00
0.066,0,0,1066350600,2003-10-17 10:30:00+10:00
0.116,0,0,1066351500,2003-10-17 10:45:00+10:00
0.146,0,0,1066352400,2003-10-17 11:00:00+10:00
0.166,0,0,1066353300,2003-10-17 11:15:00+10:00
0.206,0,0,1066354200,2003-10-17 11:30:00+10:00
0.186,0,0,1066355100,2003-10-17 11:45:00+10:00
0.206,0,0,1066356000,2003-10-17 12:00:00+10:00
0.236,0,0,1066356900,2003-10-17 12:15:00+10:00
0.226,0,0,1066357800,2003-10-17 12:30:00+10:00
0.206,0,0,1066358700,2003-10-17 12:45:00+10:00
0.186,0,0,1066359600,2003-10-17 13:00:00+10:00
0.176,0,0,1066360500,2003-10-17 13:15:00+10:00
0.166,0,0,1066361400,2003-10-17 13:30:00+10:00
0.136,0,0,1066362300,2003-10-17 13:45:00+10:00
0.076,0,0,1066363200,2003-10-17 14:00:00+10:00
0.056,0,0,1066364100,2003-10-17 14:15:00+10:00
0.036,0,0,1066365000,2003-10-17 14:30:00+10:00
-0.024,0,0,1066365900,2003-10-17 14:45:00+10:00
-0.064,0,0,1066366800,2003-10-17 15:00:00+10:00
-0.124,0,0,1066367700,2003-10-17 15:15:00+10:00
-0.164,0,0,1066368600,2003-10-17 15:30:00+10:00
-0.184,0,0,1066369500,2003-10-17 15:45:00+10:00
-0.264,0,0,1066370400,2003-10-17 16:00:00+10:00
-0.304,0,0,1066371300,2003-10-17 16:15:00+10:00
-0.354,0,0,1066372200,2003-10-17 16:30:00+10:00
-0.394,0,0,1066373100,2003-10-17 16:45:00+10:00
-0.434,0,0,1066374000,2003-10-17 17:00:00+10:00
-0.474,0,0,1066374900,2003-10-17 17:15:00+10:00
-0.524,0,0,1066375800,2003-10-17 17:30:00+10:00
-0.554,0,0,1066376700,2003-10-17 17:45:00+10:00
-0.574,0,0,1066377600,2003-10-17 18:00:00+10:00
-0.614,0,0,1066378500,2003-10-17 18:15:00+10:00
-0.644,0,0,1066379400,2003-10-17 18:30:00+10:00
-0.654,0,0,1066380300,2003-10-17 18:45:00+10:00
-0.674,0,0,1066381200,2003-10-17 19:00:00+10:00
-0.664,0,0,1066382100,2003-10-17 19:15:00+10:00
-0.704,0,0,1066383000,2003-10-17 19:30:00+10:00
-0.694,0,0,1066383900,2003-10-17 19:45:00+10:00
-0.674,0,0,1066384800,2003-10-17 20:00:00+10:00
-0.694,0,0,1066385700,2003-10-17 20:15:00+10:00
-0.674,0,0,1066386600,2003-10-17 20:30:00+10:00
-0.654,0,0,1066387500,2003-10-17 20:45:00+10:00
-0.644,0,0,1066388400,2003-10-17 21:00:00+10:00
-0.614,0,0,1066389300,2003-10-17 21:15:00+10:00
-0.584,0,0,1066390200,2003-10-17 21:30:00+10:00
-0.574,0,0,1066391100,2003-10-17 21:45:00+10:00
-0.524,0,0,1066392000,2003-10-17 22:00:00+10:00
-0.484,0,0,1066392900,2003-10-17 22:15:00+10:00
-0.474,0,0,1066393800,2003-10-17 22:30:00+10:00
-0.434,0,0,1066394700,2003-10-17 22:45:00+10:00
-0.404,0,0,1066395600,2003-10-17 23:00:00+10:00
-0.364,0,0,1066396500,2003-10-17 23:15:00+10:00
-0.324,0,0,1066397400,2003-10-17 23:30:00+10:00
-0.314,0,0,1066398300,2003-10-17 23:45:00+10:00
-0.294,0,0,1066399200,2003-10-18 00:00:00+10:00
-0.234,0,0,1066400100,2003-10-18 00:15:00+10:00
-0.234,0,0,1066401000,2003-10-18 00:30:00+10:00
-0.204,0,0,1066401900,2003-10-18 00:45:00+10:00
-0.194,0,0,1066402800,2003-10-18 01:00:00+10:00
-0.184,0,0,1066403700,2003-10-18 01:15:00+10:00
-0.164,0,0,1066404600,2003-10-18 01:30:00+10:00
-0.164,0,0,1066405500,2003-10-18 01:45:00+10:00
-0.184,0,0,1066406400,2003-10-18 02:00:00+10:00
-0.194,0,0,1066407300,2003-10-18 02:15:00+10:00
-0.184,0,0,1066408200,2003-10-18 02:30:00+10:00
-0.194,0,0,1066409100,2003-10-18 02:45:00+10:00
-0.204,0,0,1066410000,2003-10-18 03:00:00+10:00
-0.234,0,0,1066410900,2003-10-18 03:15:00+10:00
-0.244,0,0,1066411800,2003-10-18 03:30:00+10:00
-0.244,0,0,1066412700,2003-10-18 03:45:00+10:00
-0.274,0,0,1066413600,2003-10-18 04:00:00+10:00
-0.294,0,0,1066414500,2003-10-18 04:15:00+10:00
-0.314,0,0,1066415400,2003-10-18 04:30:00+10:00
-0.314,0,0,1066416300,2003-10-18 04:45:00+10:00
-0.324,0,0,1066417200,2003-10-18 05:00:00+10:00
-0.364,0,0,1066418100,2003-10-18 05:15:00+10:00
-0.364,0,0,1066419000,2003-10-18 05:30:00+10:00
-0.394,0,0,1066419900,2003-10-18 05:45:00+10:00
-0.404,0,0,1066420800,2003-10-18 06:00:00+10:00
-0.404,0,0,1066421700,2003-10-18 06:15:00+10:00
-0.424,0,0,1066422600,2003-10-18 06:30:00+10:00
-0.434,0,0,1066423500,2003-10-18 06:45:00+10:00
-0.404,0,0,1066424400,2003-10-18 07:00:00+10:00
-0.404,0,0,1066425300,2003-10-18 07:15:00+10:00
-0.424,0,0,1066426200,2003-10-18 07:30:00+10:00
-0.394,0,0,1066427100,2003-10-18 07:45:00+10:00
-0.364,0,0,1066428000,2003-10-18 08:00:00+10:00
-0.344,0,0,1066428900,2003-10-18 08:15:00+10:00
-0.314,0,0,1066429800,2003-10-18 08:30:00+10:00
-0.314,0,0,1066430700,2003-10-18 08:45:00+10:00
-0.274,0,0,1066431600,2003-10-18 09:00:00+10:00
-0.214,0,0,1066432500,2003-10-18 09:15:00+10:00
-0.204,0,0,1066433400,2003-10-18 09:30:00+10:00
-0.194,0,0,1066434300,2003-10-18 09:45:00+10:00
-0.144,0,0,1066435200,2003-10-18 10:00:00+10:00
-0.104,0,0,1066436100,2003-10-18 10:15:00+10:00
-0.064,0,0,1066437000,2003-10-18 10:30:00+10:00
-0.024,0,0,1066437900,2003-10-18 10:45:00+10:00
-0.014,0,0,1066438800,2003-10-18 11:00:00+10:00
0.016,0,0,1066439700,2003-10-18 11:15:00+10:00
0.076,0,0,1066440600,2003-10-18 11:30:00+10:00
0.096,0,0,1066441500,2003-10-18 11:45:00+10:00
0.106,0,0,1066442400,2003-10-18 12:00:00+10:00
0.146,0,0,1066443300,2003-10-18 12:15:00+10:00
0.166,0,0,1066444200,2003-10-18 12:30:00+10:00
0.176,0,0,1066445100,2003-10-18 12:45:00+10:00
0.176,0,0,1066446000,2003-10-18 13:00:00+10:00
0.186,0,0,1066446900,2003-10-18 13:15:00+10:00
0.176,0,0,1066447800,2003-10-18 13:30:00+10:00
0.186,0,0,1066448700,2003-10-18 13:45:00+10:00
0.186,0,0,1066449600,2003-10-18 14:00:00+10:00
0.156,0,0,1066450500,2003-10-18 14:15:00+10:00
0.136,0,0,1066451400,2003-10-18 14:30:00+10:00
0.126,0,0,1066452300,2003-10-18 14:45:00+10:00
0.106,0,0,1066453200,2003-10-18 15:00:00+10:00
0.056,0,0,1066454100,2003-10-18 15:15:00+10:00
0.036,0,0,1066455000,2003-10-18 15:30:00+10:00
-0.004,0,0,1066455900,2003-10-18 15:45:00+10:00
-0.054,0,0,1066456800,2003-10-18 16:00:00+10:00
-0.094,0,0,1066457700,2003-10-18 16:15:00+10:00
-0.154,0,0,1066458600,2003-10-18 16:30:00+10:00
-0.174,0,0,1066459500,2003-10-18 16:45:00+10:00
-0.204,0,0,1066460400,2003-10-18 17:00:00+10:00
-0.284,0,0,1066461300,2003-10-18 17:15:00+10:00
-0.334,0,0,1066462200,2003-10-18 17:30:00+10:00
-0.344,0,0,1066463100,2003-10-18 17:45:00+10:00
-0.394,0,0,1066464000,2003-10-18 18:00:00+10:00
-0.454,0,0,1066464900,2003-10-18 18:15:00+10:00
-0.504,0,0,1066465800,2003-10-18 18:30:00+10:00
-0.504,0,0,1066466700,2003-10-18 18:45:00+10:00
-0.554,0,0,1066467600,2003-10-18 19:00:00+10:00
-0.584,0,0,1066468500,2003-10-18 19:15:00+10:00
-0.614,0,0,1066469400,2003-10-18 19:30:00+10:00
-0.634,0,0,1066470300,2003-10-18 19:45:00+10:00
-0.644,0,0,1066471200,2003-10-18 20:00:00+10:00
-0.654,0,0,1066472100,2003-10-18 20:15:00+10:00
-0.674,0,0,1066473000,2003-10-18 20:30:00+10:00
-0.694,0,0,1066473900,2003-10-18 20:45:00+10:00
-0.684,0,0,1066474800,2003-10-18 21:00:00+10:00
-0.644,0,0,1066475700,2003-10-18 21:15:00+10:00
-0.644,0,0,1066476600,2003-10-18 21:30:00+10:00
-0.654,0,0,1066477500,2003-10-18 21:45:00+10:00
-0.634,0,0,1066478400,2003-10-18 22:00:00+10:00
-0.594,0,0,1066479300,2003-10-18 22:15:00+10:00
-0.554,0,0,1066480200,2003-10-18 22:30:00+10:00
-0.544,0,0,1066481100,2003-10-18 22:45:00+10:00
-0.524,0,0,1066482000,2003-10-18 23:00:00+10:00
-0.494,0,0,1066482900,2003-10-18 23:15:00+10:00
-0.424,0,0,1066483800,2003-10-18 23:30:00+10:00
-0.414,0,0,1066484700,2003-10-18 23:45:00+10:00
-0.394,0,0,1066485600,2003-10-19 00:00:00+10:00
-0.364,0,0,1066486500,2003-10-19 00:15:00+10:00
-0.314,0,0,1066487400,2003-10-19 00:30:00+10:00
-0.274,0,0,1066488300,2003-10-19 00:45:00+10:00
-0.264,0,0,1066489200,2003-10-19 01:00:00+10:00
-0.254,0,0,1066490100,2003-10-19 01:15:00+10:00
-0.214,0,0,1066491000,2003-10-19 01:30:00+10:00
-0.194,0,0,1066491900,2003-10-19 01:45:00+10:00
-0.164,0,0,1066492800,2003-10-19 02:00:00+10:00
-0.154,0,0,1066493700,2003-10-19 02:15:00+10:00
-0.164,0,0,1066494600,2003-10-19 02:30:00+10:00
-0.124,0,0,1066495500,2003-10-19 02:45:00+10:00
-0.144,0,0,1066496400,2003-10-19 03:00:00+10:00
-0.124,0,0,1066497300,2003-10-19 03:15:00+10:00
-0.154,0,0,1066498200,2003-10-19 03:30:00+10:00
-0.164,0,0,1066499100,2003-10-19 03:45:00+10:00
-0.134,0,0,1066500000,2003-10-19 04:00:00+10:00
-0.154,0,0,1066500900,2003-10-19 04:15:00+10:00
-0.184,0,0,1066501800,2003-10-19 04:30:00+10:00
-0.194,0,0,1066502700,2003-10-19 04:45:00+10:00
-0.214,0,0,1066503600,2003-10-19 05:00:00+10:00
-0.214,0,0,1066504500,2003-10-19 05:15:00+10:00
-0.244,0,0,1066505400,2003-10-19 05:30:00+10:00
-0.264,0,0,1066506300,2003-10-19 05:45:00+10:00
-0.274,0,0,1066507200,2003-10-19 06:00:00+10:00
-0.294,0,0,1066508100,2003-10-19 06:15:00+10:00
-0.304,0,0,1066509000,2003-10-19 06:30:00+10:00
-0.364,0,0,1066509900,2003-10-19 06:45:00+10:00
-0.324,0,0,1066510800,2003-10-19 07:00:00+10:00
-0.344,0,0,1066511700,2003-10-19 07:15:00+10:00
-0.344,0,0,1066512600,2003-10-19 07:30:00+10:00
-0.344,0,0,1066513500,2003-10-19 07:45:00+10:00
-0.384,0,0,1066514400,2003-10-19 08:00:00+10:00
-0.334,0,0,1066515300,2003-10-19 08:15:00+10:00
-0.314,0,0,1066516200,2003-10-19 08:30:00+10:00
-0.304,0,0,1066517100,2003-10-19 08:45:00+10:00
-0.314,0,0,1066518000,2003-10-19 09:00:00+10:00
-0.274,0,0,1066518900,2003-10-19 09:15:00+10:00
-0.224,0,0,1066519800,2003-10-19 09:30:00+10:00
-0.224,0,0,1066520700,2003-10-19 09:45:00+10:00
-0.224,0,0,1066521600,2003-10-19 10:00:00+10:00
-0.174,0,0,1066522500,2003-10-19 10:15:00+10:00
-0.134,0,0,1066523400,2003-10-19 10:30:00+10:00
-0.104,0,0,1066524300,2003-10-19 10:45:00+10:00
-0.074,0,0,1066525200,2003-10-19 11:00:00+10:00
-0.044,0,0,1066526100,2003-10-19 11:15:00+10:00
-0.014,0,0,1066527000,2003-10-19 11:30:00+10:00
0.066,0,0,1066527900,2003-10-19 11:45:00+10:00
0.076,0,0,1066528800,2003-10-19 12:00:00+10:00
0.086,0,0,1066529700,2003-10-19 12:15:00+10:00
0.146,0,0,1066530600,2003-10-19 12:30:00+10:00
0.196,0,0,1066531500,2003-10-19 12:45:00+10:00
0.196,0,0,1066532400,2003-10-19 13:00:00+10:00
0.206,0,0,1066533300,2003-10-19 13:15:00+10:00
0.216,0,0,1066534200,2003-10-19 13:30:00+10:00
0.266,0,0,1066535100,2003-10-19 13:45:00+10:00
0.296,0,0,1066536000,2003-10-19 14:00:00+10:00
0.286,0,0,1066536900,2003-10-19 14:15:00+10:00
0.266,0,0,1066537800,2003-10-19 14:30:00+10:00
0.256,0,0,1066538700,2003-10-19 14:45:00+10:00
0.326,0,0,1066539600,2003-10-19 15:00:00+10:00
0.296,0,0,1066540500,2003-10-19 15:15:00+10:00
0.246,0,0,1066541400,2003-10-19 15:30:00+10:00
0.226,0,0,1066542300,2003-10-19 15:45:00+10:00
0.216,0,0,1066543200,2003-10-19 16:00:00+10:00
0.226,0,0,1066544100,2003-10-19 16:15:00+10:00
0.146,0,0,1066545000,2003-10-19 16:30:00+10:00
0.046,0,0,1066545900,2003-10-19 16:45:00+10:00
0.026,0,0,1066546800,2003-10-19 17:00:00+10:00
0.036,0,0,1066547700,2003-10-19 17:15:00+10:00
-0.074,0,0,1066548600,2003-10-19 17:30:00+10:00
-0.084,0,0,1066549500,2003-10-19 17:45:00+10:00
-0.174,0,0,1066550400,2003-10-19 18:00:00+10:00
-0.244,0,0,1066551300,2003-10-19 18:15:00+10:00
-0.184,0,0,1066552200,2003-10-19 18:30:00+10:00
-0.304,0,0,1066553100,2003-10-19 18:45:00+10:00
-0.364,0,0,1066554000,2003-10-19 19:00:00+10:00
-0.334,0,0,1066554900,2003-10-19 19:15:00+10:00
-0.454,0,0,1066555800,2003-10-19 19:30:00+10:00
-0.514,0,0,1066556700,2003-10-19 19:45:00+10:00
-0.484,0,0,1066557600,2003-10-19 20:00:00+10:00
-0.564,0,0,1066558500,2003-10-19 20:15:00+10:00
-0.574,0,0,1066559400,2003-10-19 20:30:00+10:00
-0.604,0,0,1066560300,2003-10-19 20:45:00+10:00
-0.664,0,0,1066561200,2003-10-19 21:00:00+10:00
-0.624,0,0,1066562100,2003-10-19 21:15:00+10:00
-0.614,0,0,1066563000,2003-10-19 21:30:00+10:00
-0.664,0,0,1066563900,2003-10-19 21:45:00+10:00
-0.634,0,0,1066564800,2003-10-19 22:00:00+10:00
-0.624,0,0,1066565700,2003-10-19 22:15:00+10:00
-0.634,0,0,1066566600,2003-10-19 22:30:00+10:00
-0.554,0,0,1066567500,2003-10-19 22:45:00+10:00
-0.584,0,0,1066568400,2003-10-19 23:00:00+10:00
-0.534,0,0,1066569300,2003-10-19 23:15:00+10:00
-0.494,0,0,1066570200,2003-10-19 23:30:00+10:00
-0.504,0,0,1066571100,2003-10-19 23:45:00+10:00
-0.384,0,0,1066572000,2003-10-20 00:00:00+10:00
-0.424,0,0,1066572900,2003-10-20 00:15:00+10:00
-0.404,0,0,1066573800,2003-10-20 00:30:00+10:00
-0.274,0,0,1066574700,2003-10-20 00:45:00+10:00
-0.284,0,0,1066575600,2003-10-20 01:00:00+10:00
-0.214,0,0,1066576500,2003-10-20 01:15:00+10:00
-0.234,0,0,1066577400,2003-10-20 01:30:00+10:00
-0.174,0,0,1066578300,2003-10-20 01:45:00+10:00
-0.084,0,0,1066579200,2003-10-20 02:00:00+10:00
-0.084,0,0,1066580100,2003-10-20 02:15:00+10:00
-0.084,0,0,1066581000,2003-10-20 02:30:00+10:00
-0.034,0,0,1066581900,2003-10-20 02:45:00+10:00
0.046,0,0,1066582800,2003-10-20 03:00:00+10:00
-0.014,0,0,1066583700,2003-10-20 03:15:00+10:00
0.046,0,0,1066584600,2003-10-20 03:30:00+10:00
0.036,0,0,1066585500,2003-10-20 03:45:00+10:00
0.046,0,0,1066586400,2003-10-20 04:00:00+10:00
0.106,0,0,1066587300,2003-10-20 04:15:00+10:00
0.036,0,0,1066588200,2003-10-20 04:30:00+10:00
0.046,0,0,1066589100,2003-10-20 04:45:00+10:00
0.056,0,0,1066590000,2003-10-20 05:00:00+10:00
0.026,0,0,1066590900,2003-10-20 05:15:00+10:00
0.026,0,0,1066591800,2003-10-20 05:30:00+10:00
-0.004,0,0,1066592700,2003-10-20 05:45:00+10:00
-0.054,0,0,1066593600,2003-10-20 06:00:00+10:00
-0.034,0,0,1066594500,2003-10-20 06:15:00+10:00
-0.074,0,0,1066595400,2003-10-20 06:30:00+10:00
-0.114,0,0,1066596300,2003-10-20 06:45:00+10:00
-0.114,0,0,1066597200,2003-10-20 07:00:00+10:00
-0.174,0,0,1066598100,2003-10-20 07:15:00+10:00
-0.154,0,0,1066599000,2003-10-20 07:30:00+10:00
-0.194,0,0,1066599900,2003-10-20 07:45:00+10:00
-0.204,0,0,1066600800,2003-10-20 08:00:00+10:00
-0.244,0,0,1066601700,2003-10-20 08:15:00+10:00
-0.224,0,0,1066602600,2003-10-20 08:30:00+10:00
-0.234,0,0,1066603500,2003-10-20 08:45:00+10:00
-0.254,0,0,1066604400,2003-10-20 09:00:00+10:00
-0.274,0,0,1066605300,2003-10-20 09:15:00+10:00
-0.274,0,0,1066606200,2003-10-20 09:30:00+10:00
-0.224,0,0,1066607100,2003-10-20 09:45:00+10:00
-0.234,0,0,1066608000,2003-10-20 10:00:00+10:00
-0.244,0,0,1066608900,2003-10-20 10:15:00+10:00
-0.204,0,0,1066609800,2003-10-20 10:30:00+10:00
-0.174,0,0,1066610700,2003-10-20 10:45:00+10:00
-0.134,0,0,1066611600,2003-10-20 11:00:00+10:00
-0.134,0,0,1066612500,2003-10-20 11:15:00+10:00
-0.084,0,0,1066613400,2003-10-20 11:30:00+10:00
-0.044,0,0,1066614300,2003-10-20 11:45:00+10:00
-0.004,0,0,1066615200,2003-10-20 12:00:00+10:00
0.036,0,0,1066616100,2003-10-20 12:15:00+10:00
0.066,0,0,1066617000,2003-10-20 12:30:00+10:00
0.126,0,0,1066617900,2003-10-20 12:45:00+10:00
0.176,0,0,1066618800,2003-10-20 13:00:00+10:00
0.186,0,0,1066619700,2003-10-20 13:15:00+10:00
0.216,0,0,1066620600,2003-10-20 13:30:00+10:00
0.286,0,0,1066621500,2003-10-20 13:45:00+10:00
0.326,0,0,1066622400,2003-10-20 14:00:00+10:00
0.326,0,0,1066623300,2003-10-20 14:15:00+10:00
0.356,0,0,1066624200,2003-10-20 14:30:00+10:00
0.396,0,0,1066625100,2003-10-20 14:45:00+10:00
0.406,0,0,1066626000,2003-10-20 15:00:00+10:00
0.456,0,0,1066626900,2003-10-20 15:15:00+10:00
0.406,0,0,1066627800,2003-10-20 15:30:00+10:00
0.406,0,0,1066628700,2003-10-20 15:45:00+10:00
0.416,0,0,1066629600,2003-10-20 16:00:00+10:00
0.426,0,0,1066630500,2003-10-20 16:15:00+10:00
0.406,0,0,1066631400,2003-10-20 16:30:00+10:00
0.346,0,0,1066632300,2003-10-20 16:45:00+10:00
0.306,0,0,1066633200,2003-10-20 17:00:00+10:00
0.316,0,0,1066634100,2003-10-20 17:15:00+10:00
0.296,0,0,1066635000,2003-10-20 17:30:00+10:00
0.206,0,0,1066635900,2003-10-20 17:45:00+10:00
0.146,0,0,1066636800,2003-10-20 18:00:00+10:00
0.106,0,0,1066637700,2003-10-20 18:15:00+10:00
0.086,0,0,1066638600,2003-10-20 18:30:00+10:00
0.036,0,0,1066639500,2003-10-20 18:45:00+10:00
-0.124,0,0,1066640400,2003-10-20 19:00:00+10:00
-0.134,0,0,1066641300,2003-10-20 19:15:00+10:00
-0.164,0,0,1066642200,2003-10-20 19:30:00+10:00
-0.214,0,0,1066643100,2003-10-20 19:45:00+10:00
-0.294,0,0,1066644000,2003-10-20 20:00:00+10:00
-0.384,0,0,1066644900,2003-10-20 20:15:00+10:00
-0.434,0,0,1066645800,2003-10-20 20:30:00+10:00
-0.444,0,0,1066646700,2003-10-20 20:45:00+10:00
-0.494,0,0,1066647600,2003-10-20 21:00:00+10:00
-0.554,0,0,1066648500,2003-10-20 21:15:00+10:00
-0.584,0,0,1066649400,2003-10-20 21:30:00+10:00
-0.614,0,0,1066650300,2003-10-20 21:45:00+10:00
-0.614,0,0,1066651200,2003-10-20 22:00:00+10:00
-0.624,0,0,1066652100,2003-10-20 22:15:00+10:00
-0.644,0,0,1066653000,2003-10-20 22:30:00+10:00
-0.654,0,0,1066653900,2003-10-20 22:45:00+10:00
-0.644,0,0,1066654800,2003-10-20 23:00:00+10:00
-0.624,0,0,1066655700,2003-10-20 23:15:00+10:00
-0.604,0,0,1066656600,2003-10-20 23:30:00+10:00
-0.594,0,0,1066657500,2003-10-20 23:45:00+10:00
-0.544,0,0,1066658400,2003-10-21 00:00:00+10:00
-0.524,0,0,1066659300,2003-10-21 00:15:00+10:00
-0.484,0,0,1066660200,2003-10-21 00:30:00+10:00
-0.424,0,0,1066661100,2003-10-21 00:45:00+10:00
-0.384,0,0,1066662000,2003-10-21 01:00:00+10:00
-0.354,0,0,1066662900,2003-10-21 01:15:00+10:00
-0.284,0,0,1066663800,2003-10-21 01:30:00+10:00
-0.234,0,0,1066664700,2003-10-21 01:45:00+10:00
-0.194,0,0,1066665600,2003-10-21 02:00:00+10:00
-0.124,0,0,1066666500,2003-10-21 02:15:00+10:00
-0.084,0,0,1066667400,2003-10-21 02:30:00+10:00
-0.064,0,0,1066668300,2003-10-21 02:45:00+10:00
0.016,0,0,1066669200,2003-10-21 03:00:00+10:00
0.056,0,0,1066670100,2003-10-21 03:15:00+10:00
0.066,0,0,1066671000,2003-10-21 03:30:00+10:00
0.116,0,0,1066671900,2003-10-21 03:45:00+10:00
0.136,0,0,1066672800,2003-10-21 04:00:00+10:00
0.146,0,0,1066673700,2003-10-21 04:15:00+10:00
0.176,0,0,1066674600,2003-10-21 04:30:00+10:00
0.186,0,0,1066675500,2003-10-21 04:45:00+10:00
0.176,0,0,1066676400,2003-10-21 05:00:00+10:00
0.176,0,0,1066677300,2003-10-21 05:15:00+10:00
0.186,0,0,1066678200,2003-10-21 05:30:00+10:00
0.156,0,0,1066679100,2003-10-21 05:45:00+10:00
0.126,0,0,1066680000,2003-10-21 06:00:00+10:00
0.126,0,0,1066680900,2003-10-21 06:15:00+10:00
0.106,0,0,1066681800,2003-10-21 06:30:00+10:00
0.086,0,0,1066682700,2003-10-21 06:45:00+10:00
0.016,0,0,1066683600,2003-10-21 07:00:00+10:00
-0.004,0,0,1066684500,2003-10-21 07:15:00+10:00
-0.014,0,0,1066685400,2003-10-21 07:30:00+10:00
-0.064,0,0,1066686300,2003-10-21 07:45:00+10:00
-0.094,0,0,1066687200,2003-10-21 08:00:00+10:00
-0.144,0,0,1066688100,2003-10-21 08:15:00+10:00
-0.174,0,0,1066689000,2003-10-21 08:30:00+10:00
-0.164,0,0,1066689900,2003-10-21 08:45:00+10:00
-0.224,0,0,1066690800,2003-10-21 09:00:00+10:00
-0.254,0,0,1066691700,2003-10-21 09:15:00+10:00
-0.274,0,0,1066692600,2003-10-21 09:30:00+10:00
-0.284,0,0,1066693500,2003-10-21 09:45:00+10:00
-0.274,0,0,1066694400,2003-10-21 10:00:00+10:00
-0.294,0,0,1066695300,2003-10-21 10:15:00+10:00
-0.304,0,0,1066696200,2003-10-21 10:30:00+10:00
-0.274,0,0,1066697100,2003-10-21 10:45:00+10:00
-0.284,0,0,1066698000,2003-10-21 11:00:00+10:00
-0.254,0,0,1066698900,2003-10-21 11:15:00+10:00
-0.204,0,0,1066699800,2003-10-21 11:30:00+10:00
-0.214,0,0,1066700700,2003-10-21 11:45:00+10:00
-0.154,0,0,1066701600,2003-10-21 12:00:00+10:00
-0.104,0,0,1066702500,2003-10-21 12:15:00+10:00
-0.094,0,0,1066703400,2003-10-21 12:30:00+10:00
-0.054,0,0,1066704300,2003-10-21 12:45:00+10:00
0.016,0,0,1066705200,2003-10-21 13:00:00+10:00
0.066,0,0,1066706100,2003-10-21 13:15:00+10:00
0.086,0,0,1066707000,2003-10-21 13:30:00+10:00
0.156,0,0,1066707900,2003-10-21 13:45:00+10:00
0.206,0,0,1066708800,2003-10-21 14:00:00+10:00
0.266,0,0,1066709700,2003-10-21 14:15:00+10:00
0.306,0,0,1066710600,2003-10-21 14:30:00+10:00
0.336,0,0,1066711500,2003-10-21 14:45:00+10:00
0.396,0,0,1066712400,2003-10-21 15:00:00+10:00
0.426,0,0,1066713300,2003-10-21 15:15:00+10:00
0.486,0,0,1066714200,2003-10-21 15:30:00+10:00
0.506,0,0,1066715100,2003-10-21 15:45:00+10:00
0.496,0,0,1066716000,2003-10-21 16:00:00+10:00
0.556,0,0,1066716900,2003-10-21 16:15:00+10:00
0.546,0,0,1066717800,2003-10-21 16:30:00+10:00
0.556,0,0,1066718700,2003-10-21 16:45:00+10:00
0.536,0,0,1066719600,2003-10-21 17:00:00+10:00
0.486,0,0,1066720500,2003-10-21 17:15:00+10:00
0.516,0,0,1066721400,2003-10-21 17:30:00+10:00
0.466,0,0,1066722300,2003-10-21 17:45:00+10:00
0.416,0,0,1066723200,2003-10-21 18:00:00+10:00
0.386,0,0,1066724100,2003-10-21 18:15:00+10:00
0.316,0,0,1066725000,2003-10-21 18:30:00+10:00
0.286,0,0,1066725900,2003-10-21 18:45:00+10:00
0.236,0,0,1066726800,2003-10-21 19:00:00+10:00
0.166,0,0,1066727700,2003-10-21 19:15:00+10:00
0.066,0,0,1066728600,2003-10-21 19:30:00+10:00
0.046,0,0,1066729500,2003-10-21 19:45:00+10:00
-0.044,0,0,1066730400,2003-10-21 20:00:00+10:00
-0.114,0,0,1066731300,2003-10-21 20:15:00+10:00
-0.154,0,0,1066732200,2003-10-21 20:30:00+10:00
-0.274,0,0,1066733100,2003-10-21 20:45:00+10:00
-0.304,0,0,1066734000,2003-10-21 21:00:00+10:00
-0.364,0,0,1066734900,2003-10-21 21:15:00+10:00
-0.464,0,0,1066735800,2003-10-21 21:30:00+10:00
-0.494,0,0,1066736700,2003-10-21 21:45:00+10:00
-0.524,0,0,1066737600,2003-10-21 22:00:00+10:00
-0.554,0,0,1066738500,2003-10-21 22:15:00+10:00
-0.624,0,0,1066739400,2003-10-21 22:30:00+10:00
-0.634,0,0,1066740300,2003-10-21 22:45:00+10:00
-0.644,0,0,1066741200,2003-10-21 23:00:00+10:00
-0.634,0,0,1066742100,2003-10-21 23:15:00+10:00
-0.614,0,0,1066743000,2003-10-21 23:30:00+10:00
-0.674,0,0,1066743900,2003-10-21 23:45:00+10:00
-0.664,0,0,1066744800,2003-10-22 00:00:00+10:00
-0.594,0,0,1066745700,2003-10-22 00:15:00+10:00
-0.564,0,0,1066746600,2003-10-22 00:30:00+10:00
-0.534,0,0,1066747500,2003-10-22 00:45:00+10:00
-0.564,0,0,1066748400,2003-10-22 01:00:00+10:00
-0.454,0,0,1066749300,2003-10-22 01:15:00+10:00
-0.394,0,0,1066750200,2003-10-22 01:30:00+10:00
-0.334,0,0,1066751100,2003-10-22 01:45:00+10:00
-0.294,0,0,1066752000,2003-10-22 02:00:00+10:00
-0.294,0,0,1066752900,2003-10-22 02:15:00+10:00
-0.114,0,0,1066753800,2003-10-22 02:30:00+10:00
-0.084,0,0,1066754700,2003-10-22 02:45:00+10:00
-0.034,0,0,1066755600,2003-10-22 03:00:00+10:00
-0.004,0,0,1066756500,2003-10-22 03:15:00+10:00
0.066,0,0,1066757400,2003-10-22 03:30:00+10:00
0.136,0,0,1066758300,2003-10-22 03:45:00+10:00
0.196,0,0,1066759200,2003-10-22 04:00:00+10:00
0.226,0,0,1066760100,2003-10-22 04:15:00+10:00
0.216,0,0,1066761000,2003-10-22 04:30:00+10:00
0.296,0,0,1066761900,2003-10-22 04:45:00+10:00
0.336,0,0,1066762800,2003-10-22 05:00:00+10:00
0.326,0,0,1066763700,2003-10-22 05:15:00+10:00
0.316,0,0,1066764600,2003-10-22 05:30:00+10:00
0.316,0,0,1066765500,2003-10-22 05:45:00+10:00
0.336,0,0,1066766400,2003-10-22 06:00:00+10:00
0.316,0,0,1066767300,2003-10-22 06:15:00+10:00
0.286,0,0,1066768200,2003-10-22 06:30:00+10:00
0.256,0,0,1066769100,2003-10-22 06:45:00+10:00
0.216,0,0,1066770000,2003-10-22 07:00:00+10:00
0.186,0,0,1066770900,2003-10-22 07:15:00+10:00
0.146,0,0,1066771800,2003-10-22 07:30:00+10:00
0.066,0,0,1066772700,2003-10-22 07:45:00+10:00
0.046,0,0,1066773600,2003-10-22 08:00:00+10:00
-0.004,0,0,1066774500,2003-10-22 08:15:00+10:00
-0.074,0,0,1066775400,2003-10-22 08:30:00+10:00
-0.124,0,0,1066776300,2003-10-22 08:45:00+10:00
-0.144,0,0,1066777200,2003-10-22 09:00:00+10:00
-0.234,0,0,1066778100,2003-10-22 09:15:00+10:00
-0.264,0,0,1066779000,2003-10-22 09:30:00+10:00
-0.284,0,0,1066779900,2003-10-22 09:45:00+10:00
-0.344,0,0,1066780800,2003-10-22 10:00:00+10:00
-0.384,0,0,1066781700,2003-10-22 10:15:00+10:00
-0.404,0,0,1066782600,2003-10-22 10:30:00+10:00
-0.424,0,0,1066783500,2003-10-22 10:45:00+10:00
-0.444,0,0,1066784400,2003-10-22 11:00:00+10:00
-0.424,0,0,1066785300,2003-10-22 11:15:00+10:00
-0.444,0,0,1066786200,2003-10-22 11:30:00+10:00
-0.454,0,0,1066787100,2003-10-22 11:45:00+10:00
-0.404,0,0,1066788000,2003-10-22 12:00:00+10:00
-0.404,0,0,1066788900,2003-10-22 12:15:00+10:00
-0.354,0,0,1066789800,2003-10-22 12:30:00+10:00
-0.324,0,0,1066790700,2003-10-22 12:45:00+10:00
-0.304,0,0,1066791600,2003-10-22 13:00:00+10:00
-0.234,0,0,1066792500,2003-10-22 13:15:00+10:00
-0.174,0,0,1066793400,2003-10-22 13:30:00+10:00
-0.114,0,0,1066794300,2003-10-22 13:45:00+10:00
-0.084,0,0,1066795200,2003-10-22 14:00:00+10:00
-0.014,0,0,1066796100,2003-10-22 14:15:00+10:00
0.096,0,0,1066797000,2003-10-22 14:30:00+10:00
0.126,0,0,1066797900,2003-10-22 14:45:00+10:00
0.186,0,0,1066798800,2003-10-22 15:00:00+10:00
0.256,0,0,1066799700,2003-10-22 15:15:00+10:00
0.296,0,0,1066800600,2003-10-22 15:30:00+10:00
0.376,0,0,1066801500,2003-10-22 15:45:00+10:00
0.436,0,0,1066802400,2003-10-22 16:00:00+10:00
0.446,0,0,1066803300,2003-10-22 16:15:00+10:00
0.476,0,0,1066804200,2003-10-22 16:30:00+10:00
0.536,0,0,1066805100,2003-10-22 16:45:00+10:00
0.546,0,0,1066806000,2003-10-22 17:00:00+10:00
0.556,0,0,1066806900,2003-10-22 17:15:00+10:00
0.536,0,0,1066807800,2003-10-22 17:30:00+10:00
0.546,0,0,1066808700,2003-10-22 17:45:00+10:00
0.546,0,0,1066809600,2003-10-22 18:00:00+10:00
0.526,0,0,1066810500,2003-10-22 18:15:00+10:00
0.476,0,0,1066811400,2003-10-22 18:30:00+10:00
0.426,0,0,1066812300,2003-10-22 18:45:00+10:00
0.396,0,0,1066813200,2003-10-22 19:00:00+10:00
0.346,0,0,1066814100,2003-10-22 19:15:00+10:00
0.276,0,0,1066815000,2003-10-22 19:30:00+10:00
0.186,0,0,1066815900,2003-10-22 19:45:00+10:00
0.136,0,0,1066816800,2003-10-22 20:00:00+10:00
0.056,0,0,1066817700,2003-10-22 20:15:00+10:00
-0.044,0,0,1066818600,2003-10-22 20:30:00+10:00
-0.124,0,0,1066819500,2003-10-22 20:45:00+10:00
-0.204,0,0,1066820400,2003-10-22 21:00:00+10:00
-0.284,0,0,1066821300,2003-10-22 21:15:00+10:00
-0.344,0,0,1066822200,2003-10-22 21:30:00+10:00
-0.424,0,0,1066823100,2003-10-22 21:45:00+10:00
-0.514,0,0,1066824000,2003-10-22 22:00:00+10:00
-0.554,0,0,1066824900,2003-10-22 22:15:00+10:00
-0.614,0,0,1066825800,2003-10-22 22:30:00+10:00
-0.664,0,0,1066826700,2003-10-22 22:45:00+10:00
-0.704,0,0,1066827600,2003-10-22 23:00:00+10:00
-0.754,0,0,1066828500,2003-10-22 23:15:00+10:00
-0.764,0,0,1066829400,2003-10-22 23:30:00+10:00
-0.774,0,0,1066830300,2003-10-22 23:45:00+10:00
-0.794,0,0,1066831200,2003-10-23 00:00:00+10:00
-0.814,0,0,1066832100,2003-10-23 00:15:00+10:00
-0.774,0,0,1066833000,2003-10-23 00:30:00+10:00
-0.764,0,0,1066833900,2003-10-23 00:45:00+10:00
-0.734,0,0,1066834800,2003-10-23 01:00:00+10:00
-0.694,0,0,1066835700,2003-10-23 01:15:00+10:00
-0.654,0,0,1066836600,2003-10-23 01:30:00+10:00
-0.574,0,0,1066837500,2003-10-23 01:45:00+10:00
-0.534,0,0,1066838400,2003-10-23 02:00:00+10:00
-0.474,0,0,1066839300,2003-10-23 02:15:00+10:00
-0.394,0,0,1066840200,2003-10-23 02:30:00+10:00
-0.334,0,0,1066841100,2003-10-23 02:45:00+10:00
-0.244,0,0,1066842000,2003-10-23 03:00:00+10:00
-0.174,0,0,1066842900,2003-10-23 03:15:00+10:00
-0.114,0,0,1066843800,2003-10-23 03:30:00+10:00
-0.044,0,0,1066844700,2003-10-23 03:45:00+10:00
0.036,0,0,1066845600,2003-10-23 04:00:00+10:00
0.116,0,0,1066846500,2003-10-23 04:15:00+10:00
0.176,0,0,1066847400,2003-10-23 04:30:00+10:00
0.206,0,0,1066848300,2003-10-23 04:45:00+10:00
0.256,0,0,1066849200,2003-10-23 05:00:00+10:00
0.336,0,0,1066850100,2003-10-23 05:15:00+10:00
0.346,0,0,1066851000,2003-10-23 05:30:00+10:00
0.346,0,0,1066851900,2003-10-23 05:45:00+10:00
0.386,0,0,1066852800,2003-10-23 06:00:00+10:00
0.366,0,0,1066853700,2003-10-23 06:15:00+10:00
0.406,0,0,1066854600,2003-10-23 06:30:00+10:00
0.406,0,0,1066855500,2003-10-23 06:45:00+10:00
0.326,0,0,1066856400,2003-10-23 07:00:00+10:00
0.316,0,0,1066857300,2003-10-23 07:15:00+10:00
0.306,0,0,1066858200,2003-10-23 07:30:00+10:00
0.246,0,0,1066859100,2003-10-23 07:45:00+10:00
0.206,0,0,1066860000,2003-10-23 08:00:00+10:00
0.146,0,0,1066860900,2003-10-23 08:15:00+10:00
0.066,0,0,1066861800,2003-10-23 08:30:00+10:00
0.026,0,0,1066862700,2003-10-23 08:45:00+10:00
-0.034,0,0,1066863600,2003-10-23 09:00:00+10:00
-0.124,0,0,1066864500,2003-10-23 09:15:00+10:00
-0.184,0,0,1066865400,2003-10-23 09:30:00+10:00
-0.244,0,0,1066866300,2003-10-23 09:45:00+10:00
-0.304,0,0,1066867200,2003-10-23 10:00:00+10:00
-0.354,0,0,1066868100,2003-10-23 10:15:00+10:00
-0.424,0,0,1066869000,2003-10-23 10:30:00+10:00
-0.464,0,0,1066869900,2003-10-23 10:45:00+10:00
-0.484,0,0,1066870800,2003-10-23 11:00:00+10:00
-0.544,0,0,1066871700,2003-10-23 11:15:00+10:00
-0.554,0,0,1066872600,2003-10-23 11:30:00+10:00
-0.624,0,0,1066873500,2003-10-23 11:45:00+10:00
-0.574,0,0,1066874400,2003-10-23 12:00:00+10:00
-0.574,0,0,1066875300,2003-10-23 12:15:00+10:00
-0.614,0,0,1066876200,2003-10-23 12:30:00+10:00
-0.624,0,0,1066877100,2003-10-23 12:45:00+10:00
-0.554,0,0,1066878000,2003-10-23 13:00:00+10:00
-0.534,0,0,1066878900,2003-10-23 13:15:00+10:00
-0.514,0,0,1066879800,2003-10-23 13:30:00+10:00
-0.434,0,0,1066880700,2003-10-23 13:45:00+10:00
-0.384,0,0,1066881600,2003-10-23 14:00:00+10:00
-0.334,0,0,1066882500,2003-10-23 14:15:00+10:00
-0.234,0,0,1066883400,2003-10-23 14:30:00+10:00
-0.204,0,0,1066884300,2003-10-23 14:45:00+10:00
-0.124,0,0,1066885200,2003-10-23 15:00:00+10:00
-0.024,0,0,1066886100,2003-10-23 15:15:00+10:00
0.036,0,0,1066887000,2003-10-23 15:30:00+10:00
0.116,0,0,1066887900,2003-10-23 15:45:00+10:00
0.166,0,0,1066888800,2003-10-23 16:00:00+10:00
0.236,0,0,1066889700,2003-10-23 16:15:00+10:00
0.326,0,0,1066890600,2003-10-23 16:30:00+10:00
0.376,0,0,1066891500,2003-10-23 16:45:00+10:00
0.396,0,0,1066892400,2003-10-23 17:00:00+10:00
0.456,0,0,1066893300,2003-10-23 17:15:00+10:00
0.496,0,0,1066894200,2003-10-23 17:30:00+10:00
0.536,0,0,1066895100,2003-10-23 17:45:00+10:00
0.546,0,0,1066896000,2003-10-23 18:00:00+10:00
0.546,0,0,1066896900,2003-10-23 18:15:00+10:00
0.566,0,0,1066897800,2003-10-23 18:30:00+10:00
0.536,0,0,1066898700,2003-10-23 18:45:00+10:00
0.496,0,0,1066899600,2003-10-23 19:00:00+10:00
0.486,0,0,1066900500,2003-10-23 19:15:00+10:00
0.446,0,0,1066901400,2003-10-23 19:30:00+10:00
0.366,0,0,1066902300,2003-10-23 19:45:00+10:00
0.326,0,0,1066903200,2003-10-23 20:00:00+10:00
0.226,0,0,1066904100,2003-10-23 20:15:00+10:00
0.176,0,0,1066905000,2003-10-23 20:30:00+10:00
0.106,0,0,1066905900,2003-10-23 20:45:00+10:00
-0.004,0,0,1066906800,2003-10-23 21:00:00+10:00
-0.094,0,0,1066907700,2003-10-23 21:15:00+10:00
-0.184,0,0,1066908600,2003-10-23 21:30:00+10:00
-0.254,0,0,1066909500,2003-10-23 21:45:00+10:00
-0.334,0,0,1066910400,2003-10-23 22:00:00+10:00
-0.424,0,0,1066911300,2003-10-23 22:15:00+10:00
-0.524,0,0,1066912200,2003-10-23 22:30:00+10:00
-0.574,0,0,1066913100,2003-10-23 22:45:00+10:00
-0.634,0,0,1066914000,2003-10-23 23:00:00+10:00
-0.714,0,0,1066914900,2003-10-23 23:15:00+10:00
-0.764,0,0,1066915800,2003-10-23 23:30:00+10:00
-0.834,0,0,1066916700,2003-10-23 23:45:00+10:00
-0.834,0,0,1066917600,2003-10-24 00:00:00+10:00
-0.834,0,0,1066918500,2003-10-24 00:15:00+10:00
-0.914,0,0,1066919400,2003-10-24 00:30:00+10:00
-0.904,0,0,1066920300,2003-10-24 00:45:00+10:00
-0.884,0,0,1066921200,2003-10-24 01:00:00+10:00
-0.864,0,0,1066922100,2003-10-24 01:15:00+10:00
-0.844,0,0,1066923000,2003-10-24 01:30:00+10:00
-0.814,0,0,1066923900,2003-10-24 01:45:00+10:00
-0.754,0,0,1066924800,2003-10-24 02:00:00+10:00
-0.704,0,0,1066925700,2003-10-24 02:15:00+10:00
-0.614,0,0,1066926600,2003-10-24 02:30:00+10:00
-0.584,0,0,1066927500,2003-10-24 02:45:00+10:00
-0.504,0,0,1066928400,2003-10-24 03:00:00+10:00
-0.414,0,0,1066929300,2003-10-24 03:15:00+10:00
-0.344,0,0,1066930200,2003-10-24 03:30:00+10:00
-0.254,0,0,1066931100,2003-10-24 03:45:00+10:00
-0.184,0,0,1066932000,2003-10-24 04:00:00+10:00
-0.104,0,0,1066932900,2003-10-24 04:15:00+10:00
-0.014,0,0,1066933800,2003-10-24 04:30:00+10:00
0.086,0,0,1066934700,2003-10-24 04:45:00+10:00
0.136,0,0,1066935600,2003-10-24 05:00:00+10:00
0.176,0,0,1066936500,2003-10-24 05:15:00+10:00
0.266,0,0,1066937400,2003-10-24 05:30:00+10:00
0.326,0,0,1066938300,2003-10-24 05:45:00+10:00
0.356,0,0,1066939200,2003-10-24 06:00:00+10:00
0.366,0,0,1066940100,2003-10-24 06:15:00+10:00
0.406,0,0,1066941000,2003-10-24 06:30:00+10:00
0.426,0,0,1066941900,2003-10-24 06:45:00+10:00
0.436,0,0,1066942800,2003-10-24 07:00:00+10:00
0.416,0,0,1066943700,2003-10-24 07:15:00+10:00
0.396,0,0,1066944600,2003-10-24 07:30:00+10:00
0.376,0,0,1066945500,2003-10-24 07:45:00+10:00
0.336,0,0,1066946400,2003-10-24 08:00:00+10:00
0.296,0,0,1066947300,2003-10-24 08:15:00+10:00
0.236,0,0,1066948200,2003-10-24 08:30:00+10:00
0.186,0,0,1066949100,2003-10-24 08:45:00+10:00
0.116,0,0,1066950000,2003-10-24 09:00:00+10:00
0.036,0,0,1066950900,2003-10-24 09:15:00+10:00
-0.044,0,0,1066951800,2003-10-24 09:30:00+10:00
-0.114,0,0,1066952700,2003-10-24 09:45:00+10:00
-0.164,0,0,1066953600,2003-10-24 10:00:00+10:00
-0.284,0,0,1066954500,2003-10-24 10:15:00+10:00
-0.364,0,0,1066955400,2003-10-24 10:30:00+10:00
-0.424,0,0,1066956300,2003-10-24 10:45:00+10:00
-0.484,0,0,1066957200,2003-10-24 11:00:00+10:00
-0.534,0,0,1066958100,2003-10-24 11:15:00+10:00
-0.604,0,0,1066959000,2003-10-24 11:30:00+10:00
-0.654,0,0,1066959900,2003-10-24 11:45:00+10:00
-0.704,0,0,1066960800,2003-10-24 12:00:00+10:00
-0.704,0,0,1066961700,2003-10-24 12:15:00+10:00
-0.744,0,0,1066962600,2003-10-24 12:30:00+10:00
-0.784,0,0,1066963500,2003-10-24 12:45:00+10:00
-0.764,0,0,1066964400,2003-10-24 13:00:00+10:00
-0.764,0,0,1066965300,2003-10-24 13:15:00+10:00
-0.734,0,0,1066966200,2003-10-24 13:30:00+10:00
-0.734,0,0,1066967100,2003-10-24 13:45:00+10:00
-0.704,0,0,1066968000,2003-10-24 14:00:00+10:00
-0.654,0,0,1066968900,2003-10-24 14:15:00+10:00
-0.574,0,0,1066969800,2003-10-24 14:30:00+10:00
-0.534,0,0,1066970700,2003-10-24 14:45:00+10:00
-0.474,0,0,1066971600,2003-10-24 15:00:00+10:00
-0.384,0,0,1066972500,2003-10-24 15:15:00+10:00
-0.294,0,0,1066973400,2003-10-24 15:30:00+10:00
-0.204,0,0,1066974300,2003-10-24 15:45:00+10:00
-0.144,0,0,1066975200,2003-10-24 16:00:00+10:00
-0.074,0,0,1066976100,2003-10-24 16:15:00+10:00
0.016,0,0,1066977000,2003-10-24 16:30:00+10:00
0.126,0,0,1066977900,2003-10-24 16:45:00+10:00
0.176,0,0,1066978800,2003-10-24 17:00:00+10:00
0.226,0,0,1066979700,2003-10-24 17:15:00+10:00
0.276,0,0,1066980600,2003-10-24 17:30:00+10:00
0.376,0,0,1066981500,2003-10-24 17:45:00+10:00
0.446,0,0,1066982400,2003-10-24 18:00:00+10:00
0.456,0,0,1066983300,2003-10-24 18:15:00+10:00
0.466,0,0,1066984200,2003-10-24 18:30:00+10:00
0.496,0,0,1066985100,2003-10-24 18:45:00+10:00
0.546,0,0,1066986000,2003-10-24 19:00:00+10:00
0.526,0,0,1066986900,2003-10-24 19:15:00+10:00
0.486,0,0,1066987800,2003-10-24 19:30:00+10:00
0.476,0,0,1066988700,2003-10-24 19:45:00+10:00
0.446,0,0,1066989600,2003-10-24 20:00:00+10:00
0.416,0,0,1066990500,2003-10-24 20:15:00+10:00
0.346,0,0,1066991400,2003-10-24 20:30:00+10:00
0.276,0,0,1066992300,2003-10-24 20:45:00+10:00
0.216,0,0,1066993200,2003-10-24 21:00:00+10:00
0.126,0,0,1066994100,2003-10-24 21:15:00+10:00
0.066,0,0,1066995000,2003-10-24 21:30:00+10:00
-0.054,0,0,1066995900,2003-10-24 21:45:00+10:00
-0.134,0,0,1066996800,2003-10-24 22:00:00+10:00
-0.194,0,0,1066997700,2003-10-24 22:15:00+10:00
-0.324,0,0,1066998600,2003-10-24 22:30:00+10:00
-0.394,0,0,1066999500,2003-10-24 22:45:00+10:00
-0.504,0,0,1067000400,2003-10-24 23:00:00+10:00
-0.534,0,0,1067001300,2003-10-24 23:15:00+10:00
-0.624,0,0,1067002200,2003-10-24 23:30:00+10:00
-0.704,0,0,1067003100,2003-10-24 23:45:00+10:00
-0.764,0,0,1067004000,2003-10-25 00:00:00+10:00
-0.834,0,0,1067004900,2003-10-25 00:15:00+10:00
-0.844,0,0,1067005800,2003-10-25 00:30:00+10:00
-0.864,0,0,1067006700,2003-10-25 00:45:00+10:00
-0.894,0,0,1067007600,2003-10-25 01:00:00+10:00
-0.924,0,0,1067008500,2003-10-25 01:15:00+10:00
-0.924,0,0,1067009400,2003-10-25 01:30:00+10:00
-0.894,0,0,1067010300,2003-10-25 01:45:00+10:00
-0.884,0,0,1067011200,2003-10-25 02:00:00+10:00
-0.864,0,0,1067012100,2003-10-25 02:15:00+10:00
-0.784,0,0,1067013000,2003-10-25 02:30:00+10:00
-0.774,0,0,1067013900,2003-10-25 02:45:00+10:00
-0.684,0,0,1067014800,2003-10-25 03:00:00+10:00
-0.614,0,0,1067015700,2003-10-25 03:15:00+10:00
-0.554,0,0,1067016600,2003-10-25 03:30:00+10:00
-0.444,0,0,1067017500,2003-10-25 03:45:00+10:00
-0.374,0,0,1067018400,2003-10-25 04:00:00+10:00
-0.294,0,0,1067019300,2003-10-25 04:15:00+10:00
-0.174,0,0,1067020200,2003-10-25 04:30:00+10:00
-0.084,0,0,1067021100,2003-10-25 04:45:00+10:00
-0.034,0,0,1067022000,2003-10-25 05:00:00+10:00
0.086,0,0,1067022900,2003-10-25 05:15:00+10:00
0.166,0,0,1067023800,2003-10-25 05:30:00+10:00
0.206,0,0,1067024700,2003-10-25 05:45:00+10:00
0.316,0,0,1067025600,2003-10-25 06:00:00+10:00
0.366,0,0,1067026500,2003-10-25 06:15:00+10:00
0.396,0,0,1067027400,2003-10-25 06:30:00+10:00
0.476,0,0,1067028300,2003-10-25 06:45:00+10:00
0.526,0,0,1067029200,2003-10-25 07:00:00+10:00
0.516,0,0,1067030100,2003-10-25 07:15:00+10:00
0.546,0,0,1067031000,2003-10-25 07:30:00+10:00
0.536,0,0,1067031900,2003-10-25 07:45:00+10:00
0.536,0,0,1067032800,2003-10-25 08:00:00+10:00
0.526,0,0,1067033700,2003-10-25 08:15:00+10:00
0.496,0,0,1067034600,2003-10-25 08:30:00+10:00
0.446,0,0,1067035500,2003-10-25 08:45:00+10:00
0.376,0,0,1067036400,2003-10-25 09:00:00+10:00
0.326,0,0,1067037300,2003-10-25 09:15:00+10:00
0.276,0,0,1067038200,2003-10-25 09:30:00+10:00
0.166,0,0,1067039100,2003-10-25 09:45:00+10:00
0.086,0,0,1067040000,2003-10-25 10:00:00+10:00
0.006,0,0,1067040900,2003-10-25 10:15:00+10:00
-0.084,0,0,1067041800,2003-10-25 10:30:00+10:00
-0.154,0,0,1067042700,2003-10-25 10:45:00+10:00
-0.274,0,0,1067043600,2003-10-25 11:00:00+10:00
-0.334,0,0,1067044500,2003-10-25 11:15:00+10:00
-0.414,0,0,1067045400,2003-10-25 11:30:00+10:00
-0.484,0,0,1067046300,2003-10-25 11:45:00+10:00
-0.564,0,0,1067047200,2003-10-25 12:00:00+10:00
-0.644,0,0,1067048100,2003-10-25 12:15:00+10:00
-0.684,0,0,1067049000,2003-10-25 12:30:00+10:00
-0.734,0,0,1067049900,2003-10-25 12:45:00+10:00
-0.774,0,0,1067050800,2003-10-25 13:00:00+10:00
-0.824,0,0,1067051700,2003-10-25 13:15:00+10:00
-0.814,0,0,1067052600,2003-10-25 13:30:00+10:00
-0.804,0,0,1067053500,2003-10-25 13:45:00+10:00
-0.834,0,0,1067054400,2003-10-25 14:00:00+10:00
-0.814,0,0,1067055300,2003-10-25 14:15:00+10:00
-0.804,0,0,1067056200,2003-10-25 14:30:00+10:00
-0.714,0,0,1067057100,2003-10-25 14:45:00+10:00
-0.714,0,0,1067058000,2003-10-25 15:00:00+10:00
-0.694,0,0,1067058900,2003-10-25 15:15:00+10:00
-0.614,0,0,1067059800,2003-10-25 15:30:00+10:00
-0.574,0,0,1067060700,2003-10-25 15:45:00+10:00
-0.434,0,0,1067061600,2003-10-25 16:00:00+10:00
-0.354,0,0,1067062500,2003-10-25 16:15:00+10:00
-0.354,0,0,1067063400,2003-10-25 16:30:00+10:00
-0.224,0,0,1067064300,2003-10-25 16:45:00+10:00
-0.094,0,0,1067065200,2003-10-25 17:00:00+10:00
-0.054,0,0,1067066100,2003-10-25 17:15:00+10:00
0.036,0,0,1067067000,2003-10-25 17:30:00+10:00
0.106,0,0,1067067900,2003-10-25 17:45:00+10:00
0.166,0,0,1067068800,2003-10-25 18:00:00+10:00
0.306,0,0,1067069700,2003-10-25 18:15:00+10:00
0.326,0,0,1067070600,2003-10-25 18:30:00+10:00
0.366,0,0,1067071500,2003-10-25 18:45:00+10:00
0.426,0,0,1067072400,2003-10-25 19:00:00+10:00
0.476,0,0,1067073300,2003-10-25 19:15:00+10:00
0.546,0,0,1067074200,2003-10-25 19:30:00+10:00
0.506,0,0,1067075100,2003-10-25 19:45:00+10:00
0.506,0,0,1067076000,2003-10-25 20:00:00+10:00
0.536,0,0,1067076900,2003-10-25 20:15:00+10:00
0.536,0,0,1067077800,2003-10-25 20:30:00+10:00
0.466,0,0,1067078700,2003-10-25 20:45:00+10:00
0.396,0,0,1067079600,2003-10-25 21:00:00+10:00
0.396,0,0,1067080500,2003-10-25 21:15:00+10:00
0.376,0,0,1067081400,2003-10-25 21:30:00+10:00
0.256,0,0,1067082300,2003-10-25 21:45:00+10:00
0.176,0,0,1067083200,2003-10-25 22:00:00+10:00
0.066,0,0,1067084100,2003-10-25 22:15:00+10:00
0.036,0,0,1067085000,2003-10-25 22:30:00+10:00
-0.024,0,0,1067085900,2003-10-25 22:45:00+10:00
-0.174,0,0,1067086800,2003-10-25 23:00:00+10:00
-0.284,0,0,1067087700,2003-10-25 23:15:00+10:00
-0.344,0,0,1067088600,2003-10-25 23:30:00+10:00
-0.344,0,0,1067089500,2003-10-25 23:45:00+10:00
-0.454,0,0,1067090400,2003-10-26 00:00:00+10:00
-0.634,0,0,1067091300,2003-10-26 00:15:00+10:00
-0.634,0,0,1067092200,2003-10-26 00:30:00+10:00
-0.644,0,0,1067093100,2003-10-26 00:45:00+10:00
-0.644,0,0,1067094000,2003-10-26 01:00:00+10:00
-0.764,0,0,1067094900,2003-10-26 01:15:00+10:00
-0.844,0,0,1067095800,2003-10-26 01:30:00+10:00
-0.774,0,0,1067096700,2003-10-26 01:45:00+10:00
-0.764,0,0,1067097600,2003-10-26 03:00:00+11:00
-0.774,0,0,1067098500,2003-10-26 03:15:00+11:00
-0.804,0,0,1067099400,2003-10-26 03:30:00+11:00
-0.794,0,0,1067100300,2003-10-26 03:45:00+11:00
-0.694,0,0,1067101200,2003-10-26 04:00:00+11:00
-0.644,0,0,1067102100,2003-10-26 04:15:00+11:00
-0.614,0,0,1067103000,2003-10-26 04:30:00+11:00
-0.564,0,0,1067103900,2003-10-26 04:45:00+11:00
-0.504,0,0,1067104800,2003-10-26 05:00:00+11:00
-0.344,0,0,1067105700,2003-10-26 05:15:00+11:00
-0.284,0,0,1067106600,2003-10-26 05:30:00+11:00
-0.224,0,0,1067107500,2003-10-26 05:45:00+11:00
-0.134,0,0,1067108400,2003-10-26 06:00:00+11:00
-0.024,0,0,1067109300,2003-10-26 06:15:00+11:00
0.096,0,0,1067110200,2003-10-26 06:30:00+11:00
0.146,0,0,1067111100,2003-10-26 06:45:00+11:00
0.236,0,0,1067112000,2003-10-26 07:00:00+11:00
0.336,0,0,1067112900,2003-10-26 07:15:00+11:00
0.406,0,0,1067113800,2003-10-26 07:30:00+11:00
0.506,0,0,1067114700,2003-10-26 07:45:00+11:00
0.506,0,0,1067115600,2003-10-26 08:00:00+11:00
0.586,0,0,1067116500,2003-10-26 08:15:00+11:00
0.666,0,0,1067117400,2003-10-26 08:30:00+11:00
0.696,0,0,1067118300,2003-10-26 08:45:00+11:00
0.686,0,0,1067119200,2003-10-26 09:00:00+11:00
0.676,0,0,1067120100,2003-10-26 09:15:00+11:00
0.746,0,0,1067121000,2003-10-26 09:30:00+11:00
0.726,0,0,1067121900,2003-10-26 09:45:00+11:00
0.686,0,0,1067122800,2003-10-26 10:00:00+11:00
0.616,0,0,1067123700,2003-10-26 10:15:00+11:00
0.606,0,0,1067124600,2003-10-26 10:30:00+11:00
0.566,0,0,1067125500,2003-10-26 10:45:00+11:00
0.476,0,0,1067126400,2003-10-26 11:00:00+11:00
0.376,0,0,1067127300,2003-10-26 11:15:00+11:00
0.306,0,0,1067128200,2003-10-26 11:30:00+11:00
0.226,0,0,1067129100,2003-10-26 11:45:00+11:00
0.156,0,0,1067130000,2003-10-26 12:00:00+11:00
0.036,0,0,1067130900,2003-10-26 12:15:00+11:00
-0.084,0,0,1067131800,2003-10-26 12:30:00+11:00
-0.154,0,0,1067132700,2003-10-26 12:45:00+11:00
-0.214,0,0,1067133600,2003-10-26 13:00:00+11:00
-0.354,0,0,1067134500,2003-10-26 13:15:00+11:00
-0.394,0,0,1067135400,2003-10-26 13:30:00+11:00
-0.514,0,0,1067136300,2003-10-26 13:45:00+11:00
-0.554,0,0,1067137200,2003-10-26 14:00:00+11:00
-0.604,0,0,1067138100,2003-10-26 14:15:00+11:00
-0.694,0,0,1067139000,2003-10-26 14:30:00+11:00
-0.724,0,0,1067139900,2003-10-26 14:45:00+11:00
-0.774,0,0,1067140800,2003-10-26 15:00:00+11:00
-0.764,0,0,1067141700,2003-10-26 15:15:00+11:00
-0.794,0,0,1067142600,2003-10-26 15:30:00+11:00
-0.844,0,0,1067143500,2003-10-26 15:45:00+11:00
-0.784,0,0,1067144400,2003-10-26 16:00:00+11:00
-0.784,0,0,1067145300,2003-10-26 16:15:00+11:00
-0.764,0,0,1067146200,2003-10-26 16:30:00+11:00
-0.704,0,0,1067147100,2003-10-26 16:45:00+11:00
-0.674,0,0,1067148000,2003-10-26 17:00:00+11:00
-0.614,0,0,1067148900,2003-10-26 17:15:00+11:00
-0.544,0,0,1067149800,2003-10-26 17:30:00+11:00
-0.464,0,0,1067150700,2003-10-26 17:45:00+11:00
-0.424,0,0,1067151600,2003-10-26 18:00:00+11:00
-0.294,0,0,1067152500,2003-10-26 18:15:00+11:00
-0.224,0,0,1067153400,2003-10-26 18:30:00+11:00
-0.144,0,0,1067154300,2003-10-26 18:45:00+11:00
-0.034,0,0,1067155200,2003-10-26 19:00:00+11:00
0.016,0,0,1067156100,2003-10-26 19:15:00+11:00
0.086,0,0,1067157000,2003-10-26 19:30:00+11:00
0.216,0,0,1067157900,2003-10-26 19:45:00+11:00
0.256,0,0,1067158800,2003-10-26 20:00:00+11:00
0.326,0,0,1067159700,2003-10-26 20:15:00+11:00
0.356,0,0,1067160600,2003-10-26 20:30:00+11:00
0.446,0,0,1067161500,2003-10-26 20:45:00+11:00
0.486,0,0,1067162400,2003-10-26 21:00:00+11:00
0.486,0,0,1067163300,2003-10-26 21:15:00+11:00
0.546,0,0,1067164200,2003-10-26 21:30:00+11:00
0.526,0,0,1067165100,2003-10-26 21:45:00+11:00
0.506,0,0,1067166000,2003-10-26 22:00:00+11:00
0.526,0,0,1067166900,2003-10-26 22:15:00+11:00
0.506,0,0,1067167800,2003-10-26 22:30:00+11:00
0.436,0,0,1067168700,2003-10-26 22:45:00+11:00
0.416,0,0,1067169600,2003-10-26 23:00:00+11:00
0.366,0,0,1067170500,2003-10-26 23:15:00+11:00
0.296,0,0,1067171400,2003-10-26 23:30:00+11:00
0.246,0,0,1067172300,2003-10-26 23:45:00+11:00
0.146,0,0,1067173200,2003-10-27 00:00:00+11:00
0.076,0,0,1067174100,2003-10-27 00:15:00+11:00
-0.014,0,0,1067175000,2003-10-27 00:30:00+11:00
-0.084,0,0,1067175900,2003-10-27 00:45:00+11:00
-0.144,0,0,1067176800,2003-10-27 01:00:00+11:00
-0.264,0,0,1067177700,2003-10-27 01:15:00+11:00
-0.314,0,0,1067178600,2003-10-27 01:30:00+11:00
-0.374,0,0,1067179500,2003-10-27 01:45:00+11:00
-0.444,0,0,1067180400,2003-10-27 02:00:00+11:00
-0.474,0,0,1067181300,2003-10-27 02:15:00+11:00
-0.534,0,0,1067182200,2003-10-27 02:30:00+11:00
-0.614,0,0,1067183100,2003-10-27 02:45:00+11:00
-0.624,0,0,1067184000,2003-10-27 03:00:00+11:00
-0.624,0,0,1067184900,2003-10-27 03:15:00+11:00
-0.684,0,0,1067185800,2003-10-27 03:30:00+11:00
-0.644,0,0,1067186700,2003-10-27 03:45:00+11:00
-0.654,0,0,1067187600,2003-10-27 04:00:00+11:00
-0.674,0,0,1067188500,2003-10-27 04:15:00+11:00
-0.574,0,0,1067189400,2003-10-27 04:30:00+11:00
-0.604,0,0,1067190300,2003-10-27 04:45:00+11:00
-0.554,0,0,1067191200,2003-10-27 05:00:00+11:00
-0.464,0,0,1067192100,2003-10-27 05:15:00+11:00
-0.414,0,0,1067193000,2003-10-27 05:30:00+11:00
-0.314,0,0,1067193900,2003-10-27 05:45:00+11:00
-0.254,0,0,1067194800,2003-10-27 06:00:00+11:00
-0.174,0,0,1067195700,2003-10-27 06:15:00+11:00
-0.064,0,0,1067196600,2003-10-27 06:30:00+11:00
0.006,0,0,1067197500,2003-10-27 06:45:00+11:00
0.106,0,0,1067198400,2003-10-27 07:00:00+11:00
0.186,0,0,1067199300,2003-10-27 07:15:00+11:00
0.266,0,0,1067200200,2003-10-27 07:30:00+11:00
0.386,0,0,1067201100,2003-10-27 07:45:00+11:00
0.466,0,0,1067202000,2003-10-27 08:00:00+11:00
0.506,0,0,1067202900,2003-10-27 08:15:00+11:00
0.596,0,0,1067203800,2003-10-27 08:30:00+11:00
0.686,0,0,1067204700,2003-10-27 08:45:00+11:00
0.706,0,0,1067205600,2003-10-27 09:00:00+11:00
0.796,0,0,1067206500,2003-10-27 09:15:00+11:00
0.816,0,0,1067207400,2003-10-27 09:30:00+11:00
0.816,0,0,1067208300,2003-10-27 09:45:00+11:00
0.876,0,0,1067209200,2003-10-27 10:00:00+11:00
0.846,0,0,1067210100,2003-10-27 10:15:00+11:00
0.836,0,0,1067211000,2003-10-27 10:30:00+11:00
0.816,0,0,1067211900,2003-10-27 10:45:00+11:00
0.796,0,0,1067212800,2003-10-27 11:00:00+11:00
0.736,0,0,1067213700,2003-10-27 11:15:00+11:00
0.676,0,0,1067214600,2003-10-27 11:30:00+11:00
0.606,0,0,1067215500,2003-10-27 11:45:00+11:00
0.516,0,0,1067216400,2003-10-27 12:00:00+11:00
0.446,0,0,1067217300,2003-10-27 12:15:00+11:00
0.366,0,0,1067218200,2003-10-27 12:30:00+11:00
0.256,0,0,1067219100,2003-10-27 12:45:00+11:00
0.156,0,0,1067220000,2003-10-27 13:00:00+11:00
0.066,0,0,1067220900,2003-10-27 13:15:00+11:00
-0.014,0,0,1067221800,2003-10-27 13:30:00+11:00
-0.134,0,0,1067222700,2003-10-27 13:45:00+11:00
-0.224,0,0,1067223600,2003-10-27 14:00:00+11:00
-0.304,0,0,1067224500,2003-10-27 14:15:00+11:00
-0.414,0,0,1067225400,2003-10-27 14:30:00+11:00
-0.444,0,0,1067226300,2003-10-27 14:45:00+11:00
-0.534,0,0,1067227200,2003-10-27 15:00:00+11:00
-0.604,0,0,1067228100,2003-10-27 15:15:00+11:00
-0.644,0,0,1067229000,2003-10-27 15:30:00+11:00
-0.674,0,0,1067229900,2003-10-27 15:45:00+11:00
-0.724,0,0,1067230800,2003-10-27 16:00:00+11:00
-0.764,0,0,1067231700,2003-10-27 16:15:00+11:00
-0.764,0,0,1067232600,2003-10-27 16:30:00+11:00
-0.774,0,0,1067233500,2003-10-27 16:45:00+11:00
-0.744,0,0,1067234400,2003-10-27 17:00:00+11:00
-0.754,0,0,1067235300,2003-10-27 17:15:00+11:00
-0.744,0,0,1067236200,2003-10-27 17:30:00+11:00
-0.674,0,0,1067237100,2003-10-27 17:45:00+11:00
-0.654,0,0,1067238000,2003-10-27 18:00:00+11:00
-0.574,0,0,1067238900,2003-10-27 18:15:00+11:00
-0.524,0,0,1067239800,2003-10-27 18:30:00+11:00
-0.484,0,0,1067240700,2003-10-27 18:45:00+11:00
-0.374,0,0,1067241600,2003-10-27 19:00:00+11:00
-0.304,0,0,1067242500,2003-10-27 19:15:00+11:00
-0.224,0,0,1067243400,2003-10-27 19:30:00+11:00
-0.164,0,0,1067244300,2003-10-27 19:45:00+11:00
-0.064,0,0,1067245200,2003-10-27 20:00:00+11:00
0.026,0,0,1067246100,2003-10-27 20:15:00+11:00
0.086,0,0,1067247000,2003-10-27 20:30:00+11:00
0.146,0,0,1067247900,2003-10-27 20:45:00+11:00
0.186,0,0,1067248800,2003-10-27 21:00:00+11:00
0.286,0,0,1067249700,2003-10-27 21:15:00+11:00
0.316,0,0,1067250600,2003-10-27 21:30:00+11:00
0.346,0,0,1067251500,2003-10-27 21:45:00+11:00
0.406,0,0,1067252400,2003-10-27 22:00:00+11:00
0.426,0,0,1067253300,2003-10-27 22:15:00+11:00
0.466,0,0,1067254200,2003-10-27 22:30:00+11:00
0.446,0,0,1067255100,2003-10-27 22:45:00+11:00
0.456,0,0,1067256000,2003-10-27 23:00:00+11:00
0.456,0,0,1067256900,2003-10-27 23:15:00+11:00
0.446,0,0,1067257800,2003-10-27 23:30:00+11:00
0.386,0,0,1067258700,2003-10-27 23:45:00+11:00
0.346,0,0,1067259600,2003-10-28 00:00:00+11:00
0.326,0,0,1067260500,2003-10-28 00:15:00+11:00
0.246,0,0,1067261400,2003-10-28 00:30:00+11:00
0.196,0,0,1067262300,2003-10-28 00:45:00+11:00
0.096,0,0,1067263200,2003-10-28 01:00:00+11:00
0.086,0,0,1067264100,2003-10-28 01:15:00+11:00
-0.024,0,0,1067265000,2003-10-28 01:30:00+11:00
-0.084,0,0,1067265900,2003-10-28 01:45:00+11:00
-0.134,0,0,1067266800,2003-10-28 02:00:00+11:00
-0.234,0,0,1067267700,2003-10-28 02:15:00+11:00
-0.244,0,0,1067268600,2003-10-28 02:30:00+11:00
-0.304,0,0,1067269500,2003-10-28 02:45:00+11:00
-0.384,0,0,1067270400,2003-10-28 03:00:00+11:00
-0.434,0,0,1067271300,2003-10-28 03:15:00+11:00
-0.444,0,0,1067272200,2003-10-28 03:30:00+11:00
-0.464,0,0,1067273100,2003-10-28 03:45:00+11:00
-0.524,0,0,1067274000,2003-10-28 04:00:00+11:00
-0.524,0,0,1067274900,2003-10-28 04:15:00+11:00
-0.544,0,0,1067275800,2003-10-28 04:30:00+11:00
-0.534,0,0,1067276700,2003-10-28 04:45:00+11:00
-0.494,0,0,1067277600,2003-10-28 05:00:00+11:00
-0.504,0,0,1067278500,2003-10-28 05:15:00+11:00
-0.474,0,0,1067279400,2003-10-28 05:30:00+11:00
-0.404,0,0,1067280300,2003-10-28 05:45:00+11:00
-0.334,0,0,1067281200,2003-10-28 06:00:00+11:00
-0.294,0,0,1067282100,2003-10-28 06:15:00+11:00
-0.254,0,0,1067283000,2003-10-28 06:30:00+11:00
-0.144,0,0,1067283900,2003-10-28 06:45:00+11:00
-0.054,0,0,1067284800,2003-10-28 07:00:00+11:00
-0.014,0,0,1067285700,2003-10-28 07:15:00+11:00
0.066,0,0,1067286600,2003-10-28 07:30:00+11:00
0.146,0,0,1067287500,2003-10-28 07:45:00+11:00
0.246,0,0,1067288400,2003-10-28 08:00:00+11:00
0.346,0,0,1067289300,2003-10-28 08:15:00+11:00
0.426,0,0,1067290200,2003-10-28 08:30:00+11:00
0.476,0,0,1067291100,2003-10-28 08:45:00+11:00
0.536,0,0,1067292000,2003-10-28 09:00:00+11:00
0.676,0,0,1067292900,2003-10-28 09:15:00+11:00
0.726,0,0,1067293800,2003-10-28 09:30:00+11:00
0.716,0,0,1067294700,2003-10-28 09:45:00+11:00
0.806,0,0,1067295600,2003-10-28 10:00:00+11:00
0.846,0,0,1067296500,2003-10-28 10:15:00+11:00
0.876,0,0,1067297400,2003-10-28 10:30:00+11:00
0.846,0,0,1067298300,2003-10-28 10:45:00+11:00
0.866,0,0,1067299200,2003-10-28 11:00:00+11:00
0.876,0,0,1067300100,2003-10-28 11:15:00+11:00
0.856,0,0,1067301000,2003-10-28 11:30:00+11:00
0.826,0,0,1067301900,2003-10-28 11:45:00+11:00
0.766,0,0,1067302800,2003-10-28 12:00:00+11:00
0.686,0,0,1067303700,2003-10-28 12:15:00+11:00
0.666,0,0,1067304600,2003-10-28 12:30:00+11:00
0.616,0,0,1067305500,2003-10-28 12:45:00+11:00
0.466,0,0,1067306400,2003-10-28 13:00:00+11:00
0.386,0,0,1067307300,2003-10-28 13:15:00+11:00
0.346,0,0,1067308200,2003-10-28 13:30:00+11:00
0.236,0,0,1067309100,2003-10-28 13:45:00+11:00
0.136,0,0,1067310000,2003-10-28 14:00:00+11:00
0.036,0,0,1067310900,2003-10-28 14:15:00+11:00
-0.084,0,0,1067311800,2003-10-28 14:30:00+11:00
-0.124,0,0,1067312700,2003-10-28 14:45:00+11:00
-0.194,0,0,1067313600,2003-10-28 15:00:00+11:00
-0.314,0,0,1067314500,2003-10-28 15:15:00+11:00
-0.424,0,0,1067315400,2003-10-28 15:30:00+11:00
-0.444,0,0,1067316300,2003-10-28 15:45:00+11:00
-0.504,0,0,1067317200,2003-10-28 16:00:00+11:00
-0.544,0,0,1067318100,2003-10-28 16:15:00+11:00
-0.604,0,0,1067319000,2003-10-28 16:30:00+11:00
-0.684,0,0,1067319900,2003-10-28 16:45:00+11:00
-0.744,0,0,1067320800,2003-10-28 17:00:00+11:00
-0.674,0,0,1067321700,2003-10-28 17:15:00+11:00
-0.724,0,0,1067322600,2003-10-28 17:30:00+11:00
-0.764,0,0,1067323500,2003-10-28 17:45:00+11:00
-0.714,0,0,1067324400,2003-10-28 18:00:00+11:00
-0.734,0,0,1067325300,2003-10-28 18:15:00+11:00
-0.694,0,0,1067326200,2003-10-28 18:30:00+11:00
-0.514,0,0,1067327100,2003-10-28 18:45:00+11:00
-0.704,0,0,1067328000,2003-10-28 19:00:00+11:00
-0.534,0,0,1067328900,2003-10-28 19:15:00+11:00
-0.424,0,0,1067329800,2003-10-28 19:30:00+11:00
-0.414,0,0,1067330700,2003-10-28 19:45:00+11:00
-0.354,0,0,1067331600,2003-10-28 20:00:00+11:00
-0.274,0,0,1067332500,2003-10-28 20:15:00+11:00
-0.204,0,0,1067333400,2003-10-28 20:30:00+11:00
-0.134,0,0,1067334300,2003-10-28 20:45:00+11:00
-0.014,0,0,1067335200,2003-10-28 21:00:00+11:00
-0.004,0,0,1067336100,2003-10-28 21:15:00+11:00
0.046,0,0,1067337000,2003-10-28 21:30:00+11:00
0.116,0,0,1067337900,2003-10-28 21:45:00+11:00
0.256,0,0,1067338800,2003-10-28 22:00:00+11:00
0.326,0,0,1067339700,2003-10-28 22:15:00+11:00
0.256,0,0,1067340600,2003-10-28 22:30:00+11:00
0.296,0,0,1067341500,2003-10-28 22:45:00+11:00
0.466,0,0,1067342400,2003-10-28 23:00:00+11:00
0.476,0,0,1067343300,2003-10-28 23:15:00+11:00
0.436,0,0,1067344200,2003-10-28 23:30:00+11:00
0.446,0,0,1067345100,2003-10-28 23:45:00+11:00
0.436,0,0,1067346000,2003-10-29 00:00:00+11:00
0.526,0,0,1067346900,2003-10-29 00:15:00+11:00
0.396,0,0,1067347800,2003-10-29 00:30:00+11:00
0.426,0,0,1067348700,2003-10-29 00:45:00+11:00
0.316,0,0,1067349600,2003-10-29 01:00:00+11:00
0.266,0,0,1067350500,2003-10-29 01:15:00+11:00
0.376,0,0,1067351400,2003-10-29 01:30:00+11:00
0.126,0,0,1067352300,2003-10-29 01:45:00+11:00
0.276,0,0,1067353200,2003-10-29 02:00:00+11:00
0.066,0,0,1067354100,2003-10-29 02:15:00+11:00
0.076,0,0,1067355000,2003-10-29 02:30:00+11:00
0.156,0,0,1067355900,2003-10-29 02:45:00+11:00
-0.174,0,0,1067356800,2003-10-29 03:00:00+11:00
-0.054,0,0,1067357700,2003-10-29 03:15:00+11:00
-0.084,0,0,1067358600,2003-10-29 03:30:00+11:00
-0.144,0,0,1067359500,2003-10-29 03:45:00+11:00
-0.264,0,0,1067360400,2003-10-29 04:00:00+11:00
-0.304,0,0,1067361300,2003-10-29 04:15:00+11:00
-0.194,0,0,1067362200,2003-10-29 04:30:00+11:00
-0.274,0,0,1067363100,2003-10-29 04:45:00+11:00
-0.354,0,0,1067364000,2003-10-29 05:00:00+11:00
-0.384,0,0,1067364900,2003-10-29 05:15:00+11:00
-0.264,0,0,1067365800,2003-10-29 05:30:00+11:00
-0.304,0,0,1067366700,2003-10-29 05:45:00+11:00
-0.294,0,0,1067367600,2003-10-29 06:00:00+11:00
-0.254,0,0,1067368500,2003-10-29 06:15:00+11:00
-0.324,0,0,1067369400,2003-10-29 06:30:00+11:00
-0.124,0,0,1067370300,2003-10-29 06:45:00+11:00
-0.084,0,0,1067371200,2003-10-29 07:00:00+11:00
-0.114,0,0,1067372100,2003-10-29 07:15:00+11:00
-0.094,0,0,1067373000,2003-10-29 07:30:00+11:00
0.086,0,0,1067373900,2003-10-29 07:45:00+11:00
0.136,0,0,1067374800,2003-10-29 08:00:00+11:00
0.196,0,0,1067375700,2003-10-29 08:15:00+11:00
0.216,0,0,1067376600,2003-10-29 08:30:00+11:00
0.326,0,0,1067377500,2003-10-29 08:45:00+11:00
0.456,0,0,1067378400,2003-10-29 09:00:00+11:00
0.516,0,0,1067379300,2003-10-29 09:15:00+11:00
0.546,0,0,1067380200,2003-10-29 09:30:00+11:00
0.616,0,0,1067381100,2003-10-29 09:45:00+11:00
0.666,0,0,1067382000,2003-10-29 10:00:00+11:00
0.796,0,0,1067382900,2003-10-29 10:15:00+11:00
0.766,0,0,1067383800,2003-10-29 10:30:00+11:00
0.786,0,0,1067384700,2003-10-29 10:45:00+11:00
0.896,0,0,1067385600,2003-10-29 11:00:00+11:00
0.876,0,0,1067386500,2003-10-29 11:15:00+11:00
0.906,0,0,1067387400,2003-10-29 11:30:00+11:00
0.906,0,0,1067388300,2003-10-29 11:45:00+11:00
0.856,0,0,1067389200,2003-10-29 12:00:00+11:00
0.916,0,0,1067390100,2003-10-29 12:15:00+11:00
0.876,0,0,1067391000,2003-10-29 12:30:00+11:00
0.796,0,0,1067391900,2003-10-29 12:45:00+11:00
0.776,0,0,1067392800,2003-10-29 13:00:00+11:00
0.756,0,0,1067393700,2003-10-29 13:15:00+11:00
0.666,0,0,1067394600,2003-10-29 13:30:00+11:00
0.556,0,0,1067395500,2003-10-29 13:45:00+11:00
0.546,0,0,1067396400,2003-10-29 14:00:00+11:00
0.386,0,0,1067397300,2003-10-29 14:15:00+11:00
0.376,0,0,1067398200,2003-10-29 14:30:00+11:00
0.266,0,0,1067399100,2003-10-29 14:45:00+11:00
0.146,0,0,1067400000,2003-10-29 15:00:00+11:00
0.076,0,0,1067400900,2003-10-29 15:15:00+11:00
0.016,0,0,1067401800,2003-10-29 15:30:00+11:00
-0.024,0,0,1067402700,2003-10-29 15:45:00+11:00
-0.204,0,0,1067403600,2003-10-29 16:00:00+11:00
-0.274,0,0,1067404500,2003-10-29 16:15:00+11:00
-0.284,0,0,1067405400,2003-10-29 16:30:00+11:00
-0.374,0,0,1067406300,2003-10-29 16:45:00+11:00
-0.464,0,0,1067407200,2003-10-29 17:00:00+11:00
-0.514,0,0,1067408100,2003-10-29 17:15:00+11:00
-0.544,0,0,1067409000,2003-10-29 17:30:00+11:00
-0.594,0,0,1067409900,2003-10-29 17:45:00+11:00
-0.604,0,0,1067410800,2003-10-29 18:00:00+11:00
-0.674,0,0,1067411700,2003-10-29 18:15:00+11:00
-0.684,0,0,1067412600,2003-10-29 18:30:00+11:00
-0.644,0,0,1067413500,2003-10-29 18:45:00+11:00
-0.664,0,0,1067414400,2003-10-29 19:00:00+11:00
-0.634,0,0,1067415300,2003-10-29 19:15:00+11:00
-0.654,0,0,1067416200,2003-10-29 19:30:00+11:00
-0.614,0,0,1067417100,2003-10-29 19:45:00+11:00
-0.554,0,0,1067418000,2003-10-29 20:00:00+11:00
-0.504,0,0,1067418900,2003-10-29 20:15:00+11:00
-0.494,0,0,1067419800,2003-10-29 20:30:00+11:00
-0.464,0,0,1067420700,2003-10-29 20:45:00+11:00
-0.364,0,0,1067421600,2003-10-29 21:00:00+11:00
-0.294,0,0,1067422500,2003-10-29 21:15:00+11:00
-0.254,0,0,1067423400,2003-10-29 21:30:00+11:00
-0.234,0,0,1067424300,2003-10-29 21:45:00+11:00
-0.124,0,0,1067425200,2003-10-29 22:00:00+11:00
-0.054,0,0,1067426100,2003-10-29 22:15:00+11:00
-0.044,0,0,1067427000,2003-10-29 22:30:00+11:00
0.076,0,0,1067427900,2003-10-29 22:45:00+11:00
0.096,0,0,1067428800,2003-10-29 23:00:00+11:00
0.126,0,0,1067429700,2003-10-29 23:15:00+11:00
0.246,0,0,1067430600,2003-10-29 23:30:00+11:00
0.206,0,0,1067431500,2003-10-29 23:45:00+11:00
0.236,0,0,1067432400,2003-10-30 00:00:00+11:00
0.326,0,0,1067433300,2003-10-30 00:15:00+11:00
0.316,0,0,1067434200,2003-10-30 00:30:00+11:00
0.286,0,0,1067435100,2003-10-30 00:45:00+11:00
0.316,0,0,1067436000,2003-10-30 01:00:00+11:00
0.336,0,0,1067436900,2003-10-30 01:15:00+11:00
0.296,0,0,1067437800,2003-10-30 01:30:00+11:00
0.286,0,0,1067438700,2003-10-30 01:45:00+11:00
0.236,0,0,1067439600,2003-10-30 02:00:00+11:00
0.236,0,0,1067440500,2003-10-30 02:15:00+11:00
0.206,0,0,1067441400,2003-10-30 02:30:00+11:00
0.156,0,0,1067442300,2003-10-30 02:45:00+11:00
0.146,0,0,1067443200,2003-10-30 03:00:00+11:00
0.036,0,0,1067444100,2003-10-30 03:15:00+11:00
0.046,0,0,1067445000,2003-10-30 03:30:00+11:00
0.036,0,0,1067445900,2003-10-30 03:45:00+11:00
-0.074,0,0,1067446800,2003-10-30 04:00:00+11:00
-0.104,0,0,1067447700,2003-10-30 04:15:00+11:00
-0.114,0,0,1067448600,2003-10-30 04:30:00+11:00
-0.154,0,0,1067449500,2003-10-30 04:45:00+11:00
-0.184,0,0,1067450400,2003-10-30 05:00:00+11:00
-0.214,0,0,1067451300,2003-10-30 05:15:00+11:00
-0.264,0,0,1067452200,2003-10-30 05:30:00+11:00
-0.244,0,0,1067453100,2003-10-30 05:45:00+11:00
-0.244,0,0,1067454000,2003-10-30 06:00:00+11:00
-0.264,0,0,1067454900,2003-10-30 06:15:00+11:00
-0.244,0,0,1067455800,2003-10-30 06:30:00+11:00
-0.294,0,0,1067456700,2003-10-30 06:45:00+11:00
-0.214,0,0,1067457600,2003-10-30 07:00:00+11:00
-0.184,0,0,1067458500,2003-10-30 07:15:00+11:00
-0.224,0,0,1067459400,2003-10-30 07:30:00+11:00
-0.124,0,0,1067460300,2003-10-30 07:45:00+11:00
-0.084,0,0,1067461200,2003-10-30 08:00:00+11:00
-0.044,0,0,1067462100,2003-10-30 08:15:00+11:00
0.046,0,0,1067463000,2003-10-30 08:30:00+11:00
0.066,0,0,1067463900,2003-10-30 08:45:00+11:00
0.136,0,0,1067464800,2003-10-30 09:00:00+11:00
0.226,0,0,1067465700,2003-10-30 09:15:00+11:00
0.296,0,0,1067466600,2003-10-30 09:30:00+11:00
0.336,0,0,1067467500,2003-10-30 09:45:00+11:00
0.406,0,0,1067468400,2003-10-30 10:00:00+11:00
0.476,0,0,1067469300,2003-10-30 10:15:00+11:00
0.536,0,0,1067470200,2003-10-30 10:30:00+11:00
0.596,0,0,1067471100,2003-10-30 10:45:00+11:00
0.626,0,0,1067472000,2003-10-30 11:00:00+11:00
0.706,0,0,1067472900,2003-10-30 11:15:00+11:00
0.746,0,0,1067473800,2003-10-30 11:30:00+11:00
0.776,0,0,1067474700,2003-10-30 11:45:00+11:00
0.806,0,0,1067475600,2003-10-30 12:00:00+11:00
0.786,0,0,1067476500,2003-10-30 12:15:00+11:00
0.846,0,0,1067477400,2003-10-30 12:30:00+11:00
0.856,0,0,1067478300,2003-10-30 12:45:00+11:00
0.826,0,0,1067479200,2003-10-30 13:00:00+11:00
0.806,0,0,1067480100,2003-10-30 13:15:00+11:00
0.786,0,0,1067481000,2003-10-30 13:30:00+11:00
0.776,0,0,1067481900,2003-10-30 13:45:00+11:00
0.726,0,0,1067482800,2003-10-30 14:00:00+11:00
0.656,0,0,1067483700,2003-10-30 14:15:00+11:00
0.596,0,0,1067484600,2003-10-30 14:30:00+11:00
0.546,0,0,1067485500,2003-10-30 14:45:00+11:00
0.486,0,0,1067486400,2003-10-30 15:00:00+11:00
0.426,0,0,1067487300,2003-10-30 15:15:00+11:00
0.316,0,0,1067488200,2003-10-30 15:30:00+11:00
0.246,0,0,1067489100,2003-10-30 15:45:00+11:00
0.206,0,0,1067490000,2003-10-30 16:00:00+11:00
0.096,0,0,1067490900,2003-10-30 16:15:00+11:00
0.036,0,0,1067491800,2003-10-30 16:30:00+11:00
-0.044,0,0,1067492700,2003-10-30 16:45:00+11:00
-0.144,0,0,1067493600,2003-10-30 17:00:00+11:00
-0.194,0,0,1067494500,2003-10-30 17:15:00+11:00
-0.264,0,0,1067495400,2003-10-30 17:30:00+11:00
-0.334,0,0,1067496300,2003-10-30 17:45:00+11:00
-0.394,0,0,1067497200,2003-10-30 18:00:00+11:00
-0.454,0,0,1067498100,2003-10-30 18:15:00+11:00
-0.504,0,0,1067499000,2003-10-30 18:30:00+11:00
-0.544,0,0,1067499900,2003-10-30 18:45:00+11:00
-0.564,0,0,1067500800,2003-10-30 19:00:00+11:00
-0.604,0,0,1067501700,2003-10-30 19:15:00+11:00
-0.614,0,0,1067502600,2003-10-30 19:30:00+11:00
-0.644,0,0,1067503500,2003-10-30 19:45:00+11:00
-0.644,0,0,1067504400,2003-10-30 20:00:00+11:00
-0.634,0,0,1067505300,2003-10-30 20:15:00+11:00
-0.624,0,0,1067506200,2003-10-30 20:30:00+11:00
-0.594,0,0,1067507100,2003-10-30 20:45:00+11:00
-0.594,0,0,1067508000,2003-10-30 21:00:00+11:00
-0.554,0,0,1067508900,2003-10-30 21:15:00+11:00
-0.504,0,0,1067509800,2003-10-30 21:30:00+11:00
-0.504,0,0,1067510700,2003-10-30 21:45:00+11:00
-0.414,0,0,1067511600,2003-10-30 22:00:00+11:00
-0.384,0,0,1067512500,2003-10-30 22:15:00+11:00
-0.344,0,0,1067513400,2003-10-30 22:30:00+11:00
-0.274,0,0,1067514300,2003-10-30 22:45:00+11:00
-0.234,0,0,1067515200,2003-10-30 23:00:00+11:00
-0.184,0,0,1067516100,2003-10-30 23:15:00+11:00
-0.114,0,0,1067517000,2003-10-30 23:30:00+11:00
-0.074,0,0,1067517900,2003-10-30 23:45:00+11:00
-0.024,0,0,1067518800,2003-10-31 00:00:00+11:00
0.026,0,0,1067519700,2003-10-31 00:15:00+11:00
0.056,0,0,1067520600,2003-10-31 00:30:00+11:00
0.096,0,0,1067521500,2003-10-31 00:45:00+11:00
0.126,0,0,1067522400,2003-10-31 01:00:00+11:00
0.136,0,0,1067523300,2003-10-31 01:15:00+11:00
0.176,0,0,1067524200,2003-10-31 01:30:00+11:00
0.196,0,0,1067525100,2003-10-31 01:45:00+11:00
0.166,0,0,1067526000,2003-10-31 02:00:00+11:00
0.176,0,0,1067526900,2003-10-31 02:15:00+11:00
0.186,0,0,1067527800,2003-10-31 02:30:00+11:00
0.196,0,0,1067528700,2003-10-31 02:45:00+11:00
0.146,0,0,1067529600,2003-10-31 03:00:00+11:00
0.136,0,0,1067530500,2003-10-31 03:15:00+11:00
0.106,0,0,1067531400,2003-10-31 03:30:00+11:00
0.086,0,0,1067532300,2003-10-31 03:45:00+11:00
0.076,0,0,1067533200,2003-10-31 04:00:00+11:00
0.056,0,0,1067534100,2003-10-31 04:15:00+11:00
-0.034,0,0,1067535000,2003-10-31 04:30:00+11:00
-0.034,0,0,1067535900,2003-10-31 04:45:00+11:00
-0.014,0,0,1067536800,2003-10-31 05:00:00+11:00
-0.084,0,0,1067537700,2003-10-31 05:15:00+11:00
-0.114,0,0,1067538600,2003-10-31 05:30:00+11:00
-0.164,0,0,1067539500,2003-10-31 05:45:00+11:00
-0.174,0,0,1067540400,2003-10-31 06:00:00+11:00
-0.154,0,0,1067541300,2003-10-31 06:15:00+11:00
-0.184,0,0,1067542200,2003-10-31 06:30:00+11:00
-0.254,0,0,1067543100,2003-10-31 06:45:00+11:00
-0.244,0,0,1067544000,2003-10-31 07:00:00+11:00
-0.194,0,0,1067544900,2003-10-31 07:15:00+11:00
-0.204,0,0,1067545800,2003-10-31 07:30:00+11:00
-0.204,0,0,1067546700,2003-10-31 07:45:00+11:00
-0.214,0,0,1067547600,2003-10-31 08:00:00+11:00
-0.194,0,0,1067548500,2003-10-31 08:15:00+11:00
-0.094,0,0,1067549400,2003-10-31 08:30:00+11:00
-0.074,0,0,1067550300,2003-10-31 08:45:00+11:00
-0.074,0,0,1067551200,2003-10-31 09:00:00+11:00
-0.024,0,0,1067552100,2003-10-31 09:15:00+11:00
0.056,0,0,1067553000,2003-10-31 09:30:00+11:00
0.106,0,0,1067553900,2003-10-31 09:45:00+11:00
0.126,0,0,1067554800,2003-10-31 10:00:00+11:00
0.206,0,0,1067555700,2003-10-31 10:15:00+11:00
0.226,0,0,1067556600,2003-10-31 10:30:00+11:00
0.286,0,0,1067557500,2003-10-31 10:45:00+11:00
0.406,0,0,1067558400,2003-10-31 11:00:00+11:00
0.386,0,0,1067559300,2003-10-31 11:15:00+11:00
0.466,0,0,1067560200,2003-10-31 11:30:00+11:00
0.546,0,0,1067561100,2003-10-31 11:45:00+11:00
0.576,0,0,1067562000,2003-10-31 12:00:00+11:00
0.626,0,0,1067562900,2003-10-31 12:15:00+11:00
0.666,0,0,1067563800,2003-10-31 12:30:00+11:00
0.686,0,0,1067564700,2003-10-31 12:45:00+11:00
0.726,0,0,1067565600,2003-10-31 13:00:00+11:00
0.746,0,0,1067566500,2003-10-31 13:15:00+11:00
0.706,0,0,1067567400,2003-10-31 13:30:00+11:00
0.716,0,0,1067568300,2003-10-31 13:45:00+11:00
0.736,0,0,1067569200,2003-10-31 14:00:00+11:00
0.736,0,0,1067570100,2003-10-31 14:15:00+11:00
0.686,0,0,1067571000,2003-10-31 14:30:00+11:00
0.656,0,0,1067571900,2003-10-31 14:45:00+11:00
0.586,0,0,1067572800,2003-10-31 15:00:00+11:00
0.616,0,0,1067573700,2003-10-31 15:15:00+11:00
0.556,0,0,1067574600,2003-10-31 15:30:00+11:00
0.516,0,0,1067575500,2003-10-31 15:45:00+11:00
0.426,0,0,1067576400,2003-10-31 16:00:00+11:00
0.406,0,0,1067577300,2003-10-31 16:15:00+11:00
0.326,0,0,1067578200,2003-10-31 16:30:00+11:00
0.266,0,0,1067579100,2003-10-31 16:45:00+11:00
0.216,0,0,1067580000,2003-10-31 17:00:00+11:00
0.126,0,0,1067580900,2003-10-31 17:15:00+11:00
0.096,0,0,1067581800,2003-10-31 17:30:00+11:00
0.006,0,0,1067582700,2003-10-31 17:45:00+11:00
-0.074,0,0,1067583600,2003-10-31 18:00:00+11:00
-0.164,0,0,1067584500,2003-10-31 18:15:00+11:00
-0.174,0,0,1067585400,2003-10-31 18:30:00+11:00
-0.254,0,0,1067586300,2003-10-31 18:45:00+11:00
-0.364,0,0,1067587200,2003-10-31 19:00:00+11:00
-0.364,0,0,1067588100,2003-10-31 19:15:00+11:00
-0.414,0,0,1067589000,2003-10-31 19:30:00+11:00
-0.444,0,0,1067589900,2003-10-31 19:45:00+11:00
-0.484,0,0,1067590800,2003-10-31 20:00:00+11:00
-0.584,0,0,1067591700,2003-10-31 20:15:00+11:00
-0.574,0,0,1067592600,2003-10-31 20:30:00+11:00
-0.494,0,0,1067593500,2003-10-31 20:45:00+11:00
-0.574,0,0,1067594400,2003-10-31 21:00:00+11:00
-0.604,0,0,1067595300,2003-10-31 21:15:00+11:00
-0.554,0,0,1067596200,2003-10-31 21:30:00+11:00
-0.554,0,0,1067597100,2003-10-31 21:45:00+11:00
-0.534,0,0,1067598000,2003-10-31 22:00:00+11:00
-0.454,0,0,1067598900,2003-10-31 22:15:00+11:00
-0.494,0,0,1067599800,2003-10-31 22:30:00+11:00
-0.454,0,0,1067600700,2003-10-31 22:45:00+11:00
-0.384,0,0,1067601600,2003-10-31 23:00:00+11:00
-0.344,0,0,1067602500,2003-10-31 23:15:00+11:00
-0.324,0,0,1067603400,2003-10-31 23:30:00+11:00
-0.284,0,0,1067604300,2003-10-31 23:45:00+11:00
-0.224,0,0,1067605200,2003-11-01 00:00:00+11:00
-0.214,0,0,1067606100,2003-11-01 00:15:00+11:00
-0.094,0,0,1067607000,2003-11-01 00:30:00+11:00
-0.074,0,0,1067607900,2003-11-01 00:45:00+11:00
-0.064,0,0,1067608800,2003-11-01 01:00:00+11:00
-0.024,0,0,1067609700,2003-11-01 01:15:00+11:00
0.046,0,0,1067610600,2003-11-01 01:30:00+11:00
0.076,0,0,1067611500,2003-11-01 01:45:00+11:00
0.056,0,0,1067612400,2003-11-01 02:00:00+11:00
0.186,0,0,1067613300,2003-11-01 02:15:00+11:00
0.146,0,0,1067614200,2003-11-01 02:30:00+11:00
0.166,0,0,1067615100,2003-11-01 02:45:00+11:00
0.196,0,0,1067616000,2003-11-01 03:00:00+11:00
0.186,0,0,1067616900,2003-11-01 03:15:00+11:00
0.186,0,0,1067617800,2003-11-01 03:30:00+11:00
0.196,0,0,1067618700,2003-11-01 03:45:00+11:00
0.196,0,0,1067619600,2003-11-01 04:00:00+11:00
0.156,0,0,1067620500,2003-11-01 04:15:00+11:00
0.166,0,0,1067621400,2003-11-01 04:30:00+11:00
0.126,0,0,1067622300,2003-11-01 04:45:00+11:00
0.126,0,0,1067623200,2003-11-01 05:00:00+11:00
0.086,0,0,1067624100,2003-11-01 05:15:00+11:00
0.076,0,0,1067625000,2003-11-01 05:30:00+11:00
0.066,0,0,1067625900,2003-11-01 05:45:00+11:00
0.026,0,0,1067626800,2003-11-01 06:00:00+11:00
0.006,0,0,1067627700,2003-11-01 06:15:00+11:00
-0.044,0,0,1067628600,2003-11-01 06:30:00+11:00
-0.044,0,0,1067629500,2003-11-01 06:45:00+11:00
-0.074,0,0,1067630400,2003-11-01 07:00:00+11:00
-0.104,0,0,1067631300,2003-11-01 07:15:00+11:00
-0.114,0,0,1067632200,2003-11-01 07:30:00+11:00
-0.154,0,0,1067633100,2003-11-01 07:45:00+11:00
-0.124,0,0,1067634000,2003-11-01 08:00:00+11:00
-0.154,0,0,1067634900,2003-11-01 08:15:00+11:00
-0.144,0,0,1067635800,2003-11-01 08:30:00+11:00
-0.164,0,0,1067636700,2003-11-01 08:45:00+11:00
-0.124,0,0,1067637600,2003-11-01 09:00:00+11:00
-0.104,0,0,1067638500,2003-11-01 09:15:00+11:00
-0.124,0,0,1067639400,2003-11-01 09:30:00+11:00
-0.044,0,0,1067640300,2003-11-01 09:45:00+11:00
-0.054,0,0,1067641200,2003-11-01 10:00:00+11:00
-0.014,0,0,1067642100,2003-11-01 10:15:00+11:00
0.036,0,0,1067643000,2003-11-01 10:30:00+11:00
0.056,0,0,1067643900,2003-11-01 10:45:00+11:00
0.136,0,0,1067644800,2003-11-01 11:00:00+11:00
0.156,0,0,1067645700,2003-11-01 11:15:00+11:00
0.216,0,0,1067646600,2003-11-01 11:30:00+11:00
0.226,0,0,1067647500,2003-11-01 11:45:00+11:00
0.306,0,0,1067648400,2003-11-01 12:00:00+11:00
0.386,0,0,1067649300,2003-11-01 12:15:00+11:00
0.396,0,0,1067650200,2003-11-01 12:30:00+11:00
0.446,0,0,1067651100,2003-11-01 12:45:00+11:00
0.506,0,0,1067652000,2003-11-01 13:00:00+11:00
0.516,0,0,1067652900,2003-11-01 13:15:00+11:00
0.556,0,0,1067653800,2003-11-01 13:30:00+11:00
0.606,0,0,1067654700,2003-11-01 13:45:00+11:00
0.606,0,0,1067655600,2003-11-01 14:00:00+11:00
0.616,0,0,1067656500,2003-11-01 14:15:00+11:00
0.666,0,0,1067657400,2003-11-01 14:30:00+11:00
0.656,0,0,1067658300,2003-11-01 14:45:00+11:00
0.656,0,0,1067659200,2003-11-01 15:00:00+11:00
0.666,0,0,1067660100,2003-11-01 15:15:00+11:00
0.616,0,0,1067661000,2003-11-01 15:30:00+11:00
0.636,0,0,1067661900,2003-11-01 15:45:00+11:00
0.596,0,0,1067662800,2003-11-01 16:00:00+11:00
0.546,0,0,1067663700,2003-11-01 16:15:00+11:00
0.516,0,0,1067664600,2003-11-01 16:30:00+11:00
0.476,0,0,1067665500,2003-11-01 16:45:00+11:00
0.476,0,0,1067666400,2003-11-01 17:00:00+11:00
0.376,0,0,1067667300,2003-11-01 17:15:00+11:00
0.316,0,0,1067668200,2003-11-01 17:30:00+11:00
0.286,0,0,1067669100,2003-11-01 17:45:00+11:00
0.206,0,0,1067670000,2003-11-01 18:00:00+11:00
0.156,0,0,1067670900,2003-11-01 18:15:00+11:00
0.096,0,0,1067671800,2003-11-01 18:30:00+11:00
0.016,0,0,1067672700,2003-11-01 18:45:00+11:00
-0.054,0,0,1067673600,2003-11-01 19:00:00+11:00
-0.084,0,0,1067674500,2003-11-01 19:15:00+11:00
-0.164,0,0,1067675400,2003-11-01 19:30:00+11:00
-0.254,0,0,1067676300,2003-11-01 19:45:00+11:00
-0.264,0,0,1067677200,2003-11-01 20:00:00+11:00
-0.334,0,0,1067678100,2003-11-01 20:15:00+11:00
-0.414,0,0,1067679000,2003-11-01 20:30:00+11:00
-0.414,0,0,1067679900,2003-11-01 20:45:00+11:00
-0.464,0,0,1067680800,2003-11-01 21:00:00+11:00
-0.484,0,0,1067681700,2003-11-01 21:15:00+11:00
-0.514,0,0,1067682600,2003-11-01 21:30:00+11:00
-0.524,0,0,1067683500,2003-11-01 21:45:00+11:00
-0.524,0,0,1067684400,2003-11-01 22:00:00+11:00
-0.584,0,0,1067685300,2003-11-01 22:15:00+11:00
-0.524,0,0,1067686200,2003-11-01 22:30:00+11:00
-0.534,0,0,1067687100,2003-11-01 22:45:00+11:00
-0.544,0,0,1067688000,2003-11-01 23:00:00+11:00
-0.494,0,0,1067688900,2003-11-01 23:15:00+11:00
-0.474,0,0,1067689800,2003-11-01 23:30:00+11:00
-0.424,0,0,1067690700,2003-11-01 23:45:00+11:00
-0.424,0,0,1067691600,2003-11-02 00:00:00+11:00
-0.374,0,0,1067692500,2003-11-02 00:15:00+11:00
-0.324,0,0,1067693400,2003-11-02 00:30:00+11:00
-0.264,0,0,1067694300,2003-11-02 00:45:00+11:00
-0.224,0,0,1067695200,2003-11-02 01:00:00+11:00
-0.194,0,0,1067696100,2003-11-02 01:15:00+11:00
-0.134,0,0,1067697000,2003-11-02 01:30:00+11:00
-0.084,0,0,1067697900,2003-11-02 01:45:00+11:00
-0.044,0,0,1067698800,2003-11-02 02:00:00+11:00
0.016,0,0,1067699700,2003-11-02 02:15:00+11:00
0.036,0,0,1067700600,2003-11-02 02:30:00+11:00
0.086,0,0,1067701500,2003-11-02 02:45:00+11:00
0.106,0,0,1067702400,2003-11-02 03:00:00+11:00
0.156,0,0,1067703300,2003-11-02 03:15:00+11:00
0.156,0,0,1067704200,2003-11-02 03:30:00+11:00
0.166,0,0,1067705100,2003-11-02 03:45:00+11:00
0.216,0,0,1067706000,2003-11-02 04:00:00+11:00
0.196,0,0,1067706900,2003-11-02 04:15:00+11:00
0.206,0,0,1067707800,2003-11-02 04:30:00+11:00
0.216,0,0,1067708700,2003-11-02 04:45:00+11:00
0.196,0,0,1067709600,2003-11-02 05:00:00+11:00
0.196,0,0,1067710500,2003-11-02 05:15:00+11:00
0.186,0,0,1067711400,2003-11-02 05:30:00+11:00
0.156,0,0,1067712300,2003-11-02 05:45:00+11:00
0.126,0,0,1067713200,2003-11-02 06:00:00+11:00
0.116,0,0,1067714100,2003-11-02 06:15:00+11:00
0.076,0,0,1067715000,2003-11-02 06:30:00+11:00
0.046,0,0,1067715900,2003-11-02 06:45:00+11:00
0.006,0,0,1067716800,2003-11-02 07:00:00+11:00
-0.044,0,0,1067717700,2003-11-02 07:15:00+11:00
-0.044,0,0,1067718600,2003-11-02 07:30:00+11:00
-0.084,0,0,1067719500,2003-11-02 07:45:00+11:00
-0.134,0,0,1067720400,2003-11-02 08:00:00+11:00
-0.144,0,0,1067721300,2003-11-02 08:15:00+11:00
-0.164,0,0,1067722200,2003-11-02 08:30:00+11:00
-0.174,0,0,1067723100,2003-11-02 08:45:00+11:00
-0.204,0,0,1067724000,2003-11-02 09:00:00+11:00
-0.214,0,0,1067724900,2003-11-02 09:15:00+11:00
-0.224,0,0,1067725800,2003-11-02 09:30:00+11:00
-0.244,0,0,1067726700,2003-11-02 09:45:00+11:00
-0.224,0,0,1067727600,2003-11-02 10:00:00+11:00
-0.224,0,0,1067728500,2003-11-02 10:15:00+11:00
-0.224,0,0,1067729400,2003-11-02 10:30:00+11:00
-0.204,0,0,1067730300,2003-11-02 10:45:00+11:00
-0.164,0,0,1067731200,2003-11-02 11:00:00+11:00
-0.154,0,0,1067732100,2003-11-02 11:15:00+11:00
-0.124,0,0,1067733000,2003-11-02 11:30:00+11:00
-0.084,0,0,1067733900,2003-11-02 11:45:00+11:00
-0.084,0,0,1067734800,2003-11-02 12:00:00+11:00
0.006,0,0,1067735700,2003-11-02 12:15:00+11:00
0.016,0,0,1067736600,2003-11-02 12:30:00+11:00
0.026,0,0,1067737500,2003-11-02 12:45:00+11:00
0.126,0,0,1067738400,2003-11-02 13:00:00+11:00
0.156,0,0,1067739300,2003-11-02 13:15:00+11:00
0.186,0,0,1067740200,2003-11-02 13:30:00+11:00
0.206,0,0,1067741100,2003-11-02 13:45:00+11:00
0.256,0,0,1067742000,2003-11-02 14:00:00+11:00
0.296,0,0,1067742900,2003-11-02 14:15:00+11:00
0.326,0,0,1067743800,2003-11-02 14:30:00+11:00
0.356,0,0,1067744700,2003-11-02 14:45:00+11:00
0.386,0,0,1067745600,2003-11-02 15:00:00+11:00
0.386,0,0,1067746500,2003-11-02 15:15:00+11:00
0.416,0,0,1067747400,2003-11-02 15:30:00+11:00
0.446,0,0,1067748300,2003-11-02 15:45:00+11:00
0.426,0,0,1067749200,2003-11-02 16:00:00+11:00
0.446,0,0,1067750100,2003-11-02 16:15:00+11:00
0.436,0,0,1067751000,2003-11-02 16:30:00+11:00
0.406,0,0,1067751900,2003-11-02 16:45:00+11:00
0.406,0,0,1067752800,2003-11-02 17:00:00+11:00
0.376,0,0,1067753700,2003-11-02 17:15:00+11:00
0.316,0,0,1067754600,2003-11-02 17:30:00+11:00
0.296,0,0,1067755500,2003-11-02 17:45:00+11:00
0.246,0,0,1067756400,2003-11-02 18:00:00+11:00
0.206,0,0,1067757300,2003-11-02 18:15:00+11:00
0.166,0,0,1067758200,2003-11-02 18:30:00+11:00
0.086,0,0,1067759100,2003-11-02 18:45:00+11:00
0.036,0,0,1067760000,2003-11-02 19:00:00+11:00
-0.014,0,0,1067760900,2003-11-02 19:15:00+11:00
-0.094,0,0,1067761800,2003-11-02 19:30:00+11:00
-0.134,0,0,1067762700,2003-11-02 19:45:00+11:00
-0.214,0,0,1067763600,2003-11-02 20:00:00+11:00
-0.284,0,0,1067764500,2003-11-02 20:15:00+11:00
-0.344,0,0,1067765400,2003-11-02 20:30:00+11:00
-0.374,0,0,1067766300,2003-11-02 20:45:00+11:00
-0.454,0,0,1067767200,2003-11-02 21:00:00+11:00
-0.514,0,0,1067768100,2003-11-02 21:15:00+11:00
-0.554,0,0,1067769000,2003-11-02 21:30:00+11:00
-0.584,0,0,1067769900,2003-11-02 21:45:00+11:00
-0.594,0,0,1067770800,2003-11-02 22:00:00+11:00
-0.674,0,0,1067771700,2003-11-02 22:15:00+11:00
-0.694,0,0,1067772600,2003-11-02 22:30:00+11:00
-0.664,0,0,1067773500,2003-11-02 22:45:00+11:00
-0.684,0,0,1067774400,2003-11-02 23:00:00+11:00
-0.694,0,0,1067775300,2003-11-02 23:15:00+11:00
-0.694,0,0,1067776200,2003-11-02 23:30:00+11:00
-0.694,0,0,1067777100,2003-11-02 23:45:00+11:00
-0.634,0,0,1067778000,2003-11-03 00:00:00+11:00
-0.634,0,0,1067778900,2003-11-03 00:15:00+11:00
-0.634,0,0,1067779800,2003-11-03 00:30:00+11:00
-0.564,0,0,1067780700,2003-11-03 00:45:00+11:00
-0.534,0,0,1067781600,2003-11-03 01:00:00+11:00
-0.504,0,0,1067782500,2003-11-03 01:15:00+11:00
-0.434,0,0,1067783400,2003-11-03 01:30:00+11:00
-0.414,0,0,1067784300,2003-11-03 01:45:00+11:00
-0.354,0,0,1067785200,2003-11-03 02:00:00+11:00
-0.294,0,0,1067786100,2003-11-03 02:15:00+11:00
-0.254,0,0,1067787000,2003-11-03 02:30:00+11:00
-0.214,0,0,1067787900,2003-11-03 02:45:00+11:00
-0.164,0,0,1067788800,2003-11-03 03:00:00+11:00
-0.114,0,0,1067789700,2003-11-03 03:15:00+11:00
-0.084,0,0,1067790600,2003-11-03 03:30:00+11:00
-0.034,0,0,1067791500,2003-11-03 03:45:00+11:00
-0.004,0,0,1067792400,2003-11-03 04:00:00+11:00
0.016,0,0,1067793300,2003-11-03 04:15:00+11:00
0.046,0,0,1067794200,2003-11-03 04:30:00+11:00
0.066,0,0,1067795100,2003-11-03 04:45:00+11:00
0.096,0,0,1067796000,2003-11-03 05:00:00+11:00
0.076,0,0,1067796900,2003-11-03 05:15:00+11:00
0.106,0,0,1067797800,2003-11-03 05:30:00+11:00
0.116,0,0,1067798700,2003-11-03 05:45:00+11:00
0.076,0,0,1067799600,2003-11-03 06:00:00+11:00
0.096,0,0,1067800500,2003-11-03 06:15:00+11:00
0.056,0,0,1067801400,2003-11-03 06:30:00+11:00
0.026,0,0,1067802300,2003-11-03 06:45:00+11:00
0.026,0,0,1067803200,2003-11-03 07:00:00+11:00
-0.024,0,0,1067804100,2003-11-03 07:15:00+11:00
-0.074,0,0,1067805000,2003-11-03 07:30:00+11:00
-0.074,0,0,1067805900,2003-11-03 07:45:00+11:00
-0.114,0,0,1067806800,2003-11-03 08:00:00+11:00
-0.174,0,0,1067807700,2003-11-03 08:15:00+11:00
-0.174,0,0,1067808600,2003-11-03 08:30:00+11:00
-0.204,0,0,1067809500,2003-11-03 08:45:00+11:00
-0.254,0,0,1067810400,2003-11-03 09:00:00+11:00
-0.274,0,0,1067811300,2003-11-03 09:15:00+11:00
-0.314,0,0,1067812200,2003-11-03 09:30:00+11:00
-0.314,0,0,1067813100,2003-11-03 09:45:00+11:00
-0.354,0,0,1067814000,2003-11-03 10:00:00+11:00
-0.354,0,0,1067814900,2003-11-03 10:15:00+11:00
-0.384,0,0,1067815800,2003-11-03 10:30:00+11:00
-0.394,0,0,1067816700,2003-11-03 10:45:00+11:00
-0.374,0,0,1067817600,2003-11-03 11:00:00+11:00
-0.364,0,0,1067818500,2003-11-03 11:15:00+11:00
-0.374,0,0,1067819400,2003-11-03 11:30:00+11:00
-0.364,0,0,1067820300,2003-11-03 11:45:00+11:00
-0.324,0,0,1067821200,2003-11-03 12:00:00+11:00
-0.314,0,0,1067822100,2003-11-03 12:15:00+11:00
-0.274,0,0,1067823000,2003-11-03 12:30:00+11:00
-0.234,0,0,1067823900,2003-11-03 12:45:00+11:00
-0.224,0,0,1067824800,2003-11-03 13:00:00+11:00
-0.184,0,0,1067825700,2003-11-03 13:15:00+11:00
-0.094,0,0,1067826600,2003-11-03 13:30:00+11:00
-0.094,0,0,1067827500,2003-11-03 13:45:00+11:00
-0.044,0,0,1067828400,2003-11-03 14:00:00+11:00
-0.004,0,0,1067829300,2003-11-03 14:15:00+11:00
0.036,0,0,1067830200,2003-11-03 14:30:00+11:00
0.096,0,0,1067831100,2003-11-03 14:45:00+11:00
0.126,0,0,1067832000,2003-11-03 15:00:00+11:00
0.166,0,0,1067832900,2003-11-03 15:15:00+11:00
0.196,0,0,1067833800,2003-11-03 15:30:00+11:00
0.246,0,0,1067834700,2003-11-03 15:45:00+11:00
0.286,0,0,1067835600,2003-11-03 16:00:00+11:00
0.306,0,0,1067836500,2003-11-03 16:15:00+11:00
0.306,0,0,1067837400,2003-11-03 16:30:00+11:00
0.326,0,0,1067838300,2003-11-03 16:45:00+11:00
0.346,0,0,1067839200,2003-11-03 17:00:00+11:00
0.336,0,0,1067840100,2003-11-03 17:15:00+11:00
0.326,0,0,1067841000,2003-11-03 17:30:00+11:00
0.306,0,0,1067841900,2003-11-03 17:45:00+11:00
0.296,0,0,1067842800,2003-11-03 18:00:00+11:00
0.286,0,0,1067843700,2003-11-03 18:15:00+11:00
0.236,0,0,1067844600,2003-11-03 18:30:00+11:00
0.196,0,0,1067845500,2003-11-03 18:45:00+11:00
0.166,0,0,1067846400,2003-11-03 19:00:00+11:00
0.106,0,0,1067847300,2003-11-03 19:15:00+11:00
0.066,0,0,1067848200,2003-11-03 19:30:00+11:00
0.016,0,0,1067849100,2003-11-03 19:45:00+11:00
-0.064,0,0,1067850000,2003-11-03 20:00:00+11:00
-0.124,0,0,1067850900,2003-11-03 20:15:00+11:00
-0.164,0,0,1067851800,2003-11-03 20:30:00+11:00
-0.244,0,0,1067852700,2003-11-03 20:45:00+11:00
-0.314,0,0,1067853600,2003-11-03 21:00:00+11:00
-0.374,0,0,1067854500,2003-11-03 21:15:00+11:00
-0.444,0,0,1067855400,2003-11-03 21:30:00+11:00
-0.504,0,0,1067856300,2003-11-03 21:45:00+11:00
-0.524,0,0,1067857200,2003-11-03 22:00:00+11:00
-0.594,0,0,1067858100,2003-11-03 22:15:00+11:00
-0.654,0,0,1067859000,2003-11-03 22:30:00+11:00
-0.664,0,0,1067859900,2003-11-03 22:45:00+11:00
-0.694,0,0,1067860800,2003-11-03 23:00:00+11:00
-0.714,0,0,1067861700,2003-11-03 23:15:00+11:00
-0.734,0,0,1067862600,2003-11-03 23:30:00+11:00
-0.744,0,0,1067863500,2003-11-03 23:45:00+11:00
-0.754,0,0,1067864400,2003-11-04 00:00:00+11:00
-0.744,0,0,1067865300,2003-11-04 00:15:00+11:00
-0.714,0,0,1067866200,2003-11-04 00:30:00+11:00
-0.714,0,0,1067867100,2003-11-04 00:45:00+11:00
-0.694,0,0,1067868000,2003-11-04 01:00:00+11:00
-0.654,0,0,1067868900,2003-11-04 01:15:00+11:00
-0.624,0,0,1067869800,2003-11-04 01:30:00+11:00
-0.574,0,0,1067870700,2003-11-04 01:45:00+11:00
-0.524,0,0,1067871600,2003-11-04 02:00:00+11:00
-0.494,0,0,1067872500,2003-11-04 02:15:00+11:00
-0.444,0,0,1067873400,2003-11-04 02:30:00+11:00
-0.374,0,0,1067874300,2003-11-04 02:45:00+11:00
-0.324,0,0,1067875200,2003-11-04 03:00:00+11:00
-0.284,0,0,1067876100,2003-11-04 03:15:00+11:00
-0.214,0,0,1067877000,2003-11-04 03:30:00+11:00
-0.174,0,0,1067877900,2003-11-04 03:45:00+11:00
-0.134,0,0,1067878800,2003-11-04 04:00:00+11:00
-0.054,0,0,1067879700,2003-11-04 04:15:00+11:00
-0.034,0,0,1067880600,2003-11-04 04:30:00+11:00
-0.004,0,0,1067881500,2003-11-04 04:45:00+11:00
0.066,0,0,1067882400,2003-11-04 05:00:00+11:00
0.066,0,0,1067883300,2003-11-04 05:15:00+11:00
0.106,0,0,1067884200,2003-11-04 05:30:00+11:00
0.136,0,0,1067885100,2003-11-04 05:45:00+11:00
0.126,0,0,1067886000,2003-11-04 06:00:00+11:00
0.136,0,0,1067886900,2003-11-04 06:15:00+11:00
0.136,0,0,1067887800,2003-11-04 06:30:00+11:00
0.136,0,0,1067888700,2003-11-04 06:45:00+11:00
0.106,0,0,1067889600,2003-11-04 07:00:00+11:00
0.096,0,0,1067890500,2003-11-04 07:15:00+11:00
0.086,0,0,1067891400,2003-11-04 07:30:00+11:00
0.016,0,0,1067892300,2003-11-04 07:45:00+11:00
-0.014,0,0,1067893200,2003-11-04 08:00:00+11:00
-0.024,0,0,1067894100,2003-11-04 08:15:00+11:00
-0.084,0,0,1067895000,2003-11-04 08:30:00+11:00
-0.124,0,0,1067895900,2003-11-04 08:45:00+11:00
-0.144,0,0,1067896800,2003-11-04 09:00:00+11:00
-0.174,0,0,1067897700,2003-11-04 09:15:00+11:00
-0.264,0,0,1067898600,2003-11-04 09:30:00+11:00
-0.274,0,0,1067899500,2003-11-04 09:45:00+11:00
-0.314,0,0,1067900400,2003-11-04 10:00:00+11:00
-0.354,0,0,1067901300,2003-11-04 10:15:00+11:00
-0.394,0,0,1067902200,2003-11-04 10:30:00+11:00
-0.414,0,0,1067903100,2003-11-04 10:45:00+11:00
-0.444,0,0,1067904000,2003-11-04 11:00:00+11:00
-0.464,0,0,1067904900,2003-11-04 11:15:00+11:00
-0.474,0,0,1067905800,2003-11-04 11:30:00+11:00
-0.474,0,0,1067906700,2003-11-04 11:45:00+11:00
-0.474,0,0,1067907600,2003-11-04 12:00:00+11:00
-0.494,0,0,1067908500,2003-11-04 12:15:00+11:00
-0.464,0,0,1067909400,2003-11-04 12:30:00+11:00
-0.464,0,0,1067910300,2003-11-04 12:45:00+11:00
-0.444,0,0,1067911200,2003-11-04 13:00:00+11:00
-0.404,0,0,1067912100,2003-11-04 13:15:00+11:00
-0.394,0,0,1067913000,2003-11-04 13:30:00+11:00
-0.364,0,0,1067913900,2003-11-04 13:45:00+11:00
-0.324,0,0,1067914800,2003-11-04 14:00:00+11:00
-0.274,0,0,1067915700,2003-11-04 14:15:00+11:00
-0.244,0,0,1067916600,2003-11-04 14:30:00+11:00
-0.194,0,0,1067917500,2003-11-04 14:45:00+11:00
-0.164,0,0,1067918400,2003-11-04 15:00:00+11:00
-0.114,0,0,1067919300,2003-11-04 15:15:00+11:00
-0.044,0,0,1067920200,2003-11-04 15:30:00+11:00
-0.034,0,0,1067921100,2003-11-04 15:45:00+11:00
0.026,0,0,1067922000,2003-11-04 16:00:00+11:00
0.076,0,0,1067922900,2003-11-04 16:15:00+11:00
0.106,0,0,1067923800,2003-11-04 16:30:00+11:00
0.156,0,0,1067924700,2003-11-04 16:45:00+11:00
0.166,0,0,1067925600,2003-11-04 17:00:00+11:00
0.186,0,0,1067926500,2003-11-04 17:15:00+11:00
0.206,0,0,1067927400,2003-11-04 17:30:00+11:00
0.246,0,0,1067928300,2003-11-04 17:45:00+11:00
0.216,0,0,1067929200,2003-11-04 18:00:00+11:00
0.196,0,0,1067930100,2003-11-04 18:15:00+11:00
0.216,0,0,1067931000,2003-11-04 18:30:00+11:00
0.196,0,0,1067931900,2003-11-04 18:45:00+11:00
0.196,0,0,1067932800,2003-11-04 19:00:00+11:00
0.156,0,0,1067933700,2003-11-04 19:15:00+11:00
0.096,0,0,1067934600,2003-11-04 19:30:00+11:00
0.066,0,0,1067935500,2003-11-04 19:45:00+11:00
0.026,0,0,1067936400,2003-11-04 20:00:00+11:00
-0.004,0,0,1067937300,2003-11-04 20:15:00+11:00
-0.084,0,0,1067938200,2003-11-04 20:30:00+11:00
-0.144,0,0,1067939100,2003-11-04 20:45:00+11:00
-0.194,0,0,1067940000,2003-11-04 21:00:00+11:00
-0.274,0,0,1067940900,2003-11-04 21:15:00+11:00
-0.314,0,0,1067941800,2003-11-04 21:30:00+11:00
-0.384,0,0,1067942700,2003-11-04 21:45:00+11:00
-0.454,0,0,1067943600,2003-11-04 22:00:00+11:00
-0.504,0,0,1067944500,2003-11-04 22:15:00+11:00
-0.554,0,0,1067945400,2003-11-04 22:30:00+11:00
-0.614,0,0,1067946300,2003-11-04 22:45:00+11:00
-0.654,0,0,1067947200,2003-11-04 23:00:00+11:00
-0.694,0,0,1067948100,2003-11-04 23:15:00+11:00
-0.744,0,0,1067949000,2003-11-04 23:30:00+11:00
-0.754,0,0,1067949900,2003-11-04 23:45:00+11:00
-0.774,0,0,1067950800,2003-11-05 00:00:00+11:00
-0.814,0,0,1067951700,2003-11-05 00:15:00+11:00
-0.804,0,0,1067952600,2003-11-05 00:30:00+11:00
-0.834,0,0,1067953500,2003-11-05 00:45:00+11:00
-0.804,0,0,1067954400,2003-11-05 01:00:00+11:00
-0.764,0,0,1067955300,2003-11-05 01:15:00+11:00
-0.774,0,0,1067956200,2003-11-05 01:30:00+11:00
-0.774,0,0,1067957100,2003-11-05 01:45:00+11:00
-0.714,0,0,1067958000,2003-11-05 02:00:00+11:00
-0.654,0,0,1067958900,2003-11-05 02:15:00+11:00
-0.634,0,0,1067959800,2003-11-05 02:30:00+11:00
-0.574,0,0,1067960700,2003-11-05 02:45:00+11:00
-0.514,0,0,1067961600,2003-11-05 03:00:00+11:00
-0.474,0,0,1067962500,2003-11-05 03:15:00+11:00
-0.384,0,0,1067963400,2003-11-05 03:30:00+11:00
-0.344,0,0,1067964300,2003-11-05 03:45:00+11:00
-0.294,0,0,1067965200,2003-11-05 04:00:00+11:00
-0.264,0,0,1067966100,2003-11-05 04:15:00+11:00
-0.164,0,0,1067967000,2003-11-05 04:30:00+11:00
-0.104,0,0,1067967900,2003-11-05 04:45:00+11:00
-0.094,0,0,1067968800,2003-11-05 05:00:00+11:00
0.006,0,0,1067969700,2003-11-05 05:15:00+11:00
0.006,0,0,1067970600,2003-11-05 05:30:00+11:00
0.026,0,0,1067971500,2003-11-05 05:45:00+11:00
0.096,0,0,1067972400,2003-11-05 06:00:00+11:00
0.136,0,0,1067973300,2003-11-05 06:15:00+11:00
0.126,0,0,1067974200,2003-11-05 06:30:00+11:00
0.126,0,0,1067975100,2003-11-05 06:45:00+11:00
0.116,0,0,1067976000,2003-11-05 07:00:00+11:00
0.136,0,0,1067976900,2003-11-05 07:15:00+11:00
0.126,0,0,1067977800,2003-11-05 07:30:00+11:00
0.126,0,0,1067978700,2003-11-05 07:45:00+11:00
0.066,0,0,1067979600,2003-11-05 08:00:00+11:00
0.046,0,0,1067980500,2003-11-05 08:15:00+11:00
0.036,0,0,1067981400,2003-11-05 08:30:00+11:00
-0.034,0,0,1067982300,2003-11-05 08:45:00+11:00
-0.064,0,0,1067983200,2003-11-05 09:00:00+11:00
-0.094,0,0,1067984100,2003-11-05 09:15:00+11:00
-0.154,0,0,1067985000,2003-11-05 09:30:00+11:00
-0.204,0,0,1067985900,2003-11-05 09:45:00+11:00
-0.244,0,0,1067986800,2003-11-05 10:00:00+11:00
-0.304,0,0,1067987700,2003-11-05 10:15:00+11:00
-0.364,0,0,1067988600,2003-11-05 10:30:00+11:00
-0.384,0,0,1067989500,2003-11-05 10:45:00+11:00
-0.444,0,0,1067990400,2003-11-05 11:00:00+11:00
-0.484,0,0,1067991300,2003-11-05 11:15:00+11:00
-0.514,0,0,1067992200,2003-11-05 11:30:00+11:00
-0.534,0,0,1067993100,2003-11-05 11:45:00+11:00
-0.564,0,0,1067994000,2003-11-05 12:00:00+11:00
-0.574,0,0,1067994900,2003-11-05 12:15:00+11:00
-0.604,0,0,1067995800,2003-11-05 12:30:00+11:00
-0.604,0,0,1067996700,2003-11-05 12:45:00+11:00
-0.584,0,0,1067997600,2003-11-05 13:00:00+11:00
-0.584,0,0,1067998500,2003-11-05 13:15:00+11:00
-0.594,0,0,1067999400,2003-11-05 13:30:00+11:00
-0.574,0,0,1068000300,2003-11-05 13:45:00+11:00
-0.544,0,0,1068001200,2003-11-05 14:00:00+11:00
-0.504,0,0,1068002100,2003-11-05 14:15:00+11:00
-0.484,0,0,1068003000,2003-11-05 14:30:00+11:00
-0.434,0,0,1068003900,2003-11-05 14:45:00+11:00
-0.394,0,0,1068004800,2003-11-05 15:00:00+11:00
-0.384,0,0,1068005700,2003-11-05 15:15:00+11:00
-0.264,0,0,1068006600,2003-11-05 15:30:00+11:00
-0.234,0,0,1068007500,2003-11-05 15:45:00+11:00
-0.214,0,0,1068008400,2003-11-05 16:00:00+11:00
-0.134,0,0,1068009300,2003-11-05 16:15:00+11:00
-0.094,0,0,1068010200,2003-11-05 16:30:00+11:00
-0.024,0,0,1068011100,2003-11-05 16:45:00+11:00
-0.004,0,0,1068012000,2003-11-05 17:00:00+11:00
0.066,0,0,1068012900,2003-11-05 17:15:00+11:00
0.066,0,0,1068013800,2003-11-05 17:30:00+11:00
0.146,0,0,1068014700,2003-11-05 17:45:00+11:00
0.156,0,0,1068015600,2003-11-05 18:00:00+11:00
0.166,0,0,1068016500,2003-11-05 18:15:00+11:00
0.196,0,0,1068017400,2003-11-05 18:30:00+11:00
0.196,0,0,1068018300,2003-11-05 18:45:00+11:00
0.216,0,0,1068019200,2003-11-05 19:00:00+11:00
0.176,0,0,1068020100,2003-11-05 19:15:00+11:00
0.166,0,0,1068021000,2003-11-05 19:30:00+11:00
0.176,0,0,1068021900,2003-11-05 19:45:00+11:00
0.136,0,0,1068022800,2003-11-05 20:00:00+11:00
0.116,0,0,1068023700,2003-11-05 20:15:00+11:00
0.066,0,0,1068024600,2003-11-05 20:30:00+11:00
-0.004,0,0,1068025500,2003-11-05 20:45:00+11:00
-0.034,0,0,1068026400,2003-11-05 21:00:00+11:00
-0.084,0,0,1068027300,2003-11-05 21:15:00+11:00
-0.154,0,0,1068028200,2003-11-05 21:30:00+11:00
-0.224,0,0,1068029100,2003-11-05 21:45:00+11:00
-0.284,0,0,1068030000,2003-11-05 22:00:00+11:00
-0.334,0,0,1068030900,2003-11-05 22:15:00+11:00
-0.374,0,0,1068031800,2003-11-05 22:30:00+11:00
-0.454,0,0,1068032700,2003-11-05 22:45:00+11:00
-0.524,0,0,1068033600,2003-11-05 23:00:00+11:00
-0.544,0,0,1068034500,2003-11-05 23:15:00+11:00
-0.594,0,0,1068035400,2003-11-05 23:30:00+11:00
-0.644,0,0,1068036300,2003-11-05 23:45:00+11:00
-0.684,0,0,1068037200,2003-11-06 00:00:00+11:00
-0.724,0,0,1068038100,2003-11-06 00:15:00+11:00
-0.724,0,0,1068039000,2003-11-06 00:30:00+11:00
-0.754,0,0,1068039900,2003-11-06 00:45:00+11:00
-0.774,0,0,1068040800,2003-11-06 01:00:00+11:00
-0.764,0,0,1068041700,2003-11-06 01:15:00+11:00
-0.764,0,0,1068042600,2003-11-06 01:30:00+11:00
-0.744,0,0,1068043500,2003-11-06 01:45:00+11:00
-0.714,0,0,1068044400,2003-11-06 02:00:00+11:00
-0.704,0,0,1068045300,2003-11-06 02:15:00+11:00
-0.654,0,0,1068046200,2003-11-06 02:30:00+11:00
-0.614,0,0,1068047100,2003-11-06 02:45:00+11:00
-0.574,0,0,1068048000,2003-11-06 03:00:00+11:00
-0.524,0,0,1068048900,2003-11-06 03:15:00+11:00
-0.464,0,0,1068049800,2003-11-06 03:30:00+11:00
-0.384,0,0,1068050700,2003-11-06 03:45:00+11:00
-0.344,0,0,1068051600,2003-11-06 04:00:00+11:00
-0.284,0,0,1068052500,2003-11-06 04:15:00+11:00
-0.194,0,0,1068053400,2003-11-06 04:30:00+11:00
-0.144,0,0,1068054300,2003-11-06 04:45:00+11:00
-0.074,0,0,1068055200,2003-11-06 05:00:00+11:00
-0.014,0,0,1068056100,2003-11-06 05:15:00+11:00
0.026,0,0,1068057000,2003-11-06 05:30:00+11:00
0.086,0,0,1068057900,2003-11-06 05:45:00+11:00
0.166,0,0,1068058800,2003-11-06 06:00:00+11:00
0.166,0,0,1068059700,2003-11-06 06:15:00+11:00
0.196,0,0,1068060600,2003-11-06 06:30:00+11:00
0.256,0,0,1068061500,2003-11-06 06:45:00+11:00
0.266,0,0,1068062400,2003-11-06 07:00:00+11:00
0.286,0,0,1068063300,2003-11-06 07:15:00+11:00
0.286,0,0,1068064200,2003-11-06 07:30:00+11:00
0.276,0,0,1068065100,2003-11-06 07:45:00+11:00
0.246,0,0,1068066000,2003-11-06 08:00:00+11:00
0.286,0,0,1068066900,2003-11-06 08:15:00+11:00
0.226,0,0,1068067800,2003-11-06 08:30:00+11:00
0.196,0,0,1068068700,2003-11-06 08:45:00+11:00
0.156,0,0,1068069600,2003-11-06 09:00:00+11:00
0.136,0,0,1068070500,2003-11-06 09:15:00+11:00
0.086,0,0,1068071400,2003-11-06 09:30:00+11:00
-0.004,0,0,1068072300,2003-11-06 09:45:00+11:00
-0.004,0,0,1068073200,2003-11-06 10:00:00+11:00
-0.084,0,0,1068074100,2003-11-06 10:15:00+11:00
-0.144,0,0,1068075000,2003-11-06 10:30:00+11:00
-0.184,0,0,1068075900,2003-11-06 10:45:00+11:00
-0.294,0,0,1068076800,2003-11-06 11:00:00+11:00
-0.294,0,0,1068077700,2003-11-06 11:15:00+11:00
-0.344,0,0,1068078600,2003-11-06 11:30:00+11:00
-0.414,0,0,1068079500,2003-11-06 11:45:00+11:00
-0.464,0,0,1068080400,2003-11-06 12:00:00+11:00
-0.494,0,0,1068081300,2003-11-06 12:15:00+11:00
-0.504,0,0,1068082200,2003-11-06 12:30:00+11:00
-0.524,0,0,1068083100,2003-11-06 12:45:00+11:00
-0.554,0,0,1068084000,2003-11-06 13:00:00+11:00
-0.614,0,0,1068084900,2003-11-06 13:15:00+11:00
-0.574,0,0,1068085800,2003-11-06 13:30:00+11:00
-0.584,0,0,1068086700,2003-11-06 13:45:00+11:00
-0.564,0,0,1068087600,2003-11-06 14:00:00+11:00
-0.574,0,0,1068088500,2003-11-06 14:15:00+11:00
-0.584,0,0,1068089400,2003-11-06 14:30:00+11:00
-0.544,0,0,1068090300,2003-11-06 14:45:00+11:00
-0.464,0,0,1068091200,2003-11-06 15:00:00+11:00
-0.454,0,0,1068092100,2003-11-06 15:15:00+11:00
-0.434,0,0,1068093000,2003-11-06 15:30:00+11:00
-0.384,0,0,1068093900,2003-11-06 15:45:00+11:00
-0.324,0,0,1068094800,2003-11-06 16:00:00+11:00
-0.234,0,0,1068095700,2003-11-06 16:15:00+11:00
-0.204,0,0,1068096600,2003-11-06 16:30:00+11:00
-0.164,0,0,1068097500,2003-11-06 16:45:00+11:00
-0.094,0,0,1068098400,2003-11-06 17:00:00+11:00
-0.054,0,0,1068099300,2003-11-06 17:15:00+11:00
0.016,0,0,1068100200,2003-11-06 17:30:00+11:00
0.056,0,0,1068101100,2003-11-06 17:45:00+11:00
0.086,0,0,1068102000,2003-11-06 18:00:00+11:00
0.126,0,0,1068102900,2003-11-06 18:15:00+11:00
0.176,0,0,1068103800,2003-11-06 18:30:00+11:00
0.196,0,0,1068104700,2003-11-06 18:45:00+11:00
0.216,0,0,1068105600,2003-11-06 19:00:00+11:00
0.216,0,0,1068106500,2003-11-06 19:15:00+11:00
0.216,0,0,1068107400,2003-11-06 19:30:00+11:00
0.246,0,0,1068108300,2003-11-06 19:45:00+11:00
0.226,0,0,1068109200,2003-11-06 20:00:00+11:00
0.216,0,0,1068110100,2003-11-06 20:15:00+11:00
0.176,0,0,1068111000,2003-11-06 20:30:00+11:00
0.136,0,0,1068111900,2003-11-06 20:45:00+11:00
0.126,0,0,1068112800,2003-11-06 21:00:00+11:00
0.076,0,0,1068113700,2003-11-06 21:15:00+11:00
0.026,0,0,1068114600,2003-11-06 21:30:00+11:00
-0.044,0,0,1068115500,2003-11-06 21:45:00+11:00
-0.104,0,0,1068116400,2003-11-06 22:00:00+11:00
-0.154,0,0,1068117300,2003-11-06 22:15:00+11:00
-0.214,0,0,1068118200,2003-11-06 22:30:00+11:00
-0.274,0,0,1068119100,2003-11-06 22:45:00+11:00
-0.364,0,0,1068120000,2003-11-06 23:00:00+11:00
-0.404,0,0,1068120900,2003-11-06 23:15:00+11:00
-0.464,0,0,1068121800,2003-11-06 23:30:00+11:00
-0.494,0,0,1068122700,2003-11-06 23:45:00+11:00
-0.564,0,0,1068123600,2003-11-07 00:00:00+11:00
-0.624,0,0,1068124500,2003-11-07 00:15:00+11:00
-0.634,0,0,1068125400,2003-11-07 00:30:00+11:00
-0.654,0,0,1068126300,2003-11-07 00:45:00+11:00
-0.724,0,0,1068127200,2003-11-07 01:00:00+11:00
-0.734,0,0,1068128100,2003-11-07 01:15:00+11:00
-0.724,0,0,1068129000,2003-11-07 01:30:00+11:00
-0.754,0,0,1068129900,2003-11-07 01:45:00+11:00
-0.734,0,0,1068130800,2003-11-07 02:00:00+11:00
-0.714,0,0,1068131700,2003-11-07 02:15:00+11:00
-0.714,0,0,1068132600,2003-11-07 02:30:00+11:00
-0.684,0,0,1068133500,2003-11-07 02:45:00+11:00
-0.624,0,0,1068134400,2003-11-07 03:00:00+11:00
-0.594,0,0,1068135300,2003-11-07 03:15:00+11:00
-0.544,0,0,1068136200,2003-11-07 03:30:00+11:00
-0.494,0,0,1068137100,2003-11-07 03:45:00+11:00
-0.444,0,0,1068138000,2003-11-07 04:00:00+11:00
-0.374,0,0,1068138900,2003-11-07 04:15:00+11:00
-0.324,0,0,1068139800,2003-11-07 04:30:00+11:00
-0.234,0,0,1068140700,2003-11-07 04:45:00+11:00
-0.174,0,0,1068141600,2003-11-07 05:00:00+11:00
-0.124,0,0,1068142500,2003-11-07 05:15:00+11:00
-0.054,0,0,1068143400,2003-11-07 05:30:00+11:00
0.016,0,0,1068144300,2003-11-07 05:45:00+11:00
0.076,0,0,1068145200,2003-11-07 06:00:00+11:00
0.146,0,0,1068146100,2003-11-07 06:15:00+11:00
0.166,0,0,1068147000,2003-11-07 06:30:00+11:00
0.186,0,0,1068147900,2003-11-07 06:45:00+11:00
0.276,0,0,1068148800,2003-11-07 07:00:00+11:00
0.306,0,0,1068149700,2003-11-07 07:15:00+11:00
0.296,0,0,1068150600,2003-11-07 07:30:00+11:00
0.316,0,0,1068151500,2003-11-07 07:45:00+11:00
0.316,0,0,1068152400,2003-11-07 08:00:00+11:00
0.336,0,0,1068153300,2003-11-07 08:15:00+11:00
0.336,0,0,1068154200,2003-11-07 08:30:00+11:00
0.306,0,0,1068155100,2003-11-07 08:45:00+11:00
0.266,0,0,1068156000,2003-11-07 09:00:00+11:00
0.256,0,0,1068156900,2003-11-07 09:15:00+11:00
0.226,0,0,1068157800,2003-11-07 09:30:00+11:00
0.186,0,0,1068158700,2003-11-07 09:45:00+11:00
0.116,0,0,1068159600,2003-11-07 10:00:00+11:00
0.046,0,0,1068160500,2003-11-07 10:15:00+11:00
-0.004,0,0,1068161400,2003-11-07 10:30:00+11:00
-0.064,0,0,1068162300,2003-11-07 10:45:00+11:00
-0.114,0,0,1068163200,2003-11-07 11:00:00+11:00
-0.184,0,0,1068164100,2003-11-07 11:15:00+11:00
-0.274,0,0,1068165000,2003-11-07 11:30:00+11:00
-0.304,0,0,1068165900,2003-11-07 11:45:00+11:00
-0.374,0,0,1068166800,2003-11-07 12:00:00+11:00
-0.424,0,0,1068167700,2003-11-07 12:15:00+11:00
-0.494,0,0,1068168600,2003-11-07 12:30:00+11:00
-0.504,0,0,1068169500,2003-11-07 12:45:00+11:00
-0.564,0,0,1068170400,2003-11-07 13:00:00+11:00
-0.604,0,0,1068171300,2003-11-07 13:15:00+11:00
-0.644,0,0,1068172200,2003-11-07 13:30:00+11:00
-0.644,0,0,1068173100,2003-11-07 13:45:00+11:00
-0.664,0,0,1068174000,2003-11-07 14:00:00+11:00
-0.684,0,0,1068174900,2003-11-07 14:15:00+11:00
-0.684,0,0,1068175800,2003-11-07 14:30:00+11:00
-0.664,0,0,1068176700,2003-11-07 14:45:00+11:00
-0.654,0,0,1068177600,2003-11-07 15:00:00+11:00
-0.664,0,0,1068178500,2003-11-07 15:15:00+11:00
-0.604,0,0,1068179400,2003-11-07 15:30:00+11:00
-0.564,0,0,1068180300,2003-11-07 15:45:00+11:00
-0.534,0,0,1068181200,2003-11-07 16:00:00+11:00
-0.494,0,0,1068182100,2003-11-07 16:15:00+11:00
-0.434,0,0,1068183000,2003-11-07 16:30:00+11:00
-0.374,0,0,1068183900,2003-11-07 16:45:00+11:00
-0.294,0,0,1068184800,2003-11-07 17:00:00+11:00
-0.284,0,0,1068185700,2003-11-07 17:15:00+11:00
-0.214,0,0,1068186600,2003-11-07 17:30:00+11:00
-0.144,0,0,1068187500,2003-11-07 17:45:00+11:00
-0.104,0,0,1068188400,2003-11-07 18:00:00+11:00
-0.064,0,0,1068189300,2003-11-07 18:15:00+11:00
-0.004,0,0,1068190200,2003-11-07 18:30:00+11:00
0.036,0,0,1068191100,2003-11-07 18:45:00+11:00
0.056,0,0,1068192000,2003-11-07 19:00:00+11:00
0.126,0,0,1068192900,2003-11-07 19:15:00+11:00
0.096,0,0,1068193800,2003-11-07 19:30:00+11:00
0.146,0,0,1068194700,2003-11-07 19:45:00+11:00
0.166,0,0,1068195600,2003-11-07 20:00:00+11:00
0.136,0,0,1068196500,2003-11-07 20:15:00+11:00
0.166,0,0,1068197400,2003-11-07 20:30:00+11:00
0.136,0,0,1068198300,2003-11-07 20:45:00+11:00
0.116,0,0,1068199200,2003-11-07 21:00:00+11:00
0.086,0,0,1068200100,2003-11-07 21:15:00+11:00
0.076,0,0,1068201000,2003-11-07 21:30:00+11:00
0.036,0,0,1068201900,2003-11-07 21:45:00+11:00
-0.034,0,0,1068202800,2003-11-07 22:00:00+11:00
-0.064,0,0,1068203700,2003-11-07 22:15:00+11:00
-0.124,0,0,1068204600,2003-11-07 22:30:00+11:00
-0.184,0,0,1068205500,2003-11-07 22:45:00+11:00
-0.254,0,0,1068206400,2003-11-07 23:00:00+11:00
-0.294,0,0,1068207300,2003-11-07 23:15:00+11:00
-0.354,0,0,1068208200,2003-11-07 23:30:00+11:00
-0.414,0,0,1068209100,2003-11-07 23:45:00+11:00
-0.454,0,0,1068210000,2003-11-08 00:00:00+11:00
-0.524,0,0,1068210900,2003-11-08 00:15:00+11:00
-0.574,0,0,1068211800,2003-11-08 00:30:00+11:00
-0.574,0,0,1068212700,2003-11-08 00:45:00+11:00
-0.644,0,0,1068213600,2003-11-08 01:00:00+11:00
-0.694,0,0,1068214500,2003-11-08 01:15:00+11:00
-0.684,0,0,1068215400,2003-11-08 01:30:00+11:00
-0.704,0,0,1068216300,2003-11-08 01:45:00+11:00
-0.724,0,0,1068217200,2003-11-08 02:00:00+11:00
-0.724,0,0,1068218100,2003-11-08 02:15:00+11:00
-0.724,0,0,1068219000,2003-11-08 02:30:00+11:00
-0.704,0,0,1068219900,2003-11-08 02:45:00+11:00
-0.684,0,0,1068220800,2003-11-08 03:00:00+11:00
-0.664,0,0,1068221700,2003-11-08 03:15:00+11:00
-0.634,0,0,1068222600,2003-11-08 03:30:00+11:00
-0.574,0,0,1068223500,2003-11-08 03:45:00+11:00
-0.524,0,0,1068224400,2003-11-08 04:00:00+11:00
-0.464,0,0,1068225300,2003-11-08 04:15:00+11:00
-0.424,0,0,1068226200,2003-11-08 04:30:00+11:00
-0.344,0,0,1068227100,2003-11-08 04:45:00+11:00
-0.294,0,0,1068228000,2003-11-08 05:00:00+11:00
-0.224,0,0,1068228900,2003-11-08 05:15:00+11:00
-0.154,0,0,1068229800,2003-11-08 05:30:00+11:00
-0.084,0,0,1068230700,2003-11-08 05:45:00+11:00
-0.014,0,0,1068231600,2003-11-08 06:00:00+11:00
0.036,0,0,1068232500,2003-11-08 06:15:00+11:00
0.086,0,0,1068233400,2003-11-08 06:30:00+11:00
0.166,0,0,1068234300,2003-11-08 06:45:00+11:00
0.206,0,0,1068235200,2003-11-08 07:00:00+11:00
0.236,0,0,1068236100,2003-11-08 07:15:00+11:00
0.276,0,0,1068237000,2003-11-08 07:30:00+11:00
0.306,0,0,1068237900,2003-11-08 07:45:00+11:00
0.316,0,0,1068238800,2003-11-08 08:00:00+11:00
0.356,0,0,1068239700,2003-11-08 08:15:00+11:00
0.356,0,0,1068240600,2003-11-08 08:30:00+11:00
0.366,0,0,1068241500,2003-11-08 08:45:00+11:00
0.336,0,0,1068242400,2003-11-08 09:00:00+11:00
0.316,0,0,1068243300,2003-11-08 09:15:00+11:00
0.316,0,0,1068244200,2003-11-08 09:30:00+11:00
0.296,0,0,1068245100,2003-11-08 09:45:00+11:00
0.216,0,0,1068246000,2003-11-08 10:00:00+11:00
0.186,0,0,1068246900,2003-11-08 10:15:00+11:00
0.136,0,0,1068247800,2003-11-08 10:30:00+11:00
0.066,0,0,1068248700,2003-11-08 10:45:00+11:00
-0.004,0,0,1068249600,2003-11-08 11:00:00+11:00
-0.074,0,0,1068250500,2003-11-08 11:15:00+11:00
-0.124,0,0,1068251400,2003-11-08 11:30:00+11:00
-0.204,0,0,1068252300,2003-11-08 11:45:00+11:00
-0.294,0,0,1068253200,2003-11-08 12:00:00+11:00
-0.334,0,0,1068254100,2003-11-08 12:15:00+11:00
-0.404,0,0,1068255000,2003-11-08 12:30:00+11:00
-0.464,0,0,1068255900,2003-11-08 12:45:00+11:00
-0.524,0,0,1068256800,2003-11-08 13:00:00+11:00
-0.584,0,0,1068257700,2003-11-08 13:15:00+11:00
-0.624,0,0,1068258600,2003-11-08 13:30:00+11:00
-0.624,0,0,1068259500,2003-11-08 13:45:00+11:00
-0.704,0,0,1068260400,2003-11-08 14:00:00+11:00
-0.744,0,0,1068261300,2003-11-08 14:15:00+11:00
-0.724,0,0,1068262200,2003-11-08 14:30:00+11:00
-0.754,0,0,1068263100,2003-11-08 14:45:00+11:00
-0.744,0,0,1068264000,2003-11-08 15:00:00+11:00
-0.744,0,0,1068264900,2003-11-08 15:15:00+11:00
-0.754,0,0,1068265800,2003-11-08 15:30:00+11:00
-0.734,0,0,1068266700,2003-11-08 15:45:00+11:00
-0.674,0,0,1068267600,2003-11-08 16:00:00+11:00
-0.654,0,0,1068268500,2003-11-08 16:15:00+11:00
-0.634,0,0,1068269400,2003-11-08 16:30:00+11:00
-0.584,0,0,1068270300,2003-11-08 16:45:00+11:00
-0.524,0,0,1068271200,2003-11-08 17:00:00+11:00
-0.464,0,0,1068272100,2003-11-08 17:15:00+11:00
-0.424,0,0,1068273000,2003-11-08 17:30:00+11:00
-0.394,0,0,1068273900,2003-11-08 17:45:00+11:00
-0.324,0,0,1068274800,2003-11-08 18:00:00+11:00
-0.264,0,0,1068275700,2003-11-08 18:15:00+11:00
-0.194,0,0,1068276600,2003-11-08 18:30:00+11:00
-0.154,0,0,1068277500,2003-11-08 18:45:00+11:00
-0.124,0,0,1068278400,2003-11-08 19:00:00+11:00
-0.074,0,0,1068279300,2003-11-08 19:15:00+11:00
-0.024,0,0,1068280200,2003-11-08 19:30:00+11:00
0.006,0,0,1068281100,2003-11-08 19:45:00+11:00
0.036,0,0,1068282000,2003-11-08 20:00:00+11:00
0.046,0,0,1068282900,2003-11-08 20:15:00+11:00
0.066,0,0,1068283800,2003-11-08 20:30:00+11:00
0.096,0,0,1068284700,2003-11-08 20:45:00+11:00
0.086,0,0,1068285600,2003-11-08 21:00:00+11:00
0.076,0,0,1068286500,2003-11-08 21:15:00+11:00
0.066,0,0,1068287400,2003-11-08 21:30:00+11:00
0.046,0,0,1068288300,2003-11-08 21:45:00+11:00
0.046,0,0,1068289200,2003-11-08 22:00:00+11:00
-0.004,0,0,1068290100,2003-11-08 22:15:00+11:00
-0.054,0,0,1068291000,2003-11-08 22:30:00+11:00
-0.084,0,0,1068291900,2003-11-08 22:45:00+11:00
-0.144,0,0,1068292800,2003-11-08 23:00:00+11:00
-0.184,0,0,1068293700,2003-11-08 23:15:00+11:00
-0.234,0,0,1068294600,2003-11-08 23:30:00+11:00
-0.304,0,0,1068295500,2003-11-08 23:45:00+11:00
-0.354,0,0,1068296400,2003-11-09 00:00:00+11:00
-0.374,0,0,1068297300,2003-11-09 00:15:00+11:00
-0.444,0,0,1068298200,2003-11-09 00:30:00+11:00
-0.494,0,0,1068299100,2003-11-09 00:45:00+11:00
-0.524,0,0,1068300000,2003-11-09 01:00:00+11:00
-0.574,0,0,1068300900,2003-11-09 01:15:00+11:00
-0.594,0,0,1068301800,2003-11-09 01:30:00+11:00
-0.624,0,0,1068302700,2003-11-09 01:45:00+11:00
-0.644,0,0,1068303600,2003-11-09 02:00:00+11:00
-0.654,0,0,1068304500,2003-11-09 02:15:00+11:00
-0.664,0,0,1068305400,2003-11-09 02:30:00+11:00
-0.654,0,0,1068306300,2003-11-09 02:45:00+11:00
-0.644,0,0,1068307200,2003-11-09 03:00:00+11:00
-0.644,0,0,1068308100,2003-11-09 03:15:00+11:00
-0.614,0,0,1068309000,2003-11-09 03:30:00+11:00
-0.584,0,0,1068309900,2003-11-09 03:45:00+11:00
-0.554,0,0,1068310800,2003-11-09 04:00:00+11:00
-0.504,0,0,1068311700,2003-11-09 04:15:00+11:00
-0.454,0,0,1068312600,2003-11-09 04:30:00+11:00
-0.414,0,0,1068313500,2003-11-09 04:45:00+11:00
-0.354,0,0,1068314400,2003-11-09 05:00:00+11:00
-0.294,0,0,1068315300,2003-11-09 05:15:00+11:00
-0.214,0,0,1068316200,2003-11-09 05:30:00+11:00
-0.144,0,0,1068317100,2003-11-09 05:45:00+11:00
-0.084,0,0,1068318000,2003-11-09 06:00:00+11:00
0.006,0,0,1068318900,2003-11-09 06:15:00+11:00
0.066,0,0,1068319800,2003-11-09 06:30:00+11:00
0.126,0,0,1068320700,2003-11-09 06:45:00+11:00
0.176,0,0,1068321600,2003-11-09 07:00:00+11:00
0.236,0,0,1068322500,2003-11-09 07:15:00+11:00
0.306,0,0,1068323400,2003-11-09 07:30:00+11:00
0.336,0,0,1068324300,2003-11-09 07:45:00+11:00
0.376,0,0,1068325200,2003-11-09 08:00:00+11:00
0.396,0,0,1068326100,2003-11-09 08:15:00+11:00
0.426,0,0,1068327000,2003-11-09 08:30:00+11:00
0.456,0,0,1068327900,2003-11-09 08:45:00+11:00
0.466,0,0,1068328800,2003-11-09 09:00:00+11:00
0.456,0,0,1068329700,2003-11-09 09:15:00+11:00
0.456,0,0,1068330600,2003-11-09 09:30:00+11:00
0.416,0,0,1068331500,2003-11-09 09:45:00+11:00
0.416,0,0,1068332400,2003-11-09 10:00:00+11:00
0.376,0,0,1068333300,2003-11-09 10:15:00+11:00
0.336,0,0,1068334200,2003-11-09 10:30:00+11:00
0.276,0,0,1068335100,2003-11-09 10:45:00+11:00
0.196,0,0,1068336000,2003-11-09 11:00:00+11:00
0.176,0,0,1068336900,2003-11-09 11:15:00+11:00
0.096,0,0,1068337800,2003-11-09 11:30:00+11:00
0.016,0,0,1068338700,2003-11-09 11:45:00+11:00
-0.044,0,0,1068339600,2003-11-09 12:00:00+11:00
-0.134,0,0,1068340500,2003-11-09 12:15:00+11:00
-0.164,0,0,1068341400,2003-11-09 12:30:00+11:00
-0.254,0,0,1068342300,2003-11-09 12:45:00+11:00
-0.314,0,0,1068343200,2003-11-09 13:00:00+11:00
-0.394,0,0,1068344100,2003-11-09 13:15:00+11:00
-0.464,0,0,1068345000,2003-11-09 13:30:00+11:00
-0.504,0,0,1068345900,2003-11-09 13:45:00+11:00
-0.544,0,0,1068346800,2003-11-09 14:00:00+11:00
-0.604,0,0,1068347700,2003-11-09 14:15:00+11:00
-0.654,0,0,1068348600,2003-11-09 14:30:00+11:00
-0.664,0,0,1068349500,2003-11-09 14:45:00+11:00
-0.704,0,0,1068350400,2003-11-09 15:00:00+11:00
-0.714,0,0,1068351300,2003-11-09 15:15:00+11:00
-0.714,0,0,1068352200,2003-11-09 15:30:00+11:00
-0.744,0,0,1068353100,2003-11-09 15:45:00+11:00
-0.724,0,0,1068354000,2003-11-09 16:00:00+11:00
-0.704,0,0,1068354900,2003-11-09 16:15:00+11:00
-0.684,0,0,1068355800,2003-11-09 16:30:00+11:00
-0.684,0,0,1068356700,2003-11-09 16:45:00+11:00
-0.604,0,0,1068357600,2003-11-09 17:00:00+11:00
-0.594,0,0,1068358500,2003-11-09 17:15:00+11:00
-0.564,0,0,1068359400,2003-11-09 17:30:00+11:00
-0.464,0,0,1068360300,2003-11-09 17:45:00+11:00
-0.464,0,0,1068361200,2003-11-09 18:00:00+11:00
-0.404,0,0,1068362100,2003-11-09 18:15:00+11:00
-0.314,0,0,1068363000,2003-11-09 18:30:00+11:00
-0.294,0,0,1068363900,2003-11-09 18:45:00+11:00
-0.224,0,0,1068364800,2003-11-09 19:00:00+11:00
-0.174,0,0,1068365700,2003-11-09 19:15:00+11:00
-0.154,0,0,1068366600,2003-11-09 19:30:00+11:00
-0.064,0,0,1068367500,2003-11-09 19:45:00+11:00
-0.054,0,0,1068368400,2003-11-09 20:00:00+11:00
-0.024,0,0,1068369300,2003-11-09 20:15:00+11:00
0.036,0,0,1068370200,2003-11-09 20:30:00+11:00
0.036,0,0,1068371100,2003-11-09 20:45:00+11:00
0.066,0,0,1068372000,2003-11-09 21:00:00+11:00
0.086,0,0,1068372900,2003-11-09 21:15:00+11:00
0.096,0,0,1068373800,2003-11-09 21:30:00+11:00
0.086,0,0,1068374700,2003-11-09 21:45:00+11:00
0.096,0,0,1068375600,2003-11-09 22:00:00+11:00
0.056,0,0,1068376500,2003-11-09 22:15:00+11:00
0.036,0,0,1068377400,2003-11-09 22:30:00+11:00
0.026,0,0,1068378300,2003-11-09 22:45:00+11:00
-0.044,0,0,1068379200,2003-11-09 23:00:00+11:00
-0.044,0,0,1068380100,2003-11-09 23:15:00+11:00
-0.114,0,0,1068381000,2003-11-09 23:30:00+11:00
-0.164,0,0,1068381900,2003-11-09 23:45:00+11:00
-0.214,0,0,1068382800,2003-11-10 00:00:00+11:00
-0.244,0,0,1068383700,2003-11-10 00:15:00+11:00
-0.304,0,0,1068384600,2003-11-10 00:30:00+11:00
-0.394,0,0,1068385500,2003-11-10 00:45:00+11:00
-0.414,0,0,1068386400,2003-11-10 01:00:00+11:00
-0.424,0,0,1068387300,2003-11-10 01:15:00+11:00
-0.504,0,0,1068388200,2003-11-10 01:30:00+11:00
-0.534,0,0,1068389100,2003-11-10 01:45:00+11:00
-0.574,0,0,1068390000,2003-11-10 02:00:00+11:00
-0.594,0,0,1068390900,2003-11-10 02:15:00+11:00
-0.604,0,0,1068391800,2003-11-10 02:30:00+11:00
-0.604,0,0,1068392700,2003-11-10 02:45:00+11:00
-0.644,0,0,1068393600,2003-11-10 03:00:00+11:00
-0.634,0,0,1068394500,2003-11-10 03:15:00+11:00
-0.624,0,0,1068395400,2003-11-10 03:30:00+11:00
-0.614,0,0,1068396300,2003-11-10 03:45:00+11:00
-0.594,0,0,1068397200,2003-11-10 04:00:00+11:00
-0.564,0,0,1068398100,2003-11-10 04:15:00+11:00
-0.534,0,0,1068399000,2003-11-10 04:30:00+11:00
-0.494,0,0,1068399900,2003-11-10 04:45:00+11:00
-0.424,0,0,1068400800,2003-11-10 05:00:00+11:00
-0.394,0,0,1068401700,2003-11-10 05:15:00+11:00
-0.344,0,0,1068402600,2003-11-10 05:30:00+11:00
-0.264,0,0,1068403500,2003-11-10 05:45:00+11:00
-0.184,0,0,1068404400,2003-11-10 06:00:00+11:00
-0.124,0,0,1068405300,2003-11-10 06:15:00+11:00
-0.074,0,0,1068406200,2003-11-10 06:30:00+11:00
-0.004,0,0,1068407100,2003-11-10 06:45:00+11:00
0.076,0,0,1068408000,2003-11-10 07:00:00+11:00
0.126,0,0,1068408900,2003-11-10 07:15:00+11:00
0.186,0,0,1068409800,2003-11-10 07:30:00+11:00
0.226,0,0,1068410700,2003-11-10 07:45:00+11:00
0.276,0,0,1068411600,2003-11-10 08:00:00+11:00
0.336,0,0,1068412500,2003-11-10 08:15:00+11:00
0.376,0,0,1068413400,2003-11-10 08:30:00+11:00
0.426,0,0,1068414300,2003-11-10 08:45:00+11:00
0.436,0,0,1068415200,2003-11-10 09:00:00+11:00
0.436,0,0,1068416100,2003-11-10 09:15:00+11:00
0.476,0,0,1068417000,2003-11-10 09:30:00+11:00
0.476,0,0,1068417900,2003-11-10 09:45:00+11:00
0.466,0,0,1068418800,2003-11-10 10:00:00+11:00
0.436,0,0,1068419700,2003-11-10 10:15:00+11:00
0.416,0,0,1068420600,2003-11-10 10:30:00+11:00
0.406,0,0,1068421500,2003-11-10 10:45:00+11:00
0.346,0,0,1068422400,2003-11-10 11:00:00+11:00
0.296,0,0,1068423300,2003-11-10 11:15:00+11:00
0.216,0,0,1068424200,2003-11-10 11:30:00+11:00
0.186,0,0,1068425100,2003-11-10 11:45:00+11:00
0.116,0,0,1068426000,2003-11-10 12:00:00+11:00
0.046,0,0,1068426900,2003-11-10 12:15:00+11:00
-0.044,0,0,1068427800,2003-11-10 12:30:00+11:00
-0.114,0,0,1068428700,2003-11-10 12:45:00+11:00
-0.154,0,0,1068429600,2003-11-10 13:00:00+11:00
-0.244,0,0,1068430500,2003-11-10 13:15:00+11:00
-0.324,0,0,1068431400,2003-11-10 13:30:00+11:00
-0.404,0,0,1068432300,2003-11-10 13:45:00+11:00
-0.454,0,0,1068433200,2003-11-10 14:00:00+11:00
-0.494,0,0,1068434100,2003-11-10 14:15:00+11:00
-0.574,0,0,1068435000,2003-11-10 14:30:00+11:00
-0.644,0,0,1068435900,2003-11-10 14:45:00+11:00
-0.684,0,0,1068436800,2003-11-10 15:00:00+11:00
-0.684,0,0,1068437700,2003-11-10 15:15:00+11:00
-0.724,0,0,1068438600,2003-11-10 15:30:00+11:00
-0.764,0,0,1068439500,2003-11-10 15:45:00+11:00
-0.784,0,0,1068440400,2003-11-10 16:00:00+11:00
-0.774,0,0,1068441300,2003-11-10 16:15:00+11:00
-0.764,0,0,1068442200,2003-11-10 16:30:00+11:00
-0.744,0,0,1068443100,2003-11-10 16:45:00+11:00
-0.734,0,0,1068444000,2003-11-10 17:00:00+11:00
-0.724,0,0,1068444900,2003-11-10 17:15:00+11:00
-0.694,0,0,1068445800,2003-11-10 17:30:00+11:00
-0.634,0,0,1068446700,2003-11-10 17:45:00+11:00
-0.594,0,0,1068447600,2003-11-10 18:00:00+11:00
-0.584,0,0,1068448500,2003-11-10 18:15:00+11:00
-0.514,0,0,1068449400,2003-11-10 18:30:00+11:00
-0.464,0,0,1068450300,2003-11-10 18:45:00+11:00
-0.414,0,0,1068451200,2003-11-10 19:00:00+11:00
-0.354,0,0,1068452100,2003-11-10 19:15:00+11:00
-0.314,0,0,1068453000,2003-11-10 19:30:00+11:00
-0.274,0,0,1068453900,2003-11-10 19:45:00+11:00
-0.194,0,0,1068454800,2003-11-10 20:00:00+11:00
-0.164,0,0,1068455700,2003-11-10 20:15:00+11:00
-0.144,0,0,1068456600,2003-11-10 20:30:00+11:00
-0.084,0,0,1068457500,2003-11-10 20:45:00+11:00
-0.074,0,0,1068458400,2003-11-10 21:00:00+11:00
-0.024,0,0,1068459300,2003-11-10 21:15:00+11:00
-0.004,0,0,1068460200,2003-11-10 21:30:00+11:00
0.006,0,0,1068461100,2003-11-10 21:45:00+11:00
0.036,0,0,1068462000,2003-11-10 22:00:00+11:00
0.036,0,0,1068462900,2003-11-10 22:15:00+11:00
0.026,0,0,1068463800,2003-11-10 22:30:00+11:00
0.016,0,0,1068464700,2003-11-10 22:45:00+11:00
0.006,0,0,1068465600,2003-11-10 23:00:00+11:00
-0.024,0,0,1068466500,2003-11-10 23:15:00+11:00
-0.054,0,0,1068467400,2003-11-10 23:30:00+11:00
-0.094,0,0,1068468300,2003-11-10 23:45:00+11:00
-0.114,0,0,1068469200,2003-11-11 00:00:00+11:00
-0.194,0,0,1068470100,2003-11-11 00:15:00+11:00
-0.224,0,0,1068471000,2003-11-11 00:30:00+11:00
-0.254,0,0,1068471900,2003-11-11 00:45:00+11:00
-0.324,0,0,1068472800,2003-11-11 01:00:00+11:00
-0.374,0,0,1068473700,2003-11-11 01:15:00+11:00
-0.394,0,0,1068474600,2003-11-11 01:30:00+11:00
-0.454,0,0,1068475500,2003-11-11 01:45:00+11:00
-0.474,0,0,1068476400,2003-11-11 02:00:00+11:00
-0.504,0,0,1068477300,2003-11-11 02:15:00+11:00
-0.554,0,0,1068478200,2003-11-11 02:30:00+11:00
-0.564,0,0,1068479100,2003-11-11 02:45:00+11:00
-0.554,0,0,1068480000,2003-11-11 03:00:00+11:00
-0.594,0,0,1068480900,2003-11-11 03:15:00+11:00
-0.604,0,0,1068481800,2003-11-11 03:30:00+11:00
-0.604,0,0,1068482700,2003-11-11 03:45:00+11:00
-0.574,0,0,1068483600,2003-11-11 04:00:00+11:00
-0.564,0,0,1068484500,2003-11-11 04:15:00+11:00
-0.564,0,0,1068485400,2003-11-11 04:30:00+11:00
-0.544,0,0,1068486300,2003-11-11 04:45:00+11:00
-0.484,0,0,1068487200,2003-11-11 05:00:00+11:00
-0.444,0,0,1068488100,2003-11-11 05:15:00+11:00
-0.394,0,0,1068489000,2003-11-11 05:30:00+11:00
-0.344,0,0,1068489900,2003-11-11 05:45:00+11:00
-0.294,0,0,1068490800,2003-11-11 06:00:00+11:00
-0.234,0,0,1068491700,2003-11-11 06:15:00+11:00
-0.164,0,0,1068492600,2003-11-11 06:30:00+11:00
-0.094,0,0,1068493500,2003-11-11 06:45:00+11:00
-0.044,0,0,1068494400,2003-11-11 07:00:00+11:00
0.026,0,0,1068495300,2003-11-11 07:15:00+11:00
0.096,0,0,1068496200,2003-11-11 07:30:00+11:00
0.146,0,0,1068497100,2003-11-11 07:45:00+11:00
0.206,0,0,1068498000,2003-11-11 08:00:00+11:00
0.256,0,0,1068498900,2003-11-11 08:15:00+11:00
0.326,0,0,1068499800,2003-11-11 08:30:00+11:00
0.346,0,0,1068500700,2003-11-11 08:45:00+11:00
0.396,0,0,1068501600,2003-11-11 09:00:00+11:00
0.436,0,0,1068502500,2003-11-11 09:15:00+11:00
0.446,0,0,1068503400,2003-11-11 09:30:00+11:00
0.476,0,0,1068504300,2003-11-11 09:45:00+11:00
0.496,0,0,1068505200,2003-11-11 10:00:00+11:00
0.486,0,0,1068506100,2003-11-11 10:15:00+11:00
0.486,0,0,1068507000,2003-11-11 10:30:00+11:00
0.476,0,0,1068507900,2003-11-11 10:45:00+11:00
0.456,0,0,1068508800,2003-11-11 11:00:00+11:00
0.416,0,0,1068509700,2003-11-11 11:15:00+11:00
0.376,0,0,1068510600,2003-11-11 11:30:00+11:00
0.326,0,0,1068511500,2003-11-11 11:45:00+11:00
0.266,0,0,1068512400,2003-11-11 12:00:00+11:00
0.226,0,0,1068513300,2003-11-11 12:15:00+11:00
0.146,0,0,1068514200,2003-11-11 12:30:00+11:00
0.066,0,0,1068515100,2003-11-11 12:45:00+11:00
0.006,0,0,1068516000,2003-11-11 13:00:00+11:00
-0.074,0,0,1068516900,2003-11-11 13:15:00+11:00
-0.134,0,0,1068517800,2003-11-11 13:30:00+11:00
-0.234,0,0,1068518700,2003-11-11 13:45:00+11:00
-0.304,0,0,1068519600,2003-11-11 14:00:00+11:00
-0.354,0,0,1068520500,2003-11-11 14:15:00+11:00
-0.424,0,0,1068521400,2003-11-11 14:30:00+11:00
-0.504,0,0,1068522300,2003-11-11 14:45:00+11:00
-0.554,0,0,1068523200,2003-11-11 15:00:00+11:00
-0.584,0,0,1068524100,2003-11-11 15:15:00+11:00
-0.634,0,0,1068525000,2003-11-11 15:30:00+11:00
-0.694,0,0,1068525900,2003-11-11 15:45:00+11:00
-0.704,0,0,1068526800,2003-11-11 16:00:00+11:00
-0.724,0,0,1068527700,2003-11-11 16:15:00+11:00
-0.754,0,0,1068528600,2003-11-11 16:30:00+11:00
-0.754,0,0,1068529500,2003-11-11 16:45:00+11:00
-0.744,0,0,1068530400,2003-11-11 17:00:00+11:00
-0.754,0,0,1068531300,2003-11-11 17:15:00+11:00
-0.744,0,0,1068532200,2003-11-11 17:30:00+11:00
-0.724,0,0,1068533100,2003-11-11 17:45:00+11:00
-0.684,0,0,1068534000,2003-11-11 18:00:00+11:00
-0.654,0,0,1068534900,2003-11-11 18:15:00+11:00
-0.604,0,0,1068535800,2003-11-11 18:30:00+11:00
-0.594,0,0,1068536700,2003-11-11 18:45:00+11:00
-0.544,0,0,1068537600,2003-11-11 19:00:00+11:00
-0.474,0,0,1068538500,2003-11-11 19:15:00+11:00
-0.424,0,0,1068539400,2003-11-11 19:30:00+11:00
-0.374,0,0,1068540300,2003-11-11 19:45:00+11:00
-0.354,0,0,1068541200,2003-11-11 20:00:00+11:00
-0.284,0,0,1068542100,2003-11-11 20:15:00+11:00
-0.224,0,0,1068543000,2003-11-11 20:30:00+11:00
-0.174,0,0,1068543900,2003-11-11 20:45:00+11:00
-0.154,0,0,1068544800,2003-11-11 21:00:00+11:00
-0.134,0,0,1068545700,2003-11-11 21:15:00+11:00
-0.074,0,0,1068546600,2003-11-11 21:30:00+11:00
-0.014,0,0,1068547500,2003-11-11 21:45:00+11:00
-0.024,0,0,1068548400,2003-11-11 22:00:00+11:00
-0.024,0,0,1068549300,2003-11-11 22:15:00+11:00
0.026,0,0,1068550200,2003-11-11 22:30:00+11:00
0.046,0,0,1068551100,2003-11-11 22:45:00+11:00
0.036,0,0,1068552000,2003-11-11 23:00:00+11:00
0.026,0,0,1068552900,2003-11-11 23:15:00+11:00
-0.004,0,0,1068553800,2003-11-11 23:30:00+11:00
-0.004,0,0,1068554700,2003-11-11 23:45:00+11:00
-0.024,0,0,1068555600,2003-11-12 00:00:00+11:00
-0.034,0,0,1068556500,2003-11-12 00:15:00+11:00
-0.094,0,0,1068557400,2003-11-12 00:30:00+11:00
-0.134,0,0,1068558300,2003-11-12 00:45:00+11:00
-0.134,0,0,1068559200,2003-11-12 01:00:00+11:00
-0.194,0,0,1068560100,2003-11-12 01:15:00+11:00
-0.234,0,0,1068561000,2003-11-12 01:30:00+11:00
-0.294,0,0,1068561900,2003-11-12 01:45:00+11:00
-0.304,0,0,1068562800,2003-11-12 02:00:00+11:00
-0.344,0,0,1068563700,2003-11-12 02:15:00+11:00
-0.384,0,0,1068564600,2003-11-12 02:30:00+11:00
-0.404,0,0,1068565500,2003-11-12 02:45:00+11:00
-0.464,0,0,1068566400,2003-11-12 03:00:00+11:00
-0.434,0,0,1068567300,2003-11-12 03:15:00+11:00
-0.474,0,0,1068568200,2003-11-12 03:30:00+11:00
-0.484,0,0,1068569100,2003-11-12 03:45:00+11:00
-0.474,0,0,1068570000,2003-11-12 04:00:00+11:00
-0.514,0,0,1068570900,2003-11-12 04:15:00+11:00
-0.474,0,0,1068571800,2003-11-12 04:30:00+11:00
-0.454,0,0,1068572700,2003-11-12 04:45:00+11:00
-0.484,0,0,1068573600,2003-11-12 05:00:00+11:00
-0.424,0,0,1068574500,2003-11-12 05:15:00+11:00
-0.384,0,0,1068575400,2003-11-12 05:30:00+11:00
-0.374,0,0,1068576300,2003-11-12 05:45:00+11:00
-0.324,0,0,1068577200,2003-11-12 06:00:00+11:00
-0.254,0,0,1068578100,2003-11-12 06:15:00+11:00
-0.234,0,0,1068579000,2003-11-12 06:30:00+11:00
-0.174,0,0,1068579900,2003-11-12 06:45:00+11:00
-0.094,0,0,1068580800,2003-11-12 07:00:00+11:00
-0.054,0,0,1068581700,2003-11-12 07:15:00+11:00
0.016,0,0,1068582600,2003-11-12 07:30:00+11:00
0.086,0,0,1068583500,2003-11-12 07:45:00+11:00
0.106,0,0,1068584400,2003-11-12 08:00:00+11:00
0.176,0,0,1068585300,2003-11-12 08:15:00+11:00
0.256,0,0,1068586200,2003-11-12 08:30:00+11:00
0.306,0,0,1068587100,2003-11-12 08:45:00+11:00
0.366,0,0,1068588000,2003-11-12 09:00:00+11:00
0.376,0,0,1068588900,2003-11-12 09:15:00+11:00
0.436,0,0,1068589800,2003-11-12 09:30:00+11:00
0.486,0,0,1068590700,2003-11-12 09:45:00+11:00
0.486,0,0,1068591600,2003-11-12 10:00:00+11:00
0.526,0,0,1068592500,2003-11-12 10:15:00+11:00
0.536,0,0,1068593400,2003-11-12 10:30:00+11:00
0.516,0,0,1068594300,2003-11-12 10:45:00+11:00
0.536,0,0,1068595200,2003-11-12 11:00:00+11:00
0.516,0,0,1068596100,2003-11-12 11:15:00+11:00
0.506,0,0,1068597000,2003-11-12 11:30:00+11:00
0.486,0,0,1068597900,2003-11-12 11:45:00+11:00
0.416,0,0,1068598800,2003-11-12 12:00:00+11:00
0.396,0,0,1068599700,2003-11-12 12:15:00+11:00
0.336,0,0,1068600600,2003-11-12 12:30:00+11:00
0.286,0,0,1068601500,2003-11-12 12:45:00+11:00
0.216,0,0,1068602400,2003-11-12 13:00:00+11:00
0.156,0,0,1068603300,2003-11-12 13:15:00+11:00
0.076,0,0,1068604200,2003-11-12 13:30:00+11:00
0.016,0,0,1068605100,2003-11-12 13:45:00+11:00
-0.044,0,0,1068606000,2003-11-12 14:00:00+11:00
-0.124,0,0,1068606900,2003-11-12 14:15:00+11:00
-0.214,0,0,1068607800,2003-11-12 14:30:00+11:00
-0.264,0,0,1068608700,2003-11-12 14:45:00+11:00
-0.314,0,0,1068609600,2003-11-12 15:00:00+11:00
-0.374,0,0,1068610500,2003-11-12 15:15:00+11:00
-0.444,0,0,1068611400,2003-11-12 15:30:00+11:00
-0.494,0,0,1068612300,2003-11-12 15:45:00+11:00
-0.524,0,0,1068613200,2003-11-12 16:00:00+11:00
-0.554,0,0,1068614100,2003-11-12 16:15:00+11:00
-0.594,0,0,1068615000,2003-11-12 16:30:00+11:00
-0.644,0,0,1068615900,2003-11-12 16:45:00+11:00
-0.644,0,0,1068616800,2003-11-12 17:00:00+11:00
-0.654,0,0,1068617700,2003-11-12 17:15:00+11:00
-0.654,0,0,1068618600,2003-11-12 17:30:00+11:00
-0.684,0,0,1068619500,2003-11-12 17:45:00+11:00
-0.684,0,0,1068620400,2003-11-12 18:00:00+11:00
-0.644,0,0,1068621300,2003-11-12 18:15:00+11:00
-0.624,0,0,1068622200,2003-11-12 18:30:00+11:00
-0.604,0,0,1068623100,2003-11-12 18:45:00+11:00
-0.594,0,0,1068624000,2003-11-12 19:00:00+11:00
-0.544,0,0,1068624900,2003-11-12 19:15:00+11:00
-0.504,0,0,1068625800,2003-11-12 19:30:00+11:00
-0.464,0,0,1068626700,2003-11-12 19:45:00+11:00
-0.414,0,0,1068627600,2003-11-12 20:00:00+11:00
-0.384,0,0,1068628500,2003-11-12 20:15:00+11:00
-0.314,0,0,1068629400,2003-11-12 20:30:00+11:00
-0.264,0,0,1068630300,2003-11-12 20:45:00+11:00
-0.234,0,0,1068631200,2003-11-12 21:00:00+11:00
-0.194,0,0,1068632100,2003-11-12 21:15:00+11:00
-0.154,0,0,1068633000,2003-11-12 21:30:00+11:00
-0.094,0,0,1068633900,2003-11-12 21:45:00+11:00
-0.094,0,0,1068634800,2003-11-12 22:00:00+11:00
-0.054,0,0,1068635700,2003-11-12 22:15:00+11:00
-0.004,0,0,1068636600,2003-11-12 22:30:00+11:00
0.006,0,0,1068637500,2003-11-12 22:45:00+11:00
0.026,0,0,1068638400,2003-11-12 23:00:00+11:00
0.036,0,0,1068639300,2003-11-12 23:15:00+11:00
0.026,0,0,1068640200,2003-11-12 23:30:00+11:00
0.066,0,0,1068641100,2003-11-12 23:45:00+11:00
0.036,0,0,1068642000,2003-11-13 00:00:00+11:00
0.006,0,0,1068642900,2003-11-13 00:15:00+11:00
0.006,0,0,1068643800,2003-11-13 00:30:00+11:00
-0.044,0,0,1068644700,2003-11-13 00:45:00+11:00
-0.034,0,0,1068645600,2003-11-13 01:00:00+11:00
-0.074,0,0,1068646500,2003-11-13 01:15:00+11:00
-0.124,0,0,1068647400,2003-11-13 01:30:00+11:00
-0.164,0,0,1068648300,2003-11-13 01:45:00+11:00
-0.164,0,0,1068649200,2003-11-13 02:00:00+11:00
-0.194,0,0,1068650100,2003-11-13 02:15:00+11:00
-0.254,0,0,1068651000,2003-11-13 02:30:00+11:00
-0.284,0,0,1068651900,2003-11-13 02:45:00+11:00
-0.314,0,0,1068652800,2003-11-13 03:00:00+11:00
-0.384,0,0,1068653700,2003-11-13 03:15:00+11:00
-0.394,0,0,1068654600,2003-11-13 03:30:00+11:00
-0.454,0,0,1068655500,2003-11-13 03:45:00+11:00
-0.434,0,0,1068656400,2003-11-13 04:00:00+11:00
-0.444,0,0,1068657300,2003-11-13 04:15:00+11:00
-0.414,0,0,1068658200,2003-11-13 04:30:00+11:00
-0.444,0,0,1068659100,2003-11-13 04:45:00+11:00
-0.454,0,0,1068660000,2003-11-13 05:00:00+11:00
-0.434,0,0,1068660900,2003-11-13 05:15:00+11:00
-0.424,0,0,1068661800,2003-11-13 05:30:00+11:00
-0.374,0,0,1068662700,2003-11-13 05:45:00+11:00
-0.384,0,0,1068663600,2003-11-13 06:00:00+11:00
-0.354,0,0,1068664500,2003-11-13 06:15:00+11:00
-0.314,0,0,1068665400,2003-11-13 06:30:00+11:00
-0.264,0,0,1068666300,2003-11-13 06:45:00+11:00
-0.214,0,0,1068667200,2003-11-13 07:00:00+11:00
-0.194,0,0,1068668100,2003-11-13 07:15:00+11:00
-0.134,0,0,1068669000,2003-11-13 07:30:00+11:00
-0.064,0,0,1068669900,2003-11-13 07:45:00+11:00
-0.034,0,0,1068670800,2003-11-13 08:00:00+11:00
0.056,0,0,1068671700,2003-11-13 08:15:00+11:00
0.106,0,0,1068672600,2003-11-13 08:30:00+11:00
0.126,0,0,1068673500,2003-11-13 08:45:00+11:00
0.206,0,0,1068674400,2003-11-13 09:00:00+11:00
0.266,0,0,1068675300,2003-11-13 09:15:00+11:00
0.306,0,0,1068676200,2003-11-13 09:30:00+11:00
0.326,0,0,1068677100,2003-11-13 09:45:00+11:00
0.356,0,0,1068678000,2003-11-13 10:00:00+11:00
0.406,0,0,1068678900,2003-11-13 10:15:00+11:00
0.446,0,0,1068679800,2003-11-13 10:30:00+11:00
0.446,0,0,1068680700,2003-11-13 10:45:00+11:00
0.456,0,0,1068681600,2003-11-13 11:00:00+11:00
0.476,0,0,1068682500,2003-11-13 11:15:00+11:00
0.446,0,0,1068683400,2003-11-13 11:30:00+11:00
0.466,0,0,1068684300,2003-11-13 11:45:00+11:00
0.446,0,0,1068685200,2003-11-13 12:00:00+11:00
0.406,0,0,1068686100,2003-11-13 12:15:00+11:00
0.376,0,0,1068687000,2003-11-13 12:30:00+11:00
0.346,0,0,1068687900,2003-11-13 12:45:00+11:00
0.276,0,0,1068688800,2003-11-13 13:00:00+11:00
0.236,0,0,1068689700,2003-11-13 13:15:00+11:00
0.196,0,0,1068690600,2003-11-13 13:30:00+11:00
0.106,0,0,1068691500,2003-11-13 13:45:00+11:00
0.036,0,0,1068692400,2003-11-13 14:00:00+11:00
-0.004,0,0,1068693300,2003-11-13 14:15:00+11:00
-0.094,0,0,1068694200,2003-11-13 14:30:00+11:00
-0.174,0,0,1068695100,2003-11-13 14:45:00+11:00
-0.214,0,0,1068696000,2003-11-13 15:00:00+11:00
-0.294,0,0,1068696900,2003-11-13 15:15:00+11:00
-0.364,0,0,1068697800,2003-11-13 15:30:00+11:00
-0.414,0,0,1068698700,2003-11-13 15:45:00+11:00
-0.474,0,0,1068699600,2003-11-13 16:00:00+11:00
-0.544,0,0,1068700500,2003-11-13 16:15:00+11:00
-0.584,0,0,1068701400,2003-11-13 16:30:00+11:00
-0.614,0,0,1068702300,2003-11-13 16:45:00+11:00
-0.674,0,0,1068703200,2003-11-13 17:00:00+11:00
-0.714,0,0,1068704100,2003-11-13 17:15:00+11:00
-0.734,0,0,1068705000,2003-11-13 17:30:00+11:00
-0.754,0,0,1068705900,2003-11-13 17:45:00+11:00
-0.764,0,0,1068706800,2003-11-13 18:00:00+11:00
-0.774,0,0,1068707700,2003-11-13 18:15:00+11:00
-0.774,0,0,1068708600,2003-11-13 18:30:00+11:00
-0.764,0,0,1068709500,2003-11-13 18:45:00+11:00
-0.744,0,0,1068710400,2003-11-13 19:00:00+11:00
-0.734,0,0,1068711300,2003-11-13 19:15:00+11:00
-0.714,0,0,1068712200,2003-11-13 19:30:00+11:00
-0.674,0,0,1068713100,2003-11-13 19:45:00+11:00
-0.644,0,0,1068714000,2003-11-13 20:00:00+11:00
-0.604,0,0,1068714900,2003-11-13 20:15:00+11:00
-0.574,0,0,1068715800,2003-11-13 20:30:00+11:00
-0.524,0,0,1068716700,2003-11-13 20:45:00+11:00
-0.484,0,0,1068717600,2003-11-13 21:00:00+11:00
-0.434,0,0,1068718500,2003-11-13 21:15:00+11:00
-0.404,0,0,1068719400,2003-11-13 21:30:00+11:00
-0.374,0,0,1068720300,2003-11-13 21:45:00+11:00
-0.314,0,0,1068721200,2003-11-13 22:00:00+11:00
-0.274,0,0,1068722100,2003-11-13 22:15:00+11:00
-0.264,0,0,1068723000,2003-11-13 22:30:00+11:00
-0.224,0,0,1068723900,2003-11-13 22:45:00+11:00
-0.184,0,0,1068724800,2003-11-13 23:00:00+11:00
-0.164,0,0,1068725700,2003-11-13 23:15:00+11:00
-0.124,0,0,1068726600,2003-11-13 23:30:00+11:00
-0.124,0,0,1068727500,2003-11-13 23:45:00+11:00
-0.134,0,0,1068728400,2003-11-14 00:00:00+11:00
-0.084,0,0,1068729300,2003-11-14 00:15:00+11:00
-0.094,0,0,1068730200,2003-11-14 00:30:00+11:00
-0.104,0,0,1068731100,2003-11-14 00:45:00+11:00
-0.114,0,0,1068732000,2003-11-14 01:00:00+11:00
-0.124,0,0,1068732900,2003-11-14 01:15:00+11:00
-0.154,0,0,1068733800,2003-11-14 01:30:00+11:00
-0.154,0,0,1068734700,2003-11-14 01:45:00+11:00
-0.194,0,0,1068735600,2003-11-14 02:00:00+11:00
-0.244,0,0,1068736500,2003-11-14 02:15:00+11:00
-0.254,0,0,1068737400,2003-11-14 02:30:00+11:00
-0.294,0,0,1068738300,2003-11-14 02:45:00+11:00
-0.324,0,0,1068739200,2003-11-14 03:00:00+11:00
-0.344,0,0,1068740100,2003-11-14 03:15:00+11:00
-0.374,0,0,1068741000,2003-11-14 03:30:00+11:00
-0.414,0,0,1068741900,2003-11-14 03:45:00+11:00
-0.424,0,0,1068742800,2003-11-14 04:00:00+11:00
-0.434,0,0,1068743700,2003-11-14 04:15:00+11:00
-0.474,0,0,1068744600,2003-11-14 04:30:00+11:00
-0.494,0,0,1068745500,2003-11-14 04:45:00+11:00
-0.484,0,0,1068746400,2003-11-14 05:00:00+11:00
-0.494,0,0,1068747300,2003-11-14 05:15:00+11:00
-0.504,0,0,1068748200,2003-11-14 05:30:00+11:00
-0.484,0,0,1068749100,2003-11-14 05:45:00+11:00
-0.484,0,0,1068750000,2003-11-14 06:00:00+11:00
-0.484,0,0,1068750900,2003-11-14 06:15:00+11:00
-0.454,0,0,1068751800,2003-11-14 06:30:00+11:00
-0.434,0,0,1068752700,2003-11-14 06:45:00+11:00
-0.394,0,0,1068753600,2003-11-14 07:00:00+11:00
-0.354,0,0,1068754500,2003-11-14 07:15:00+11:00
-0.344,0,0,1068755400,2003-11-14 07:30:00+11:00
-0.274,0,0,1068756300,2003-11-14 07:45:00+11:00
-0.234,0,0,1068757200,2003-11-14 08:00:00+11:00
-0.174,0,0,1068758100,2003-11-14 08:15:00+11:00
-0.124,0,0,1068759000,2003-11-14 08:30:00+11:00
-0.094,0,0,1068759900,2003-11-14 08:45:00+11:00
-0.024,0,0,1068760800,2003-11-14 09:00:00+11:00
0.016,0,0,1068761700,2003-11-14 09:15:00+11:00
0.086,0,0,1068762600,2003-11-14 09:30:00+11:00
0.126,0,0,1068763500,2003-11-14 09:45:00+11:00
0.166,0,0,1068764400,2003-11-14 10:00:00+11:00
0.216,0,0,1068765300,2003-11-14 10:15:00+11:00
0.256,0,0,1068766200,2003-11-14 10:30:00+11:00
0.286,0,0,1068767100,2003-11-14 10:45:00+11:00
0.306,0,0,1068768000,2003-11-14 11:00:00+11:00
0.336,0,0,1068768900,2003-11-14 11:15:00+11:00
0.326,0,0,1068769800,2003-11-14 11:30:00+11:00
0.366,0,0,1068770700,2003-11-14 11:45:00+11:00
0.386,0,0,1068771600,2003-11-14 12:00:00+11:00
0.346,0,0,1068772500,2003-11-14 12:15:00+11:00
0.326,0,0,1068773400,2003-11-14 12:30:00+11:00
0.336,0,0,1068774300,2003-11-14 12:45:00+11:00
0.316,0,0,1068775200,2003-11-14 13:00:00+11:00
0.276,0,0,1068776100,2003-11-14 13:15:00+11:00
0.216,0,0,1068777000,2003-11-14 13:30:00+11:00
0.186,0,0,1068777900,2003-11-14 13:45:00+11:00
0.136,0,0,1068778800,2003-11-14 14:00:00+11:00
0.096,0,0,1068779700,2003-11-14 14:15:00+11:00
0.016,0,0,1068780600,2003-11-14 14:30:00+11:00
-0.044,0,0,1068781500,2003-11-14 14:45:00+11:00
-0.104,0,0,1068782400,2003-11-14 15:00:00+11:00
-0.164,0,0,1068783300,2003-11-14 15:15:00+11:00
-0.214,0,0,1068784200,2003-11-14 15:30:00+11:00
-0.284,0,0,1068785100,2003-11-14 15:45:00+11:00
-0.354,0,0,1068786000,2003-11-14 16:00:00+11:00
-0.414,0,0,1068786900,2003-11-14 16:15:00+11:00
-0.454,0,0,1068787800,2003-11-14 16:30:00+11:00
-0.504,0,0,1068788700,2003-11-14 16:45:00+11:00
-0.584,0,0,1068789600,2003-11-14 17:00:00+11:00
-0.624,0,0,1068790500,2003-11-14 17:15:00+11:00
-0.644,0,0,1068791400,2003-11-14 17:30:00+11:00
-0.694,0,0,1068792300,2003-11-14 17:45:00+11:00
-0.714,0,0,1068793200,2003-11-14 18:00:00+11:00
-0.744,0,0,1068794100,2003-11-14 18:15:00+11:00
-0.774,0,0,1068795000,2003-11-14 18:30:00+11:00
-0.764,0,0,1068795900,2003-11-14 18:45:00+11:00
-0.764,0,0,1068796800,2003-11-14 19:00:00+11:00
-0.774,0,0,1068797700,2003-11-14 19:15:00+11:00
-0.804,0,0,1068798600,2003-11-14 19:30:00+11:00
-0.744,0,0,1068799500,2003-11-14 19:45:00+11:00
-0.734,0,0,1068800400,2003-11-14 20:00:00+11:00
-0.704,0,0,1068801300,2003-11-14 20:15:00+11:00
-0.694,0,0,1068802200,2003-11-14 20:30:00+11:00
-0.674,0,0,1068803100,2003-11-14 20:45:00+11:00
-0.614,0,0,1068804000,2003-11-14 21:00:00+11:00
-0.574,0,0,1068804900,2003-11-14 21:15:00+11:00
-0.534,0,0,1068805800,2003-11-14 21:30:00+11:00
-0.534,0,0,1068806700,2003-11-14 21:45:00+11:00
-0.454,0,0,1068807600,2003-11-14 22:00:00+11:00
-0.414,0,0,1068808500,2003-11-14 22:15:00+11:00
-0.394,0,0,1068809400,2003-11-14 22:30:00+11:00
-0.344,0,0,1068810300,2003-11-14 22:45:00+11:00
-0.314,0,0,1068811200,2003-11-14 23:00:00+11:00
-0.284,0,0,1068812100,2003-11-14 23:15:00+11:00
-0.224,0,0,1068813000,2003-11-14 23:30:00+11:00
-0.204,0,0,1068813900,2003-11-14 23:45:00+11:00
-0.174,0,0,1068814800,2003-11-15 00:00:00+11:00
-0.164,0,0,1068815700,2003-11-15 00:15:00+11:00
-0.114,0,0,1068816600,2003-11-15 00:30:00+11:00
-0.124,0,0,1068817500,2003-11-15 00:45:00+11:00
-0.114,0,0,1068818400,2003-11-15 01:00:00+11:00
-0.104,0,0,1068819300,2003-11-15 01:15:00+11:00
-0.124,0,0,1068820200,2003-11-15 01:30:00+11:00
-0.104,0,0,1068821100,2003-11-15 01:45:00+11:00
-0.114,0,0,1068822000,2003-11-15 02:00:00+11:00
-0.134,0,0,1068822900,2003-11-15 02:15:00+11:00
-0.174,0,0,1068823800,2003-11-15 02:30:00+11:00
-0.174,0,0,1068824700,2003-11-15 02:45:00+11:00
-0.194,0,0,1068825600,2003-11-15 03:00:00+11:00
-0.214,0,0,1068826500,2003-11-15 03:15:00+11:00
-0.244,0,0,1068827400,2003-11-15 03:30:00+11:00
-0.284,0,0,1068828300,2003-11-15 03:45:00+11:00
-0.294,0,0,1068829200,2003-11-15 04:00:00+11:00
-0.324,0,0,1068830100,2003-11-15 04:15:00+11:00
-0.354,0,0,1068831000,2003-11-15 04:30:00+11:00
-0.364,0,0,1068831900,2003-11-15 04:45:00+11:00
-0.374,0,0,1068832800,2003-11-15 05:00:00+11:00
-0.424,0,0,1068833700,2003-11-15 05:15:00+11:00
-0.404,0,0,1068834600,2003-11-15 05:30:00+11:00
-0.424,0,0,1068835500,2003-11-15 05:45:00+11:00
-0.424,0,0,1068836400,2003-11-15 06:00:00+11:00
-0.434,0,0,1068837300,2003-11-15 06:15:00+11:00
-0.424,0,0,1068838200,2003-11-15 06:30:00+11:00
-0.404,0,0,1068839100,2003-11-15 06:45:00+11:00
-0.414,0,0,1068840000,2003-11-15 07:00:00+11:00
-0.384,0,0,1068840900,2003-11-15 07:15:00+11:00
-0.384,0,0,1068841800,2003-11-15 07:30:00+11:00
-0.344,0,0,1068842700,2003-11-15 07:45:00+11:00
-0.294,0,0,1068843600,2003-11-15 08:00:00+11:00
-0.274,0,0,1068844500,2003-11-15 08:15:00+11:00
-0.244,0,0,1068845400,2003-11-15 08:30:00+11:00
-0.174,0,0,1068846300,2003-11-15 08:45:00+11:00
-0.124,0,0,1068847200,2003-11-15 09:00:00+11:00
-0.114,0,0,1068848100,2003-11-15 09:15:00+11:00
-0.044,0,0,1068849000,2003-11-15 09:30:00+11:00
0.016,0,0,1068849900,2003-11-15 09:45:00+11:00
0.056,0,0,1068850800,2003-11-15 10:00:00+11:00
0.096,0,0,1068851700,2003-11-15 10:15:00+11:00
0.126,0,0,1068852600,2003-11-15 10:30:00+11:00
0.186,0,0,1068853500,2003-11-15 10:45:00+11:00
0.226,0,0,1068854400,2003-11-15 11:00:00+11:00
0.246,0,0,1068855300,2003-11-15 11:15:00+11:00
0.276,0,0,1068856200,2003-11-15 11:30:00+11:00
0.296,0,0,1068857100,2003-11-15 11:45:00+11:00
0.356,0,0,1068858000,2003-11-15 12:00:00+11:00
0.346,0,0,1068858900,2003-11-15 12:15:00+11:00
0.366,0,0,1068859800,2003-11-15 12:30:00+11:00
0.376,0,0,1068860700,2003-11-15 12:45:00+11:00
0.376,0,0,1068861600,2003-11-15 13:00:00+11:00
0.356,0,0,1068862500,2003-11-15 13:15:00+11:00
0.376,0,0,1068863400,2003-11-15 13:30:00+11:00
0.316,0,0,1068864300,2003-11-15 13:45:00+11:00
0.306,0,0,1068865200,2003-11-15 14:00:00+11:00
0.266,0,0,1068866100,2003-11-15 14:15:00+11:00
0.246,0,0,1068867000,2003-11-15 14:30:00+11:00
0.206,0,0,1068867900,2003-11-15 14:45:00+11:00
0.116,0,0,1068868800,2003-11-15 15:00:00+11:00
0.086,0,0,1068869700,2003-11-15 15:15:00+11:00
0.036,0,0,1068870600,2003-11-15 15:30:00+11:00
0.006,0,0,1068871500,2003-11-15 15:45:00+11:00
-0.094,0,0,1068872400,2003-11-15 16:00:00+11:00
-0.114,0,0,1068873300,2003-11-15 16:15:00+11:00
-0.184,0,0,1068874200,2003-11-15 16:30:00+11:00
-0.234,0,0,1068875100,2003-11-15 16:45:00+11:00
-0.284,0,0,1068876000,2003-11-15 17:00:00+11:00
-0.344,0,0,1068876900,2003-11-15 17:15:00+11:00
-0.384,0,0,1068877800,2003-11-15 17:30:00+11:00
-0.434,0,0,1068878700,2003-11-15 17:45:00+11:00
-0.474,0,0,1068879600,2003-11-15 18:00:00+11:00
-0.504,0,0,1068880500,2003-11-15 18:15:00+11:00
-0.554,0,0,1068881400,2003-11-15 18:30:00+11:00
-0.564,0,0,1068882300,2003-11-15 18:45:00+11:00
-0.614,0,0,1068883200,2003-11-15 19:00:00+11:00
-0.614,0,0,1068884100,2003-11-15 19:15:00+11:00
-0.624,0,0,1068885000,2003-11-15 19:30:00+11:00
-0.634,0,0,1068885900,2003-11-15 19:45:00+11:00
-0.634,0,0,1068886800,2003-11-15 20:00:00+11:00
-0.644,0,0,1068887700,2003-11-15 20:15:00+11:00
-0.624,0,0,1068888600,2003-11-15 20:30:00+11:00
-0.614,0,0,1068889500,2003-11-15 20:45:00+11:00
-0.584,0,0,1068890400,2003-11-15 21:00:00+11:00
-0.574,0,0,1068891300,2003-11-15 21:15:00+11:00
-0.534,0,0,1068892200,2003-11-15 21:30:00+11:00
-0.524,0,0,1068893100,2003-11-15 21:45:00+11:00
-0.494,0,0,1068894000,2003-11-15 22:00:00+11:00
-0.404,0,0,1068894900,2003-11-15 22:15:00+11:00
-0.414,0,0,1068895800,2003-11-15 22:30:00+11:00
-0.404,0,0,1068896700,2003-11-15 22:45:00+11:00
-0.334,0,0,1068897600,2003-11-15 23:00:00+11:00
-0.274,0,0,1068898500,2003-11-15 23:15:00+11:00
-0.274,0,0,1068899400,2003-11-15 23:30:00+11:00
-0.234,0,0,1068900300,2003-11-15 23:45:00+11:00
-0.194,0,0,1068901200,2003-11-16 00:00:00+11:00
-0.174,0,0,1068902100,2003-11-16 00:15:00+11:00
-0.114,0,0,1068903000,2003-11-16 00:30:00+11:00
-0.104,0,0,1068903900,2003-11-16 00:45:00+11:00
-0.124,0,0,1068904800,2003-11-16 01:00:00+11:00
-0.094,0,0,1068905700,2003-11-16 01:15:00+11:00
-0.034,0,0,1068906600,2003-11-16 01:30:00+11:00
-0.054,0,0,1068907500,2003-11-16 01:45:00+11:00
-0.064,0,0,1068908400,2003-11-16 02:00:00+11:00
-0.064,0,0,1068909300,2003-11-16 02:15:00+11:00
-0.054,0,0,1068910200,2003-11-16 02:30:00+11:00
-0.054,0,0,1068911100,2003-11-16 02:45:00+11:00
-0.044,0,0,1068912000,2003-11-16 03:00:00+11:00
-0.094,0,0,1068912900,2003-11-16 03:15:00+11:00
-0.144,0,0,1068913800,2003-11-16 03:30:00+11:00
-0.094,0,0,1068914700,2003-11-16 03:45:00+11:00
-0.134,0,0,1068915600,2003-11-16 04:00:00+11:00
-0.174,0,0,1068916500,2003-11-16 04:15:00+11:00
-0.214,0,0,1068917400,2003-11-16 04:30:00+11:00
-0.234,0,0,1068918300,2003-11-16 04:45:00+11:00
-0.194,0,0,1068919200,2003-11-16 05:00:00+11:00
-0.274,0,0,1068920100,2003-11-16 05:15:00+11:00
-0.294,0,0,1068921000,2003-11-16 05:30:00+11:00
-0.304,0,0,1068921900,2003-11-16 05:45:00+11:00
-0.294,0,0,1068922800,2003-11-16 06:00:00+11:00
-0.344,0,0,1068923700,2003-11-16 06:15:00+11:00
-0.324,0,0,1068924600,2003-11-16 06:30:00+11:00
-0.354,0,0,1068925500,2003-11-16 06:45:00+11:00
-0.364,0,0,1068926400,2003-11-16 07:00:00+11:00
-0.354,0,0,1068927300,2003-11-16 07:15:00+11:00
-0.364,0,0,1068928200,2003-11-16 07:30:00+11:00
-0.304,0,0,1068929100,2003-11-16 07:45:00+11:00
-0.334,0,0,1068930000,2003-11-16 08:00:00+11:00
-0.304,0,0,1068930900,2003-11-16 08:15:00+11:00
-0.274,0,0,1068931800,2003-11-16 08:30:00+11:00
-0.294,0,0,1068932700,2003-11-16 08:45:00+11:00
-0.194,0,0,1068933600,2003-11-16 09:00:00+11:00
-0.194,0,0,1068934500,2003-11-16 09:15:00+11:00
-0.174,0,0,1068935400,2003-11-16 09:30:00+11:00
-0.134,0,0,1068936300,2003-11-16 09:45:00+11:00
-0.044,0,0,1068937200,2003-11-16 10:00:00+11:00
-0.024,0,0,1068938100,2003-11-16 10:15:00+11:00
0.016,0,0,1068939000,2003-11-16 10:30:00+11:00
0.026,0,0,1068939900,2003-11-16 10:45:00+11:00
0.066,0,0,1068940800,2003-11-16 11:00:00+11:00
0.146,0,0,1068941700,2003-11-16 11:15:00+11:00
0.156,0,0,1068942600,2003-11-16 11:30:00+11:00
0.206,0,0,1068943500,2003-11-16 11:45:00+11:00
0.216,0,0,1068944400,2003-11-16 12:00:00+11:00
0.266,0,0,1068945300,2003-11-16 12:15:00+11:00
0.316,0,0,1068946200,2003-11-16 12:30:00+11:00
0.316,0,0,1068947100,2003-11-16 12:45:00+11:00
0.306,0,0,1068948000,2003-11-16 13:00:00+11:00
0.346,0,0,1068948900,2003-11-16 13:15:00+11:00
0.356,0,0,1068949800,2003-11-16 13:30:00+11:00
0.366,0,0,1068950700,2003-11-16 13:45:00+11:00
0.356,0,0,1068951600,2003-11-16 14:00:00+11:00
0.296,0,0,1068952500,2003-11-16 14:15:00+11:00
0.306,0,0,1068953400,2003-11-16 14:30:00+11:00
0.316,0,0,1068954300,2003-11-16 14:45:00+11:00
0.226,0,0,1068955200,2003-11-16 15:00:00+11:00
0.206,0,0,1068956100,2003-11-16 15:15:00+11:00
0.166,0,0,1068957000,2003-11-16 15:30:00+11:00
0.126,0,0,1068957900,2003-11-16 15:45:00+11:00
0.076,0,0,1068958800,2003-11-16 16:00:00+11:00
0.066,0,0,1068959700,2003-11-16 16:15:00+11:00
-0.074,0,0,1068960600,2003-11-16 16:30:00+11:00
-0.074,0,0,1068961500,2003-11-16 16:45:00+11:00
-0.134,0,0,1068962400,2003-11-16 17:00:00+11:00
-0.164,0,0,1068963300,2003-11-16 17:15:00+11:00
-0.244,0,0,1068964200,2003-11-16 17:30:00+11:00
-0.324,0,0,1068965100,2003-11-16 17:45:00+11:00
-0.324,0,0,1068966000,2003-11-16 18:00:00+11:00
-0.454,0,0,1068966900,2003-11-16 18:15:00+11:00
-0.434,0,0,1068967800,2003-11-16 18:30:00+11:00
-0.544,0,0,1068968700,2003-11-16 18:45:00+11:00
-0.574,0,0,1068969600,2003-11-16 19:00:00+11:00
-0.534,0,0,1068970500,2003-11-16 19:15:00+11:00
-0.684,0,0,1068971400,2003-11-16 19:30:00+11:00
-0.664,0,0,1068972300,2003-11-16 19:45:00+11:00
-0.704,0,0,1068973200,2003-11-16 20:00:00+11:00
-0.664,0,0,1068974100,2003-11-16 20:15:00+11:00
-0.704,0,0,1068975000,2003-11-16 20:30:00+11:00
-0.754,0,0,1068975900,2003-11-16 20:45:00+11:00
-0.744,0,0,1068976800,2003-11-16 21:00:00+11:00
-0.734,0,0,1068977700,2003-11-16 21:15:00+11:00
-0.714,0,0,1068978600,2003-11-16 21:30:00+11:00
-0.694,0,0,1068979500,2003-11-16 21:45:00+11:00
-0.704,0,0,1068980400,2003-11-16 22:00:00+11:00
-0.714,0,0,1068981300,2003-11-16 22:15:00+11:00
-0.604,0,0,1068982200,2003-11-16 22:30:00+11:00
-0.644,0,0,1068983100,2003-11-16 22:45:00+11:00
-0.564,0,0,1068984000,2003-11-16 23:00:00+11:00
-0.564,0,0,1068984900,2003-11-16 23:15:00+11:00
-0.584,0,0,1068985800,2003-11-16 23:30:00+11:00
-0.444,0,0,1068986700,2003-11-16 23:45:00+11:00
-0.424,0,0,1068987600,2003-11-17 00:00:00+11:00
-0.414,0,0,1068988500,2003-11-17 00:15:00+11:00
-0.424,0,0,1068989400,2003-11-17 00:30:00+11:00
-0.304,0,0,1068990300,2003-11-17 00:45:00+11:00
-0.284,0,0,1068991200,2003-11-17 01:00:00+11:00
-0.294,0,0,1068992100,2003-11-17 01:15:00+11:00
-0.214,0,0,1068993000,2003-11-17 01:30:00+11:00
-0.234,0,0,1068993900,2003-11-17 01:45:00+11:00
-0.184,0,0,1068994800,2003-11-17 02:00:00+11:00
-0.184,0,0,1068995700,2003-11-17 02:15:00+11:00
-0.134,0,0,1068996600,2003-11-17 02:30:00+11:00
-0.144,0,0,1068997500,2003-11-17 02:45:00+11:00
-0.174,0,0,1068998400,2003-11-17 03:00:00+11:00
-0.124,0,0,1068999300,2003-11-17 03:15:00+11:00
-0.144,0,0,1069000200,2003-11-17 03:30:00+11:00
-0.154,0,0,1069001100,2003-11-17 03:45:00+11:00
-0.174,0,0,1069002000,2003-11-17 04:00:00+11:00
-0.194,0,0,1069002900,2003-11-17 04:15:00+11:00
-0.174,0,0,1069003800,2003-11-17 04:30:00+11:00
-0.214,0,0,1069004700,2003-11-17 04:45:00+11:00
-0.244,0,0,1069005600,2003-11-17 05:00:00+11:00
-0.274,0,0,1069006500,2003-11-17 05:15:00+11:00
-0.274,0,0,1069007400,2003-11-17 05:30:00+11:00
-0.324,0,0,1069008300,2003-11-17 05:45:00+11:00
-0.304,0,0,1069009200,2003-11-17 06:00:00+11:00
-0.364,0,0,1069010100,2003-11-17 06:15:00+11:00
-0.404,0,0,1069011000,2003-11-17 06:30:00+11:00
-0.374,0,0,1069011900,2003-11-17 06:45:00+11:00
-0.424,0,0,1069012800,2003-11-17 07:00:00+11:00
-0.434,0,0,1069013700,2003-11-17 07:15:00+11:00
-0.474,0,0,1069014600,2003-11-17 07:30:00+11:00
-0.464,0,0,1069015500,2003-11-17 07:45:00+11:00
-0.474,0,0,1069016400,2003-11-17 08:00:00+11:00
-0.464,0,0,1069017300,2003-11-17 08:15:00+11:00
-0.474,0,0,1069018200,2003-11-17 08:30:00+11:00
-0.474,0,0,1069019100,2003-11-17 08:45:00+11:00
-0.484,0,0,1069020000,2003-11-17 09:00:00+11:00
-0.424,0,0,1069020900,2003-11-17 09:15:00+11:00
-0.414,0,0,1069021800,2003-11-17 09:30:00+11:00
-0.414,0,0,1069022700,2003-11-17 09:45:00+11:00
-0.384,0,0,1069023600,2003-11-17 10:00:00+11:00
-0.334,0,0,1069024500,2003-11-17 10:15:00+11:00
-0.324,0,0,1069025400,2003-11-17 10:30:00+11:00
-0.284,0,0,1069026300,2003-11-17 10:45:00+11:00
-0.244,0,0,1069027200,2003-11-17 11:00:00+11:00
-0.234,0,0,1069028100,2003-11-17 11:15:00+11:00
-0.154,0,0,1069029000,2003-11-17 11:30:00+11:00
-0.144,0,0,1069029900,2003-11-17 11:45:00+11:00
-0.114,0,0,1069030800,2003-11-17 12:00:00+11:00
-0.054,0,0,1069031700,2003-11-17 12:15:00+11:00
-0.044,0,0,1069032600,2003-11-17 12:30:00+11:00
-0.004,0,0,1069033500,2003-11-17 12:45:00+11:00
0.036,0,0,1069034400,2003-11-17 13:00:00+11:00
0.036,0,0,1069035300,2003-11-17 13:15:00+11:00
0.066,0,0,1069036200,2003-11-17 13:30:00+11:00
0.106,0,0,1069037100,2003-11-17 13:45:00+11:00
0.116,0,0,1069038000,2003-11-17 14:00:00+11:00
0.106,0,0,1069038900,2003-11-17 14:15:00+11:00
0.126,0,0,1069039800,2003-11-17 14:30:00+11:00
0.106,0,0,1069040700,2003-11-17 14:45:00+11:00
0.116,0,0,1069041600,2003-11-17 15:00:00+11:00
0.106,0,0,1069042500,2003-11-17 15:15:00+11:00
0.046,0,0,1069043400,2003-11-17 15:30:00+11:00
0.056,0,0,1069044300,2003-11-17 15:45:00+11:00
0.036,0,0,1069045200,2003-11-17 16:00:00+11:00
0.006,0,0,1069046100,2003-11-17 16:15:00+11:00
-0.064,0,0,1069047000,2003-11-17 16:30:00+11:00
-0.104,0,0,1069047900,2003-11-17 16:45:00+11:00
-0.114,0,0,1069048800,2003-11-17 17:00:00+11:00
-0.184,0,0,1069049700,2003-11-17 17:15:00+11:00
-0.214,0,0,1069050600,2003-11-17 17:30:00+11:00
-0.304,0,0,1069051500,2003-11-17 17:45:00+11:00
-0.364,0,0,1069052400,2003-11-17 18:00:00+11:00
-0.374,0,0,1069053300,2003-11-17 18:15:00+11:00
-0.434,0,0,1069054200,2003-11-17 18:30:00+11:00
-0.534,0,0,1069055100,2003-11-17 18:45:00+11:00
-0.574,0,0,1069056000,2003-11-17 19:00:00+11:00
-0.604,0,0,1069056900,2003-11-17 19:15:00+11:00
-0.664,0,0,1069057800,2003-11-17 19:30:00+11:00
-0.674,0,0,1069058700,2003-11-17 19:45:00+11:00
-0.744,0,0,1069059600,2003-11-17 20:00:00+11:00
-0.824,0,0,1069060500,2003-11-17 20:15:00+11:00
-0.784,0,0,1069061400,2003-11-17 20:30:00+11:00
-0.834,0,0,1069062300,2003-11-17 20:45:00+11:00
-0.884,0,0,1069063200,2003-11-17 21:00:00+11:00
-0.894,0,0,1069064100,2003-11-17 21:15:00+11:00
-0.884,0,0,1069065000,2003-11-17 21:30:00+11:00
-0.884,0,0,1069065900,2003-11-17 21:45:00+11:00
-0.914,0,0,1069066800,2003-11-17 22:00:00+11:00
-0.904,0,0,1069067700,2003-11-17 22:15:00+11:00
-0.864,0,0,1069068600,2003-11-17 22:30:00+11:00
-0.854,0,0,1069069500,2003-11-17 22:45:00+11:00
-0.824,0,0,1069070400,2003-11-17 23:00:00+11:00
-0.834,0,0,1069071300,2003-11-17 23:15:00+11:00
-0.784,0,0,1069072200,2003-11-17 23:30:00+11:00
-0.724,0,0,1069073100,2003-11-17 23:45:00+11:00
-0.704,0,0,1069074000,2003-11-18 00:00:00+11:00
-0.674,0,0,1069074900,2003-11-18 00:15:00+11:00
-0.644,0,0,1069075800,2003-11-18 00:30:00+11:00
-0.564,0,0,1069076700,2003-11-18 00:45:00+11:00
-0.524,0,0,1069077600,2003-11-18 01:00:00+11:00
-0.484,0,0,1069078500,2003-11-18 01:15:00+11:00
-0.454,0,0,1069079400,2003-11-18 01:30:00+11:00
-0.454,0,0,1069080300,2003-11-18 01:45:00+11:00
-0.344,0,0,1069081200,2003-11-18 02:00:00+11:00
-0.314,0,0,1069082100,2003-11-18 02:15:00+11:00
-0.304,0,0,1069083000,2003-11-18 02:30:00+11:00
-0.274,0,0,1069083900,2003-11-18 02:45:00+11:00
-0.234,0,0,1069084800,2003-11-18 03:00:00+11:00
-0.194,0,0,1069085700,2003-11-18 03:15:00+11:00
-0.194,0,0,1069086600,2003-11-18 03:30:00+11:00
-0.184,0,0,1069087500,2003-11-18 03:45:00+11:00
-0.194,0,0,1069088400,2003-11-18 04:00:00+11:00
-0.164,0,0,1069089300,2003-11-18 04:15:00+11:00
-0.134,0,0,1069090200,2003-11-18 04:30:00+11:00
-0.204,0,0,1069091100,2003-11-18 04:45:00+11:00
-0.204,0,0,1069092000,2003-11-18 05:00:00+11:00
-0.204,0,0,1069092900,2003-11-18 05:15:00+11:00
-0.184,0,0,1069093800,2003-11-18 05:30:00+11:00
-0.254,0,0,1069094700,2003-11-18 05:45:00+11:00
-0.274,0,0,1069095600,2003-11-18 06:00:00+11:00
-0.294,0,0,1069096500,2003-11-18 06:15:00+11:00
-0.334,0,0,1069097400,2003-11-18 06:30:00+11:00
-0.354,0,0,1069098300,2003-11-18 06:45:00+11:00
-0.384,0,0,1069099200,2003-11-18 07:00:00+11:00
-0.414,0,0,1069100100,2003-11-18 07:15:00+11:00
-0.464,0,0,1069101000,2003-11-18 07:30:00+11:00
-0.474,0,0,1069101900,2003-11-18 07:45:00+11:00
-0.474,0,0,1069102800,2003-11-18 08:00:00+11:00
-0.544,0,0,1069103700,2003-11-18 08:15:00+11:00
-0.514,0,0,1069104600,2003-11-18 08:30:00+11:00
-0.544,0,0,1069105500,2003-11-18 08:45:00+11:00
-0.574,0,0,1069106400,2003-11-18 09:00:00+11:00
-0.544,0,0,1069107300,2003-11-18 09:15:00+11:00
-0.554,0,0,1069108200,2003-11-18 09:30:00+11:00
-0.554,0,0,1069109100,2003-11-18 09:45:00+11:00
-0.554,0,0,1069110000,2003-11-18 10:00:00+11:00
-0.544,0,0,1069110900,2003-11-18 10:15:00+11:00
-0.534,0,0,1069111800,2003-11-18 10:30:00+11:00
-0.494,0,0,1069112700,2003-11-18 10:45:00+11:00
-0.474,0,0,1069113600,2003-11-18 11:00:00+11:00
-0.474,0,0,1069114500,2003-11-18 11:15:00+11:00
-0.424,0,0,1069115400,2003-11-18 11:30:00+11:00
-0.384,0,0,1069116300,2003-11-18 11:45:00+11:00
-0.324,0,0,1069117200,2003-11-18 12:00:00+11:00
-0.314,0,0,1069118100,2003-11-18 12:15:00+11:00
-0.274,0,0,1069119000,2003-11-18 12:30:00+11:00
-0.244,0,0,1069119900,2003-11-18 12:45:00+11:00
-0.164,0,0,1069120800,2003-11-18 13:00:00+11:00
-0.104,0,0,1069121700,2003-11-18 13:15:00+11:00
-0.104,0,0,1069122600,2003-11-18 13:30:00+11:00
-0.094,0,0,1069123500,2003-11-18 13:45:00+11:00
-0.034,0,0,1069124400,2003-11-18 14:00:00+11:00
0.016,0,0,1069125300,2003-11-18 14:15:00+11:00
0.066,0,0,1069126200,2003-11-18 14:30:00+11:00
0.056,0,0,1069127100,2003-11-18 14:45:00+11:00
0.046,0,0,1069128000,2003-11-18 15:00:00+11:00
0.106,0,0,1069128900,2003-11-18 15:15:00+11:00
0.136,0,0,1069129800,2003-11-18 15:30:00+11:00
0.126,0,0,1069130700,2003-11-18 15:45:00+11:00
0.106,0,0,1069131600,2003-11-18 16:00:00+11:00
0.086,0,0,1069132500,2003-11-18 16:15:00+11:00
0.116,0,0,1069133400,2003-11-18 16:30:00+11:00
0.076,0,0,1069134300,2003-11-18 16:45:00+11:00
0.056,0,0,1069135200,2003-11-18 17:00:00+11:00
0.016,0,0,1069136100,2003-11-18 17:15:00+11:00
-0.014,0,0,1069137000,2003-11-18 17:30:00+11:00
-0.044,0,0,1069137900,2003-11-18 17:45:00+11:00
-0.094,0,0,1069138800,2003-11-18 18:00:00+11:00
-0.154,0,0,1069139700,2003-11-18 18:15:00+11:00
-0.194,0,0,1069140600,2003-11-18 18:30:00+11:00
-0.254,0,0,1069141500,2003-11-18 18:45:00+11:00
-0.294,0,0,1069142400,2003-11-18 19:00:00+11:00
-0.364,0,0,1069143300,2003-11-18 19:15:00+11:00
-0.414,0,0,1069144200,2003-11-18 19:30:00+11:00
-0.474,0,0,1069145100,2003-11-18 19:45:00+11:00
-0.514,0,0,1069146000,2003-11-18 20:00:00+11:00
-0.594,0,0,1069146900,2003-11-18 20:15:00+11:00
-0.664,0,0,1069147800,2003-11-18 20:30:00+11:00
-0.674,0,0,1069148700,2003-11-18 20:45:00+11:00
-0.744,0,0,1069149600,2003-11-18 21:00:00+11:00
-0.794,0,0,1069150500,2003-11-18 21:15:00+11:00
-0.794,0,0,1069151400,2003-11-18 21:30:00+11:00
-0.834,0,0,1069152300,2003-11-18 21:45:00+11:00
-0.844,0,0,1069153200,2003-11-18 22:00:00+11:00
-0.874,0,0,1069154100,2003-11-18 22:15:00+11:00
-0.864,0,0,1069155000,2003-11-18 22:30:00+11:00
-0.864,0,0,1069155900,2003-11-18 22:45:00+11:00
-0.864,0,0,1069156800,2003-11-18 23:00:00+11:00
-0.864,0,0,1069157700,2003-11-18 23:15:00+11:00
-0.854,0,0,1069158600,2003-11-18 23:30:00+11:00
-0.814,0,0,1069159500,2003-11-18 23:45:00+11:00
-0.764,0,0,1069160400,2003-11-19 00:00:00+11:00
-0.744,0,0,1069161300,2003-11-19 00:15:00+11:00
-0.744,0,0,1069162200,2003-11-19 00:30:00+11:00
-0.664,0,0,1069163100,2003-11-19 00:45:00+11:00
-0.594,0,0,1069164000,2003-11-19 01:00:00+11:00
-0.554,0,0,1069164900,2003-11-19 01:15:00+11:00
-0.504,0,0,1069165800,2003-11-19 01:30:00+11:00
-0.494,0,0,1069166700,2003-11-19 01:45:00+11:00
-0.424,0,0,1069167600,2003-11-19 02:00:00+11:00
-0.324,0,0,1069168500,2003-11-19 02:15:00+11:00
-0.304,0,0,1069169400,2003-11-19 02:30:00+11:00
-0.264,0,0,1069170300,2003-11-19 02:45:00+11:00
-0.204,0,0,1069171200,2003-11-19 03:00:00+11:00
-0.154,0,0,1069172100,2003-11-19 03:15:00+11:00
-0.114,0,0,1069173000,2003-11-19 03:30:00+11:00
-0.084,0,0,1069173900,2003-11-19 03:45:00+11:00
-0.084,0,0,1069174800,2003-11-19 04:00:00+11:00
-0.044,0,0,1069175700,2003-11-19 04:15:00+11:00
0.006,0,0,1069176600,2003-11-19 04:30:00+11:00
-0.014,0,0,1069177500,2003-11-19 04:45:00+11:00
0.006,0,0,1069178400,2003-11-19 05:00:00+11:00
-0.024,0,0,1069179300,2003-11-19 05:15:00+11:00
-0.004,0,0,1069180200,2003-11-19 05:30:00+11:00
0.016,0,0,1069181100,2003-11-19 05:45:00+11:00
-0.054,0,0,1069182000,2003-11-19 06:00:00+11:00
-0.064,0,0,1069182900,2003-11-19 06:15:00+11:00
-0.084,0,0,1069183800,2003-11-19 06:30:00+11:00
-0.104,0,0,1069184700,2003-11-19 06:45:00+11:00
-0.134,0,0,1069185600,2003-11-19 07:00:00+11:00
-0.204,0,0,1069186500,2003-11-19 07:15:00+11:00
-0.234,0,0,1069187400,2003-11-19 07:30:00+11:00
-0.274,0,0,1069188300,2003-11-19 07:45:00+11:00
-0.274,0,0,1069189200,2003-11-19 08:00:00+11:00
-0.314,0,0,1069190100,2003-11-19 08:15:00+11:00
-0.404,0,0,1069191000,2003-11-19 08:30:00+11:00
-0.414,0,0,1069191900,2003-11-19 08:45:00+11:00
-0.394,0,0,1069192800,2003-11-19 09:00:00+11:00
-0.474,0,0,1069193700,2003-11-19 09:15:00+11:00
-0.504,0,0,1069194600,2003-11-19 09:30:00+11:00
-0.514,0,0,1069195500,2003-11-19 09:45:00+11:00
-0.534,0,0,1069196400,2003-11-19 10:00:00+11:00
-0.524,0,0,1069197300,2003-11-19 10:15:00+11:00
-0.544,0,0,1069198200,2003-11-19 10:30:00+11:00
-0.594,0,0,1069199100,2003-11-19 10:45:00+11:00
-0.554,0,0,1069200000,2003-11-19 11:00:00+11:00
-0.534,0,0,1069200900,2003-11-19 11:15:00+11:00
-0.534,0,0,1069201800,2003-11-19 11:30:00+11:00
-0.504,0,0,1069202700,2003-11-19 11:45:00+11:00
-0.484,0,0,1069203600,2003-11-19 12:00:00+11:00
-0.454,0,0,1069204500,2003-11-19 12:15:00+11:00
-0.414,0,0,1069205400,2003-11-19 12:30:00+11:00
-0.354,0,0,1069206300,2003-11-19 12:45:00+11:00
-0.344,0,0,1069207200,2003-11-19 13:00:00+11:00
-0.324,0,0,1069208100,2003-11-19 13:15:00+11:00
-0.224,0,0,1069209000,2003-11-19 13:30:00+11:00
-0.184,0,0,1069209900,2003-11-19 13:45:00+11:00
-0.164,0,0,1069210800,2003-11-19 14:00:00+11:00
-0.094,0,0,1069211700,2003-11-19 14:15:00+11:00
-0.064,0,0,1069212600,2003-11-19 14:30:00+11:00
-0.014,0,0,1069213500,2003-11-19 14:45:00+11:00
0.026,0,0,1069214400,2003-11-19 15:00:00+11:00
0.086,0,0,1069215300,2003-11-19 15:15:00+11:00
0.096,0,0,1069216200,2003-11-19 15:30:00+11:00
0.156,0,0,1069217100,2003-11-19 15:45:00+11:00
0.166,0,0,1069218000,2003-11-19 16:00:00+11:00
0.186,0,0,1069218900,2003-11-19 16:15:00+11:00
0.216,0,0,1069219800,2003-11-19 16:30:00+11:00
0.216,0,0,1069220700,2003-11-19 16:45:00+11:00
0.216,0,0,1069221600,2003-11-19 17:00:00+11:00
0.206,0,0,1069222500,2003-11-19 17:15:00+11:00
0.196,0,0,1069223400,2003-11-19 17:30:00+11:00
0.196,0,0,1069224300,2003-11-19 17:45:00+11:00
0.146,0,0,1069225200,2003-11-19 18:00:00+11:00
0.086,0,0,1069226100,2003-11-19 18:15:00+11:00
0.076,0,0,1069227000,2003-11-19 18:30:00+11:00
0.036,0,0,1069227900,2003-11-19 18:45:00+11:00
-0.014,0,0,1069228800,2003-11-19 19:00:00+11:00
-0.094,0,0,1069229700,2003-11-19 19:15:00+11:00
-0.144,0,0,1069230600,2003-11-19 19:30:00+11:00
-0.214,0,0,1069231500,2003-11-19 19:45:00+11:00
-0.264,0,0,1069232400,2003-11-19 20:00:00+11:00
-0.304,0,0,1069233300,2003-11-19 20:15:00+11:00
-0.404,0,0,1069234200,2003-11-19 20:30:00+11:00
-0.464,0,0,1069235100,2003-11-19 20:45:00+11:00
-0.524,0,0,1069236000,2003-11-19 21:00:00+11:00
-0.534,0,0,1069236900,2003-11-19 21:15:00+11:00
-0.604,0,0,1069237800,2003-11-19 21:30:00+11:00
-0.694,0,0,1069238700,2003-11-19 21:45:00+11:00
-0.694,0,0,1069239600,2003-11-19 22:00:00+11:00
-0.764,0,0,1069240500,2003-11-19 22:15:00+11:00
-0.774,0,0,1069241400,2003-11-19 22:30:00+11:00
-0.804,0,0,1069242300,2003-11-19 22:45:00+11:00
-0.844,0,0,1069243200,2003-11-19 23:00:00+11:00
-0.844,0,0,1069244100,2003-11-19 23:15:00+11:00
-0.834,0,0,1069245000,2003-11-19 23:30:00+11:00
-0.854,0,0,1069245900,2003-11-19 23:45:00+11:00
-0.824,0,0,1069246800,2003-11-20 00:00:00+11:00
-0.784,0,0,1069247700,2003-11-20 00:15:00+11:00
-0.774,0,0,1069248600,2003-11-20 00:30:00+11:00
-0.764,0,0,1069249500,2003-11-20 00:45:00+11:00
-0.714,0,0,1069250400,2003-11-20 01:00:00+11:00
-0.654,0,0,1069251300,2003-11-20 01:15:00+11:00
-0.614,0,0,1069252200,2003-11-20 01:30:00+11:00
-0.554,0,0,1069253100,2003-11-20 01:45:00+11:00
-0.504,0,0,1069254000,2003-11-20 02:00:00+11:00
-0.464,0,0,1069254900,2003-11-20 02:15:00+11:00
-0.364,0,0,1069255800,2003-11-20 02:30:00+11:00
-0.284,0,0,1069256700,2003-11-20 02:45:00+11:00
-0.244,0,0,1069257600,2003-11-20 03:00:00+11:00
-0.214,0,0,1069258500,2003-11-20 03:15:00+11:00
-0.114,0,0,1069259400,2003-11-20 03:30:00+11:00
-0.064,0,0,1069260300,2003-11-20 03:45:00+11:00
-0.014,0,0,1069261200,2003-11-20 04:00:00+11:00
0.046,0,0,1069262100,2003-11-20 04:15:00+11:00
0.056,0,0,1069263000,2003-11-20 04:30:00+11:00
0.086,0,0,1069263900,2003-11-20 04:45:00+11:00
0.186,0,0,1069264800,2003-11-20 05:00:00+11:00
0.166,0,0,1069265700,2003-11-20 05:15:00+11:00
0.166,0,0,1069266600,2003-11-20 05:30:00+11:00
0.186,0,0,1069267500,2003-11-20 05:45:00+11:00
0.166,0,0,1069268400,2003-11-20 06:00:00+11:00
0.236,0,0,1069269300,2003-11-20 06:15:00+11:00
0.166,0,0,1069270200,2003-11-20 06:30:00+11:00
0.156,0,0,1069271100,2003-11-20 06:45:00+11:00
0.106,0,0,1069272000,2003-11-20 07:00:00+11:00
0.076,0,0,1069272900,2003-11-20 07:15:00+11:00
0.056,0,0,1069273800,2003-11-20 07:30:00+11:00
0.006,0,0,1069274700,2003-11-20 07:45:00+11:00
-0.074,0,0,1069275600,2003-11-20 08:00:00+11:00
-0.094,0,0,1069276500,2003-11-20 08:15:00+11:00
-0.124,0,0,1069277400,2003-11-20 08:30:00+11:00
-0.194,0,0,1069278300,2003-11-20 08:45:00+11:00
-0.244,0,0,1069279200,2003-11-20 09:00:00+11:00
-0.354,0,0,1069280100,2003-11-20 09:15:00+11:00
-0.324,0,0,1069281000,2003-11-20 09:30:00+11:00
-0.354,0,0,1069281900,2003-11-20 09:45:00+11:00
-0.464,0,0,1069282800,2003-11-20 10:00:00+11:00
-0.484,0,0,1069283700,2003-11-20 10:15:00+11:00
-0.514,0,0,1069284600,2003-11-20 10:30:00+11:00
-0.524,0,0,1069285500,2003-11-20 10:45:00+11:00
-0.554,0,0,1069286400,2003-11-20 11:00:00+11:00
-0.584,0,0,1069287300,2003-11-20 11:15:00+11:00
-0.604,0,0,1069288200,2003-11-20 11:30:00+11:00
-0.554,0,0,1069289100,2003-11-20 11:45:00+11:00
-0.574,0,0,1069290000,2003-11-20 12:00:00+11:00
-0.564,0,0,1069290900,2003-11-20 12:15:00+11:00
-0.534,0,0,1069291800,2003-11-20 12:30:00+11:00
-0.564,0,0,1069292700,2003-11-20 12:45:00+11:00
-0.494,0,0,1069293600,2003-11-20 13:00:00+11:00
-0.424,0,0,1069294500,2003-11-20 13:15:00+11:00
-0.474,0,0,1069295400,2003-11-20 13:30:00+11:00
-0.384,0,0,1069296300,2003-11-20 13:45:00+11:00
-0.314,0,0,1069297200,2003-11-20 14:00:00+11:00
-0.264,0,0,1069298100,2003-11-20 14:15:00+11:00
-0.204,0,0,1069299000,2003-11-20 14:30:00+11:00
-0.174,0,0,1069299900,2003-11-20 14:45:00+11:00
-0.104,0,0,1069300800,2003-11-20 15:00:00+11:00
-0.004,0,0,1069301700,2003-11-20 15:15:00+11:00
0.036,0,0,1069302600,2003-11-20 15:30:00+11:00
0.046,0,0,1069303500,2003-11-20 15:45:00+11:00
0.176,0,0,1069304400,2003-11-20 16:00:00+11:00
0.186,0,0,1069305300,2003-11-20 16:15:00+11:00
0.256,0,0,1069306200,2003-11-20 16:30:00+11:00
0.276,0,0,1069307100,2003-11-20 16:45:00+11:00
0.256,0,0,1069308000,2003-11-20 17:00:00+11:00
0.346,0,0,1069308900,2003-11-20 17:15:00+11:00
0.356,0,0,1069309800,2003-11-20 17:30:00+11:00
0.336,0,0,1069310700,2003-11-20 17:45:00+11:00
0.306,0,0,1069311600,2003-11-20 18:00:00+11:00
0.386,0,0,1069312500,2003-11-20 18:15:00+11:00
0.256,0,0,1069313400,2003-11-20 18:30:00+11:00
0.186,0,0,1069314300,2003-11-20 18:45:00+11:00
0.136,0,0,1069315200,2003-11-20 19:00:00+11:00
0.266,0,0,1069316100,2003-11-20 19:15:00+11:00
0.166,0,0,1069317000,2003-11-20 19:30:00+11:00
-0.004,0,0,1069317900,2003-11-20 19:45:00+11:00
0.016,0,0,1069318800,2003-11-20 20:00:00+11:00
-0.084,0,0,1069319700,2003-11-20 20:15:00+11:00
-0.094,0,0,1069320600,2003-11-20 20:30:00+11:00
-0.124,0,0,1069321500,2003-11-20 20:45:00+11:00
-0.304,0,0,1069322400,2003-11-20 21:00:00+11:00
-0.454,0,0,1069323300,2003-11-20 21:15:00+11:00
-0.344,0,0,1069324200,2003-11-20 21:30:00+11:00
-0.374,0,0,1069325100,2003-11-20 21:45:00+11:00
-0.604,0,0,1069326000,2003-11-20 22:00:00+11:00
-0.594,0,0,1069326900,2003-11-20 22:15:00+11:00
-0.654,0,0,1069327800,2003-11-20 22:30:00+11:00
-0.684,0,0,1069328700,2003-11-20 22:45:00+11:00
-0.664,0,0,1069329600,2003-11-20 23:00:00+11:00
-0.784,0,0,1069330500,2003-11-20 23:15:00+11:00
-0.834,0,0,1069331400,2003-11-20 23:30:00+11:00
-0.824,0,0,1069332300,2003-11-20 23:45:00+11:00
-0.794,0,0,1069333200,2003-11-21 00:00:00+11:00
-0.784,0,0,1069334100,2003-11-21 00:15:00+11:00
-0.894,0,0,1069335000,2003-11-21 00:30:00+11:00
-0.854,0,0,1069335900,2003-11-21 00:45:00+11:00
-0.734,0,0,1069336800,2003-11-21 01:00:00+11:00
-0.754,0,0,1069337700,2003-11-21 01:15:00+11:00
-0.744,0,0,1069338600,2003-11-21 01:30:00+11:00
-0.724,0,0,1069339500,2003-11-21 01:45:00+11:00
-0.634,0,0,1069340400,2003-11-21 02:00:00+11:00
-0.574,0,0,1069341300,2003-11-21 02:15:00+11:00
-0.484,0,0,1069342200,2003-11-21 02:30:00+11:00
-0.484,0,0,1069343100,2003-11-21 02:45:00+11:00
-0.454,0,0,1069344000,2003-11-21 03:00:00+11:00
-0.264,0,0,1069344900,2003-11-21 03:15:00+11:00
-0.244,0,0,1069345800,2003-11-21 03:30:00+11:00
-0.144,0,0,1069346700,2003-11-21 03:45:00+11:00
-0.114,0,0,1069347600,2003-11-21 04:00:00+11:00
-0.084,0,0,1069348500,2003-11-21 04:15:00+11:00
0.116,0,0,1069349400,2003-11-21 04:30:00+11:00
0.116,0,0,1069350300,2003-11-21 04:45:00+11:00
0.116,0,0,1069351200,2003-11-21 05:00:00+11:00
0.196,0,0,1069352100,2003-11-21 05:15:00+11:00
0.286,0,0,1069353000,2003-11-21 05:30:00+11:00
0.306,0,0,1069353900,2003-11-21 05:45:00+11:00
0.336,0,0,1069354800,2003-11-21 06:00:00+11:00
0.306,0,0,1069355700,2003-11-21 06:15:00+11:00
0.326,0,0,1069356600,2003-11-21 06:30:00+11:00
0.396,0,0,1069357500,2003-11-21 06:45:00+11:00
0.326,0,0,1069358400,2003-11-21 07:00:00+11:00
0.326,0,0,1069359300,2003-11-21 07:15:00+11:00
0.316,0,0,1069360200,2003-11-21 07:30:00+11:00
0.236,0,0,1069361100,2003-11-21 07:45:00+11:00
0.286,0,0,1069362000,2003-11-21 08:00:00+11:00
0.186,0,0,1069362900,2003-11-21 08:15:00+11:00
0.106,0,0,1069363800,2003-11-21 08:30:00+11:00
0.106,0,0,1069364700,2003-11-21 08:45:00+11:00
0.066,0,0,1069365600,2003-11-21 09:00:00+11:00
-0.024,0,0,1069366500,2003-11-21 09:15:00+11:00
-0.104,0,0,1069367400,2003-11-21 09:30:00+11:00
-0.174,0,0,1069368300,2003-11-21 09:45:00+11:00
-0.214,0,0,1069369200,2003-11-21 10:00:00+11:00
-0.244,0,0,1069370100,2003-11-21 10:15:00+11:00
-0.354,0,0,1069371000,2003-11-21 10:30:00+11:00
-0.414,0,0,1069371900,2003-11-21 10:45:00+11:00
-0.444,0,0,1069372800,2003-11-21 11:00:00+11:00
-0.514,0,0,1069373700,2003-11-21 11:15:00+11:00
-0.484,0,0,1069374600,2003-11-21 11:30:00+11:00
-0.594,0,0,1069375500,2003-11-21 11:45:00+11:00
-0.634,0,0,1069376400,2003-11-21 12:00:00+11:00
-0.584,0,0,1069377300,2003-11-21 12:15:00+11:00
-0.634,0,0,1069378200,2003-11-21 12:30:00+11:00
-0.644,0,0,1069379100,2003-11-21 12:45:00+11:00
-0.674,0,0,1069380000,2003-11-21 13:00:00+11:00
-0.604,0,0,1069380900,2003-11-21 13:15:00+11:00
-0.584,0,0,1069381800,2003-11-21 13:30:00+11:00
-0.624,0,0,1069382700,2003-11-21 13:45:00+11:00
-0.544,0,0,1069383600,2003-11-21 14:00:00+11:00
-0.524,0,0,1069384500,2003-11-21 14:15:00+11:00
-0.434,0,0,1069385400,2003-11-21 14:30:00+11:00
-0.404,0,0,1069386300,2003-11-21 14:45:00+11:00
-0.384,0,0,1069387200,2003-11-21 15:00:00+11:00
-0.294,0,0,1069388100,2003-11-21 15:15:00+11:00
-0.244,0,0,1069389000,2003-11-21 15:30:00+11:00
-0.124,0,0,1069389900,2003-11-21 15:45:00+11:00
-0.134,0,0,1069390800,2003-11-21 16:00:00+11:00
-0.054,0,0,1069391700,2003-11-21 16:15:00+11:00
0.046,0,0,1069392600,2003-11-21 16:30:00+11:00
0.066,0,0,1069393500,2003-11-21 16:45:00+11:00
0.156,0,0,1069394400,2003-11-21 17:00:00+11:00
0.166,0,0,1069395300,2003-11-21 17:15:00+11:00
0.216,0,0,1069396200,2003-11-21 17:30:00+11:00
0.266,0,0,1069397100,2003-11-21 17:45:00+11:00
0.296,0,0,1069398000,2003-11-21 18:00:00+11:00
0.326,0,0,1069398900,2003-11-21 18:15:00+11:00
0.306,0,0,1069399800,2003-11-21 18:30:00+11:00
0.336,0,0,1069400700,2003-11-21 18:45:00+11:00
0.336,0,0,1069401600,2003-11-21 19:00:00+11:00
0.386,0,0,1069402500,2003-11-21 19:15:00+11:00
0.266,0,0,1069403400,2003-11-21 19:30:00+11:00
0.226,0,0,1069404300,2003-11-21 19:45:00+11:00
0.326,0,0,1069405200,2003-11-21 20:00:00+11:00
0.086,0,0,1069406100,2003-11-21 20:15:00+11:00
0.126,0,0,1069407000,2003-11-21 20:30:00+11:00
0.156,0,0,1069407900,2003-11-21 20:45:00+11:00
-0.094,0,0,1069408800,2003-11-21 21:00:00+11:00
-0.044,0,0,1069409700,2003-11-21 21:15:00+11:00
-0.144,0,0,1069410600,2003-11-21 21:30:00+11:00
-0.234,0,0,1069411500,2003-11-21 21:45:00+11:00
-0.254,0,0,1069412400,2003-11-21 22:00:00+11:00
-0.364,0,0,1069413300,2003-11-21 22:15:00+11:00
-0.454,0,0,1069414200,2003-11-21 22:30:00+11:00
-0.504,0,0,1069415100,2003-11-21 22:45:00+11:00
-0.534,0,0,1069416000,2003-11-21 23:00:00+11:00
-0.674,0,0,1069416900,2003-11-21 23:15:00+11:00
-0.634,0,0,1069417800,2003-11-21 23:30:00+11:00
-0.734,0,0,1069418700,2003-11-21 23:45:00+11:00
-0.804,0,0,1069419600,2003-11-22 00:00:00+11:00
-0.744,0,0,1069420500,2003-11-22 00:15:00+11:00
-0.854,0,0,1069421400,2003-11-22 00:30:00+11:00
-0.814,0,0,1069422300,2003-11-22 00:45:00+11:00
-0.834,0,0,1069423200,2003-11-22 01:00:00+11:00
-0.824,0,0,1069424100,2003-11-22 01:15:00+11:00
-0.794,0,0,1069425000,2003-11-22 01:30:00+11:00
-0.814,0,0,1069425900,2003-11-22 01:45:00+11:00
-0.714,0,0,1069426800,2003-11-22 02:00:00+11:00
-0.734,0,0,1069427700,2003-11-22 02:15:00+11:00
-0.684,0,0,1069428600,2003-11-22 02:30:00+11:00
-0.564,0,0,1069429500,2003-11-22 02:45:00+11:00
-0.524,0,0,1069430400,2003-11-22 03:00:00+11:00
-0.484,0,0,1069431300,2003-11-22 03:15:00+11:00
-0.344,0,0,1069432200,2003-11-22 03:30:00+11:00
-0.284,0,0,1069433100,2003-11-22 03:45:00+11:00
-0.274,0,0,1069434000,2003-11-22 04:00:00+11:00
-0.094,0,0,1069434900,2003-11-22 04:15:00+11:00
-0.064,0,0,1069435800,2003-11-22 04:30:00+11:00
0.016,0,0,1069436700,2003-11-22 04:45:00+11:00
0.136,0,0,1069437600,2003-11-22 05:00:00+11:00
0.156,0,0,1069438500,2003-11-22 05:15:00+11:00
0.246,0,0,1069439400,2003-11-22 05:30:00+11:00
0.316,0,0,1069440300,2003-11-22 05:45:00+11:00
0.386,0,0,1069441200,2003-11-22 06:00:00+11:00
0.396,0,0,1069442100,2003-11-22 06:15:00+11:00
0.456,0,0,1069443000,2003-11-22 06:30:00+11:00
0.486,0,0,1069443900,2003-11-22 06:45:00+11:00
0.546,0,0,1069444800,2003-11-22 07:00:00+11:00
0.526,0,0,1069445700,2003-11-22 07:15:00+11:00
0.516,0,0,1069446600,2003-11-22 07:30:00+11:00
0.516,0,0,1069447500,2003-11-22 07:45:00+11:00
0.506,0,0,1069448400,2003-11-22 08:00:00+11:00
0.476,0,0,1069449300,2003-11-22 08:15:00+11:00
0.416,0,0,1069450200,2003-11-22 08:30:00+11:00
0.386,0,0,1069451100,2003-11-22 08:45:00+11:00
0.326,0,0,1069452000,2003-11-22 09:00:00+11:00
0.286,0,0,1069452900,2003-11-22 09:15:00+11:00
0.156,0,0,1069453800,2003-11-22 09:30:00+11:00
0.146,0,0,1069454700,2003-11-22 09:45:00+11:00
0.056,0,0,1069455600,2003-11-22 10:00:00+11:00
-0.084,0,0,1069456500,2003-11-22 10:15:00+11:00
-0.084,0,0,1069457400,2003-11-22 10:30:00+11:00
-0.184,0,0,1069458300,2003-11-22 10:45:00+11:00
-0.294,0,0,1069459200,2003-11-22 11:00:00+11:00
-0.334,0,0,1069460100,2003-11-22 11:15:00+11:00
-0.414,0,0,1069461000,2003-11-22 11:30:00+11:00
-0.514,0,0,1069461900,2003-11-22 11:45:00+11:00
-0.504,0,0,1069462800,2003-11-22 12:00:00+11:00
-0.634,0,0,1069463700,2003-11-22 12:15:00+11:00
-0.694,0,0,1069464600,2003-11-22 12:30:00+11:00
-0.624,0,0,1069465500,2003-11-22 12:45:00+11:00
-0.784,0,0,1069466400,2003-11-22 13:00:00+11:00
-0.774,0,0,1069467300,2003-11-22 13:15:00+11:00
-0.774,0,0,1069468200,2003-11-22 13:30:00+11:00
-0.834,0,0,1069469100,2003-11-22 13:45:00+11:00
-0.734,0,0,1069470000,2003-11-22 14:00:00+11:00
-0.794,0,0,1069470900,2003-11-22 14:15:00+11:00
-0.774,0,0,1069471800,2003-11-22 14:30:00+11:00
-0.734,0,0,1069472700,2003-11-22 14:45:00+11:00
-0.674,0,0,1069473600,2003-11-22 15:00:00+11:00
-0.634,0,0,1069474500,2003-11-22 15:15:00+11:00
-0.594,0,0,1069475400,2003-11-22 15:30:00+11:00
-0.544,0,0,1069476300,2003-11-22 15:45:00+11:00
-0.484,0,0,1069477200,2003-11-22 16:00:00+11:00
-0.344,0,0,1069478100,2003-11-22 16:15:00+11:00
-0.324,0,0,1069479000,2003-11-22 16:30:00+11:00
-0.254,0,0,1069479900,2003-11-22 16:45:00+11:00
-0.174,0,0,1069480800,2003-11-22 17:00:00+11:00
-0.114,0,0,1069481700,2003-11-22 17:15:00+11:00
-0.014,0,0,1069482600,2003-11-22 17:30:00+11:00
0.036,0,0,1069483500,2003-11-22 17:45:00+11:00
0.086,0,0,1069484400,2003-11-22 18:00:00+11:00
0.116,0,0,1069485300,2003-11-22 18:15:00+11:00
0.186,0,0,1069486200,2003-11-22 18:30:00+11:00
0.266,0,0,1069487100,2003-11-22 18:45:00+11:00
0.236,0,0,1069488000,2003-11-22 19:00:00+11:00
0.256,0,0,1069488900,2003-11-22 19:15:00+11:00
0.296,0,0,1069489800,2003-11-22 19:30:00+11:00
0.306,0,0,1069490700,2003-11-22 19:45:00+11:00
0.286,0,0,1069491600,2003-11-22 20:00:00+11:00
0.286,0,0,1069492500,2003-11-22 20:15:00+11:00
0.256,0,0,1069493400,2003-11-22 20:30:00+11:00
0.196,0,0,1069494300,2003-11-22 20:45:00+11:00
0.216,0,0,1069495200,2003-11-22 21:00:00+11:00
0.146,0,0,1069496100,2003-11-22 21:15:00+11:00
0.046,0,0,1069497000,2003-11-22 21:30:00+11:00
0.046,0,0,1069497900,2003-11-22 21:45:00+11:00
-0.064,0,0,1069498800,2003-11-22 22:00:00+11:00
-0.104,0,0,1069499700,2003-11-22 22:15:00+11:00
-0.214,0,0,1069500600,2003-11-22 22:30:00+11:00
-0.284,0,0,1069501500,2003-11-22 22:45:00+11:00
-0.344,0,0,1069502400,2003-11-22 23:00:00+11:00
-0.434,0,0,1069503300,2003-11-22 23:15:00+11:00
-0.464,0,0,1069504200,2003-11-22 23:30:00+11:00
-0.564,0,0,1069505100,2003-11-22 23:45:00+11:00
-0.604,0,0,1069506000,2003-11-23 00:00:00+11:00
-0.674,0,0,1069506900,2003-11-23 00:15:00+11:00
-0.704,0,0,1069507800,2003-11-23 00:30:00+11:00
-0.734,0,0,1069508700,2003-11-23 00:45:00+11:00
-0.774,0,0,1069509600,2003-11-23 01:00:00+11:00
-0.794,0,0,1069510500,2003-11-23 01:15:00+11:00
-0.824,0,0,1069511400,2003-11-23 01:30:00+11:00
-0.784,0,0,1069512300,2003-11-23 01:45:00+11:00
-0.804,0,0,1069513200,2003-11-23 02:00:00+11:00
-0.784,0,0,1069514100,2003-11-23 02:15:00+11:00
-0.734,0,0,1069515000,2003-11-23 02:30:00+11:00
-0.714,0,0,1069515900,2003-11-23 02:45:00+11:00
-0.654,0,0,1069516800,2003-11-23 03:00:00+11:00
-0.614,0,0,1069517700,2003-11-23 03:15:00+11:00
-0.554,0,0,1069518600,2003-11-23 03:30:00+11:00
-0.464,0,0,1069519500,2003-11-23 03:45:00+11:00
-0.404,0,0,1069520400,2003-11-23 04:00:00+11:00
-0.294,0,0,1069521300,2003-11-23 04:15:00+11:00
-0.244,0,0,1069522200,2003-11-23 04:30:00+11:00
-0.144,0,0,1069523100,2003-11-23 04:45:00+11:00
-0.044,0,0,1069524000,2003-11-23 05:00:00+11:00
0.036,0,0,1069524900,2003-11-23 05:15:00+11:00
0.126,0,0,1069525800,2003-11-23 05:30:00+11:00
0.186,0,0,1069526700,2003-11-23 05:45:00+11:00
0.266,0,0,1069527600,2003-11-23 06:00:00+11:00
0.356,0,0,1069528500,2003-11-23 06:15:00+11:00
0.416,0,0,1069529400,2003-11-23 06:30:00+11:00
0.486,0,0,1069530300,2003-11-23 06:45:00+11:00
0.506,0,0,1069531200,2003-11-23 07:00:00+11:00
0.576,0,0,1069532100,2003-11-23 07:15:00+11:00
0.616,0,0,1069533000,2003-11-23 07:30:00+11:00
0.616,0,0,1069533900,2003-11-23 07:45:00+11:00
0.616,0,0,1069534800,2003-11-23 08:00:00+11:00
0.636,0,0,1069535700,2003-11-23 08:15:00+11:00
0.656,0,0,1069536600,2003-11-23 08:30:00+11:00
0.596,0,0,1069537500,2003-11-23 08:45:00+11:00
0.576,0,0,1069538400,2003-11-23 09:00:00+11:00
0.526,0,0,1069539300,2003-11-23 09:15:00+11:00
0.466,0,0,1069540200,2003-11-23 09:30:00+11:00
0.436,0,0,1069541100,2003-11-23 09:45:00+11:00
0.336,0,0,1069542000,2003-11-23 10:00:00+11:00
0.266,0,0,1069542900,2003-11-23 10:15:00+11:00
0.156,0,0,1069543800,2003-11-23 10:30:00+11:00
0.106,0,0,1069544700,2003-11-23 10:45:00+11:00
0.006,0,0,1069545600,2003-11-23 11:00:00+11:00
-0.114,0,0,1069546500,2003-11-23 11:15:00+11:00
-0.174,0,0,1069547400,2003-11-23 11:30:00+11:00
-0.284,0,0,1069548300,2003-11-23 11:45:00+11:00
-0.364,0,0,1069549200,2003-11-23 12:00:00+11:00
-0.434,0,0,1069550100,2003-11-23 12:15:00+11:00
-0.534,0,0,1069551000,2003-11-23 12:30:00+11:00
-0.624,0,0,1069551900,2003-11-23 12:45:00+11:00
-0.674,0,0,1069552800,2003-11-23 13:00:00+11:00
-0.704,0,0,1069553700,2003-11-23 13:15:00+11:00
-0.784,0,0,1069554600,2003-11-23 13:30:00+11:00
-0.824,0,0,1069555500,2003-11-23 13:45:00+11:00
-0.864,0,0,1069556400,2003-11-23 14:00:00+11:00
-0.884,0,0,1069557300,2003-11-23 14:15:00+11:00
-0.874,0,0,1069558200,2003-11-23 14:30:00+11:00
-0.924,0,0,1069559100,2003-11-23 14:45:00+11:00
-0.904,0,0,1069560000,2003-11-23 15:00:00+11:00
-0.874,0,0,1069560900,2003-11-23 15:15:00+11:00
-0.864,0,0,1069561800,2003-11-23 15:30:00+11:00
-0.834,0,0,1069562700,2003-11-23 15:45:00+11:00
-0.784,0,0,1069563600,2003-11-23 16:00:00+11:00
-0.734,0,0,1069564500,2003-11-23 16:15:00+11:00
-0.654,0,0,1069565400,2003-11-23 16:30:00+11:00
-0.584,0,0,1069566300,2003-11-23 16:45:00+11:00
-0.544,0,0,1069567200,2003-11-23 17:00:00+11:00
-0.464,0,0,1069568100,2003-11-23 17:15:00+11:00
-0.364,0,0,1069569000,2003-11-23 17:30:00+11:00
-0.304,0,0,1069569900,2003-11-23 17:45:00+11:00
-0.224,0,0,1069570800,2003-11-23 18:00:00+11:00
-0.164,0,0,1069571700,2003-11-23 18:15:00+11:00
-0.064,0,0,1069572600,2003-11-23 18:30:00+11:00
0.006,0,0,1069573500,2003-11-23 18:45:00+11:00
0.026,0,0,1069574400,2003-11-23 19:00:00+11:00
0.106,0,0,1069575300,2003-11-23 19:15:00+11:00
0.146,0,0,1069576200,2003-11-23 19:30:00+11:00
0.196,0,0,1069577100,2003-11-23 19:45:00+11:00
0.246,0,0,1069578000,2003-11-23 20:00:00+11:00
0.246,0,0,1069578900,2003-11-23 20:15:00+11:00
0.236,0,0,1069579800,2003-11-23 20:30:00+11:00
0.286,0,0,1069580700,2003-11-23 20:45:00+11:00
0.266,0,0,1069581600,2003-11-23 21:00:00+11:00
0.236,0,0,1069582500,2003-11-23 21:15:00+11:00
0.226,0,0,1069583400,2003-11-23 21:30:00+11:00
0.156,0,0,1069584300,2003-11-23 21:45:00+11:00
0.146,0,0,1069585200,2003-11-23 22:00:00+11:00
0.086,0,0,1069586100,2003-11-23 22:15:00+11:00
-0.004,0,0,1069587000,2003-11-23 22:30:00+11:00
-0.044,0,0,1069587900,2003-11-23 22:45:00+11:00
-0.134,0,0,1069588800,2003-11-23 23:00:00+11:00
-0.194,0,0,1069589700,2003-11-23 23:15:00+11:00
-0.254,0,0,1069590600,2003-11-23 23:30:00+11:00
-0.344,0,0,1069591500,2003-11-23 23:45:00+11:00
-0.434,0,0,1069592400,2003-11-24 00:00:00+11:00
-0.474,0,0,1069593300,2003-11-24 00:15:00+11:00
-0.514,0,0,1069594200,2003-11-24 00:30:00+11:00
-0.594,0,0,1069595100,2003-11-24 00:45:00+11:00
-0.674,0,0,1069596000,2003-11-24 01:00:00+11:00
-0.714,0,0,1069596900,2003-11-24 01:15:00+11:00
-0.734,0,0,1069597800,2003-11-24 01:30:00+11:00
-0.764,0,0,1069598700,2003-11-24 01:45:00+11:00
-0.814,0,0,1069599600,2003-11-24 02:00:00+11:00
-0.824,0,0,1069600500,2003-11-24 02:15:00+11:00
-0.824,0,0,1069601400,2003-11-24 02:30:00+11:00
-0.784,0,0,1069602300,2003-11-24 02:45:00+11:00
-0.784,0,0,1069603200,2003-11-24 03:00:00+11:00
-0.804,0,0,1069604100,2003-11-24 03:15:00+11:00
-0.714,0,0,1069605000,2003-11-24 03:30:00+11:00
-0.674,0,0,1069605900,2003-11-24 03:45:00+11:00
-0.644,0,0,1069606800,2003-11-24 04:00:00+11:00
-0.544,0,0,1069607700,2003-11-24 04:15:00+11:00
-0.504,0,0,1069608600,2003-11-24 04:30:00+11:00
-0.424,0,0,1069609500,2003-11-24 04:45:00+11:00
-0.324,0,0,1069610400,2003-11-24 05:00:00+11:00
-0.234,0,0,1069611300,2003-11-24 05:15:00+11:00
-0.154,0,0,1069612200,2003-11-24 05:30:00+11:00
-0.074,0,0,1069613100,2003-11-24 05:45:00+11:00
0.016,0,0,1069614000,2003-11-24 06:00:00+11:00
0.106,0,0,1069614900,2003-11-24 06:15:00+11:00
0.226,0,0,1069615800,2003-11-24 06:30:00+11:00
0.256,0,0,1069616700,2003-11-24 06:45:00+11:00
0.336,0,0,1069617600,2003-11-24 07:00:00+11:00
0.446,0,0,1069618500,2003-11-24 07:15:00+11:00
0.486,0,0,1069619400,2003-11-24 07:30:00+11:00
0.556,0,0,1069620300,2003-11-24 07:45:00+11:00
0.596,0,0,1069621200,2003-11-24 08:00:00+11:00
0.636,0,0,1069622100,2003-11-24 08:15:00+11:00
0.656,0,0,1069623000,2003-11-24 08:30:00+11:00
0.666,0,0,1069623900,2003-11-24 08:45:00+11:00
0.706,0,0,1069624800,2003-11-24 09:00:00+11:00
0.656,0,0,1069625700,2003-11-24 09:15:00+11:00
0.636,0,0,1069626600,2003-11-24 09:30:00+11:00
0.616,0,0,1069627500,2003-11-24 09:45:00+11:00
0.576,0,0,1069628400,2003-11-24 10:00:00+11:00
0.506,0,0,1069629300,2003-11-24 10:15:00+11:00
0.456,0,0,1069630200,2003-11-24 10:30:00+11:00
0.356,0,0,1069631100,2003-11-24 10:45:00+11:00
0.286,0,0,1069632000,2003-11-24 11:00:00+11:00
0.206,0,0,1069632900,2003-11-24 11:15:00+11:00
0.096,0,0,1069633800,2003-11-24 11:30:00+11:00
-0.004,0,0,1069634700,2003-11-24 11:45:00+11:00
-0.104,0,0,1069635600,2003-11-24 12:00:00+11:00
-0.174,0,0,1069636500,2003-11-24 12:15:00+11:00
-0.294,0,0,1069637400,2003-11-24 12:30:00+11:00
-0.394,0,0,1069638300,2003-11-24 12:45:00+11:00
-0.494,0,0,1069639200,2003-11-24 13:00:00+11:00
-0.574,0,0,1069640100,2003-11-24 13:15:00+11:00
-0.654,0,0,1069641000,2003-11-24 13:30:00+11:00
-0.754,0,0,1069641900,2003-11-24 13:45:00+11:00
-0.804,0,0,1069642800,2003-11-24 14:00:00+11:00
-0.864,0,0,1069643700,2003-11-24 14:15:00+11:00
-0.924,0,0,1069644600,2003-11-24 14:30:00+11:00
-0.944,0,0,1069645500,2003-11-24 14:45:00+11:00
-0.994,0,0,1069646400,2003-11-24 15:00:00+11:00
-1.024,0,0,1069647300,2003-11-24 15:15:00+11:00
-1.034,0,0,1069648200,2003-11-24 15:30:00+11:00
-1.004,0,0,1069649100,2003-11-24 15:45:00+11:00
-1.014,0,0,1069650000,2003-11-24 16:00:00+11:00
-1.014,0,0,1069650900,2003-11-24 16:15:00+11:00
-0.984,0,0,1069651800,2003-11-24 16:30:00+11:00
-0.904,0,0,1069652700,2003-11-24 16:45:00+11:00
-0.864,0,0,1069653600,2003-11-24 17:00:00+11:00
-0.864,0,0,1069654500,2003-11-24 17:15:00+11:00
-0.764,0,0,1069655400,2003-11-24 17:30:00+11:00
-0.684,0,0,1069656300,2003-11-24 17:45:00+11:00
-0.624,0,0,1069657200,2003-11-24 18:00:00+11:00
-0.554,0,0,1069658100,2003-11-24 18:15:00+11:00
-0.484,0,0,1069659000,2003-11-24 18:30:00+11:00
-0.404,0,0,1069659900,2003-11-24 18:45:00+11:00
-0.314,0,0,1069660800,2003-11-24 19:00:00+11:00
-0.234,0,0,1069661700,2003-11-24 19:15:00+11:00
-0.194,0,0,1069662600,2003-11-24 19:30:00+11:00
-0.124,0,0,1069663500,2003-11-24 19:45:00+11:00
-0.044,0,0,1069664400,2003-11-24 20:00:00+11:00
0.026,0,0,1069665300,2003-11-24 20:15:00+11:00
0.066,0,0,1069666200,2003-11-24 20:30:00+11:00
0.086,0,0,1069667100,2003-11-24 20:45:00+11:00
0.136,0,0,1069668000,2003-11-24 21:00:00+11:00
0.156,0,0,1069668900,2003-11-24 21:15:00+11:00
0.186,0,0,1069669800,2003-11-24 21:30:00+11:00
0.186,0,0,1069670700,2003-11-24 21:45:00+11:00
0.156,0,0,1069671600,2003-11-24 22:00:00+11:00
0.136,0,0,1069672500,2003-11-24 22:15:00+11:00
0.136,0,0,1069673400,2003-11-24 22:30:00+11:00
0.076,0,0,1069674300,2003-11-24 22:45:00+11:00
0.026,0,0,1069675200,2003-11-24 23:00:00+11:00
-0.024,0,0,1069676100,2003-11-24 23:15:00+11:00
-0.064,0,0,1069677000,2003-11-24 23:30:00+11:00
-0.114,0,0,1069677900,2003-11-24 23:45:00+11:00
-0.204,0,0,1069678800,2003-11-25 00:00:00+11:00
-0.274,0,0,1069679700,2003-11-25 00:15:00+11:00
-0.314,0,0,1069680600,2003-11-25 00:30:00+11:00
-0.364,0,0,1069681500,2003-11-25 00:45:00+11:00
-0.444,0,0,1069682400,2003-11-25 01:00:00+11:00
-0.524,0,0,1069683300,2003-11-25 01:15:00+11:00
-0.584,0,0,1069684200,2003-11-25 01:30:00+11:00
-0.624,0,0,1069685100,2003-11-25 01:45:00+11:00
-0.614,0,0,1069686000,2003-11-25 02:00:00+11:00
-0.704,0,0,1069686900,2003-11-25 02:15:00+11:00
-0.764,0,0,1069687800,2003-11-25 02:30:00+11:00
-0.734,0,0,1069688700,2003-11-25 02:45:00+11:00
-0.754,0,0,1069689600,2003-11-25 03:00:00+11:00
-0.744,0,0,1069690500,2003-11-25 03:15:00+11:00
-0.764,0,0,1069691400,2003-11-25 03:30:00+11:00
-0.764,0,0,1069692300,2003-11-25 03:45:00+11:00
-0.704,0,0,1069693200,2003-11-25 04:00:00+11:00
-0.664,0,0,1069694100,2003-11-25 04:15:00+11:00
-0.634,0,0,1069695000,2003-11-25 04:30:00+11:00
-0.604,0,0,1069695900,2003-11-25 04:45:00+11:00
-0.524,0,0,1069696800,2003-11-25 05:00:00+11:00
-0.444,0,0,1069697700,2003-11-25 05:15:00+11:00
-0.364,0,0,1069698600,2003-11-25 05:30:00+11:00
-0.314,0,0,1069699500,2003-11-25 05:45:00+11:00
-0.234,0,0,1069700400,2003-11-25 06:00:00+11:00
-0.134,0,0,1069701300,2003-11-25 06:15:00+11:00
-0.024,0,0,1069702200,2003-11-25 06:30:00+11:00
0.056,0,0,1069703100,2003-11-25 06:45:00+11:00
0.136,0,0,1069704000,2003-11-25 07:00:00+11:00
0.196,0,0,1069704900,2003-11-25 07:15:00+11:00
0.296,0,0,1069705800,2003-11-25 07:30:00+11:00
0.376,0,0,1069706700,2003-11-25 07:45:00+11:00
0.476,0,0,1069707600,2003-11-25 08:00:00+11:00
0.506,0,0,1069708500,2003-11-25 08:15:00+11:00
0.536,0,0,1069709400,2003-11-25 08:30:00+11:00
0.636,0,0,1069710300,2003-11-25 08:45:00+11:00
0.686,0,0,1069711200,2003-11-25 09:00:00+11:00
0.686,0,0,1069712100,2003-11-25 09:15:00+11:00
0.676,0,0,1069713000,2003-11-25 09:30:00+11:00
0.716,0,0,1069713900,2003-11-25 09:45:00+11:00
0.686,0,0,1069714800,2003-11-25 10:00:00+11:00
0.706,0,0,1069715700,2003-11-25 10:15:00+11:00
0.676,0,0,1069716600,2003-11-25 10:30:00+11:00
0.556,0,0,1069717500,2003-11-25 10:45:00+11:00
0.556,0,0,1069718400,2003-11-25 11:00:00+11:00
0.496,0,0,1069719300,2003-11-25 11:15:00+11:00
0.416,0,0,1069720200,2003-11-25 11:30:00+11:00
0.326,0,0,1069721100,2003-11-25 11:45:00+11:00
0.216,0,0,1069722000,2003-11-25 12:00:00+11:00
0.146,0,0,1069722900,2003-11-25 12:15:00+11:00
0.076,0,0,1069723800,2003-11-25 12:30:00+11:00
-0.054,0,0,1069724700,2003-11-25 12:45:00+11:00
-0.164,0,0,1069725600,2003-11-25 13:00:00+11:00
-0.284,0,0,1069726500,2003-11-25 13:15:00+11:00
-0.354,0,0,1069727400,2003-11-25 13:30:00+11:00
-0.444,0,0,1069728300,2003-11-25 13:45:00+11:00
-0.584,0,0,1069729200,2003-11-25 14:00:00+11:00
-0.674,0,0,1069730100,2003-11-25 14:15:00+11:00
-0.734,0,0,1069731000,2003-11-25 14:30:00+11:00
-0.804,0,0,1069731900,2003-11-25 14:45:00+11:00
-0.874,0,0,1069732800,2003-11-25 15:00:00+11:00
-0.944,0,0,1069733700,2003-11-25 15:15:00+11:00
-1.014,0,0,1069734600,2003-11-25 15:30:00+11:00
-1.014,0,0,1069735500,2003-11-25 15:45:00+11:00
-1.044,0,0,1069736400,2003-11-25 16:00:00+11:00
-1.114,0,0,1069737300,2003-11-25 16:15:00+11:00
-1.114,0,0,1069738200,2003-11-25 16:30:00+11:00
-1.104,0,0,1069739100,2003-11-25 16:45:00+11:00
-1.084,0,0,1069740000,2003-11-25 17:00:00+11:00
-1.054,0,0,1069740900,2003-11-25 17:15:00+11:00
-1.064,0,0,1069741800,2003-11-25 17:30:00+11:00
-1.014,0,0,1069742700,2003-11-25 17:45:00+11:00
-0.934,0,0,1069743600,2003-11-25 18:00:00+11:00
-0.894,0,0,1069744500,2003-11-25 18:15:00+11:00
-0.854,0,0,1069745400,2003-11-25 18:30:00+11:00
-0.814,0,0,1069746300,2003-11-25 18:45:00+11:00
-0.714,0,0,1069747200,2003-11-25 19:00:00+11:00
-0.634,0,0,1069748100,2003-11-25 19:15:00+11:00
-0.564,0,0,1069749000,2003-11-25 19:30:00+11:00
-0.524,0,0,1069749900,2003-11-25 19:45:00+11:00
-0.414,0,0,1069750800,2003-11-25 20:00:00+11:00
-0.344,0,0,1069751700,2003-11-25 20:15:00+11:00
-0.284,0,0,1069752600,2003-11-25 20:30:00+11:00
-0.214,0,0,1069753500,2003-11-25 20:45:00+11:00
-0.174,0,0,1069754400,2003-11-25 21:00:00+11:00
-0.084,0,0,1069755300,2003-11-25 21:15:00+11:00
-0.044,0,0,1069756200,2003-11-25 21:30:00+11:00
-0.024,0,0,1069757100,2003-11-25 21:45:00+11:00
0.026,0,0,1069758000,2003-11-25 22:00:00+11:00
0.036,0,0,1069758900,2003-11-25 22:15:00+11:00
0.056,0,0,1069759800,2003-11-25 22:30:00+11:00
0.056,0,0,1069760700,2003-11-25 22:45:00+11:00
0.056,0,0,1069761600,2003-11-25 23:00:00+11:00
-0.004,0,0,1069762500,2003-11-25 23:15:00+11:00
0.006,0,0,1069763400,2003-11-25 23:30:00+11:00
-0.014,0,0,1069764300,2003-11-25 23:45:00+11:00
-0.094,0,0,1069765200,2003-11-26 00:00:00+11:00
-0.104,0,0,1069766100,2003-11-26 00:15:00+11:00
-0.164,0,0,1069767000,2003-11-26 00:30:00+11:00
-0.204,0,0,1069767900,2003-11-26 00:45:00+11:00
-0.274,0,0,1069768800,2003-11-26 01:00:00+11:00
-0.314,0,0,1069769700,2003-11-26 01:15:00+11:00
-0.384,0,0,1069770600,2003-11-26 01:30:00+11:00
-0.454,0,0,1069771500,2003-11-26 01:45:00+11:00
-0.464,0,0,1069772400,2003-11-26 02:00:00+11:00
-0.524,0,0,1069773300,2003-11-26 02:15:00+11:00
-0.614,0,0,1069774200,2003-11-26 02:30:00+11:00
-0.634,0,0,1069775100,2003-11-26 02:45:00+11:00
-0.644,0,0,1069776000,2003-11-26 03:00:00+11:00
-0.704,0,0,1069776900,2003-11-26 03:15:00+11:00
-0.734,0,0,1069777800,2003-11-26 03:30:00+11:00
-0.724,0,0,1069778700,2003-11-26 03:45:00+11:00
-0.744,0,0,1069779600,2003-11-26 04:00:00+11:00
-0.764,0,0,1069780500,2003-11-26 04:15:00+11:00
-0.704,0,0,1069781400,2003-11-26 04:30:00+11:00
-0.714,0,0,1069782300,2003-11-26 04:45:00+11:00
-0.684,0,0,1069783200,2003-11-26 05:00:00+11:00
-0.644,0,0,1069784100,2003-11-26 05:15:00+11:00
-0.604,0,0,1069785000,2003-11-26 05:30:00+11:00
-0.534,0,0,1069785900,2003-11-26 05:45:00+11:00
-0.484,0,0,1069786800,2003-11-26 06:00:00+11:00
-0.414,0,0,1069787700,2003-11-26 06:15:00+11:00
-0.354,0,0,1069788600,2003-11-26 06:30:00+11:00
-0.264,0,0,1069789500,2003-11-26 06:45:00+11:00
-0.174,0,0,1069790400,2003-11-26 07:00:00+11:00
-0.094,0,0,1069791300,2003-11-26 07:15:00+11:00
-0.014,0,0,1069792200,2003-11-26 07:30:00+11:00
0.026,0,0,1069793100,2003-11-26 07:45:00+11:00
0.156,0,0,1069794000,2003-11-26 08:00:00+11:00
0.236,0,0,1069794900,2003-11-26 08:15:00+11:00
0.306,0,0,1069795800,2003-11-26 08:30:00+11:00
0.366,0,0,1069796700,2003-11-26 08:45:00+11:00
0.416,0,0,1069797600,2003-11-26 09:00:00+11:00
0.496,0,0,1069798500,2003-11-26 09:15:00+11:00
0.546,0,0,1069799400,2003-11-26 09:30:00+11:00
0.586,0,0,1069800300,2003-11-26 09:45:00+11:00
0.616,0,0,1069801200,2003-11-26 10:00:00+11:00
0.636,0,0,1069802100,2003-11-26 10:15:00+11:00
0.656,0,0,1069803000,2003-11-26 10:30:00+11:00
0.636,0,0,1069803900,2003-11-26 10:45:00+11:00
0.626,0,0,1069804800,2003-11-26 11:00:00+11:00
0.596,0,0,1069805700,2003-11-26 11:15:00+11:00
0.586,0,0,1069806600,2003-11-26 11:30:00+11:00
0.516,0,0,1069807500,2003-11-26 11:45:00+11:00
0.456,0,0,1069808400,2003-11-26 12:00:00+11:00
0.436,0,0,1069809300,2003-11-26 12:15:00+11:00
0.306,0,0,1069810200,2003-11-26 12:30:00+11:00
0.226,0,0,1069811100,2003-11-26 12:45:00+11:00
0.146,0,0,1069812000,2003-11-26 13:00:00+11:00
0.056,0,0,1069812900,2003-11-26 13:15:00+11:00
-0.034,0,0,1069813800,2003-11-26 13:30:00+11:00
-0.124,0,0,1069814700,2003-11-26 13:45:00+11:00
-0.234,0,0,1069815600,2003-11-26 14:00:00+11:00
-0.354,0,0,1069816500,2003-11-26 14:15:00+11:00
-0.444,0,0,1069817400,2003-11-26 14:30:00+11:00
-0.514,0,0,1069818300,2003-11-26 14:45:00+11:00
-0.624,0,0,1069819200,2003-11-26 15:00:00+11:00
-0.714,0,0,1069820100,2003-11-26 15:15:00+11:00
-0.804,0,0,1069821000,2003-11-26 15:30:00+11:00
-0.864,0,0,1069821900,2003-11-26 15:45:00+11:00
-0.924,0,0,1069822800,2003-11-26 16:00:00+11:00
-0.994,0,0,1069823700,2003-11-26 16:15:00+11:00
-1.044,0,0,1069824600,2003-11-26 16:30:00+11:00
-1.124,0,0,1069825500,2003-11-26 16:45:00+11:00
-1.084,0,0,1069826400,2003-11-26 17:00:00+11:00
-1.144,0,0,1069827300,2003-11-26 17:15:00+11:00
-1.184,0,0,1069828200,2003-11-26 17:30:00+11:00
-1.134,0,0,1069829100,2003-11-26 17:45:00+11:00
-1.164,0,0,1069830000,2003-11-26 18:00:00+11:00
-1.114,0,0,1069830900,2003-11-26 18:15:00+11:00
-1.094,0,0,1069831800,2003-11-26 18:30:00+11:00
-1.064,0,0,1069832700,2003-11-26 18:45:00+11:00
-1.024,0,0,1069833600,2003-11-26 19:00:00+11:00
-0.954,0,0,1069834500,2003-11-26 19:15:00+11:00
-0.914,0,0,1069835400,2003-11-26 19:30:00+11:00
-0.874,0,0,1069836300,2003-11-26 19:45:00+11:00
-0.784,0,0,1069837200,2003-11-26 20:00:00+11:00
-0.724,0,0,1069838100,2003-11-26 20:15:00+11:00
-0.664,0,0,1069839000,2003-11-26 20:30:00+11:00
-0.594,0,0,1069839900,2003-11-26 20:45:00+11:00
-0.534,0,0,1069840800,2003-11-26 21:00:00+11:00
-0.444,0,0,1069841700,2003-11-26 21:15:00+11:00
-0.374,0,0,1069842600,2003-11-26 21:30:00+11:00
-0.324,0,0,1069843500,2003-11-26 21:45:00+11:00
-0.264,0,0,1069844400,2003-11-26 22:00:00+11:00
-0.224,0,0,1069845300,2003-11-26 22:15:00+11:00
-0.164,0,0,1069846200,2003-11-26 22:30:00+11:00
-0.124,0,0,1069847100,2003-11-26 22:45:00+11:00
-0.104,0,0,1069848000,2003-11-26 23:00:00+11:00
-0.104,0,0,1069848900,2003-11-26 23:15:00+11:00
-0.064,0,0,1069849800,2003-11-26 23:30:00+11:00
-0.054,0,0,1069850700,2003-11-26 23:45:00+11:00
-0.074,0,0,1069851600,2003-11-27 00:00:00+11:00
-0.074,0,0,1069852500,2003-11-27 00:15:00+11:00
-0.094,0,0,1069853400,2003-11-27 00:30:00+11:00
-0.114,0,0,1069854300,2003-11-27 00:45:00+11:00
-0.154,0,0,1069855200,2003-11-27 01:00:00+11:00
-0.204,0,0,1069856100,2003-11-27 01:15:00+11:00
-0.234,0,0,1069857000,2003-11-27 01:30:00+11:00
-0.274,0,0,1069857900,2003-11-27 01:45:00+11:00
-0.324,0,0,1069858800,2003-11-27 02:00:00+11:00
-0.374,0,0,1069859700,2003-11-27 02:15:00+11:00
-0.454,0,0,1069860600,2003-11-27 02:30:00+11:00
-0.474,0,0,1069861500,2003-11-27 02:45:00+11:00
-0.514,0,0,1069862400,2003-11-27 03:00:00+11:00
-0.564,0,0,1069863300,2003-11-27 03:15:00+11:00
-0.614,0,0,1069864200,2003-11-27 03:30:00+11:00
-0.644,0,0,1069865100,2003-11-27 03:45:00+11:00
-0.664,0,0,1069866000,2003-11-27 04:00:00+11:00
-0.694,0,0,1069866900,2003-11-27 04:15:00+11:00
-0.704,0,0,1069867800,2003-11-27 04:30:00+11:00
-0.714,0,0,1069868700,2003-11-27 04:45:00+11:00
-0.734,0,0,1069869600,2003-11-27 05:00:00+11:00
-0.724,0,0,1069870500,2003-11-27 05:15:00+11:00
-0.694,0,0,1069871400,2003-11-27 05:30:00+11:00
-0.674,0,0,1069872300,2003-11-27 05:45:00+11:00
-0.674,0,0,1069873200,2003-11-27 06:00:00+11:00
-0.624,0,0,1069874100,2003-11-27 06:15:00+11:00
-0.564,0,0,1069875000,2003-11-27 06:30:00+11:00
-0.524,0,0,1069875900,2003-11-27 06:45:00+11:00
-0.454,0,0,1069876800,2003-11-27 07:00:00+11:00
-0.414,0,0,1069877700,2003-11-27 07:15:00+11:00
-0.324,0,0,1069878600,2003-11-27 07:30:00+11:00
-0.254,0,0,1069879500,2003-11-27 07:45:00+11:00
-0.184,0,0,1069880400,2003-11-27 08:00:00+11:00
-0.104,0,0,1069881300,2003-11-27 08:15:00+11:00
-0.034,0,0,1069882200,2003-11-27 08:30:00+11:00
0.046,0,0,1069883100,2003-11-27 08:45:00+11:00
0.126,0,0,1069884000,2003-11-27 09:00:00+11:00
0.206,0,0,1069884900,2003-11-27 09:15:00+11:00
0.256,0,0,1069885800,2003-11-27 09:30:00+11:00
0.306,0,0,1069886700,2003-11-27 09:45:00+11:00
0.386,0,0,1069887600,2003-11-27 10:00:00+11:00
0.456,0,0,1069888500,2003-11-27 10:15:00+11:00
0.476,0,0,1069889400,2003-11-27 10:30:00+11:00
0.496,0,0,1069890300,2003-11-27 10:45:00+11:00
0.526,0,0,1069891200,2003-11-27 11:00:00+11:00
0.566,0,0,1069892100,2003-11-27 11:15:00+11:00
0.566,0,0,1069893000,2003-11-27 11:30:00+11:00
0.546,0,0,1069893900,2003-11-27 11:45:00+11:00
0.526,0,0,1069894800,2003-11-27 12:00:00+11:00
0.506,0,0,1069895700,2003-11-27 12:15:00+11:00
0.476,0,0,1069896600,2003-11-27 12:30:00+11:00
0.416,0,0,1069897500,2003-11-27 12:45:00+11:00
0.366,0,0,1069898400,2003-11-27 13:00:00+11:00
0.276,0,0,1069899300,2003-11-27 13:15:00+11:00
0.236,0,0,1069900200,2003-11-27 13:30:00+11:00
0.166,0,0,1069901100,2003-11-27 13:45:00+11:00
0.066,0,0,1069902000,2003-11-27 14:00:00+11:00
-0.024,0,0,1069902900,2003-11-27 14:15:00+11:00
-0.114,0,0,1069903800,2003-11-27 14:30:00+11:00
-0.194,0,0,1069904700,2003-11-27 14:45:00+11:00
-0.274,0,0,1069905600,2003-11-27 15:00:00+11:00
-0.394,0,0,1069906500,2003-11-27 15:15:00+11:00
-0.474,0,0,1069907400,2003-11-27 15:30:00+11:00
-0.574,0,0,1069908300,2003-11-27 15:45:00+11:00
-0.634,0,0,1069909200,2003-11-27 16:00:00+11:00
-0.714,0,0,1069910100,2003-11-27 16:15:00+11:00
-0.834,0,0,1069911000,2003-11-27 16:30:00+11:00
-0.884,0,0,1069911900,2003-11-27 16:45:00+11:00
-0.934,0,0,1069912800,2003-11-27 17:00:00+11:00
-0.974,0,0,1069913700,2003-11-27 17:15:00+11:00
-1.044,0,0,1069914600,2003-11-27 17:30:00+11:00
-1.084,0,0,1069915500,2003-11-27 17:45:00+11:00
-1.124,0,0,1069916400,2003-11-27 18:00:00+11:00
-1.144,0,0,1069917300,2003-11-27 18:15:00+11:00
-1.124,0,0,1069918200,2003-11-27 18:30:00+11:00
-1.124,0,0,1069919100,2003-11-27 18:45:00+11:00
-1.164,0,0,1069920000,2003-11-27 19:00:00+11:00
-1.124,0,0,1069920900,2003-11-27 19:15:00+11:00
-1.084,0,0,1069921800,2003-11-27 19:30:00+11:00
-1.044,0,0,1069922700,2003-11-27 19:45:00+11:00
-1.014,0,0,1069923600,2003-11-27 20:00:00+11:00
-0.984,0,0,1069924500,2003-11-27 20:15:00+11:00
-0.934,0,0,1069925400,2003-11-27 20:30:00+11:00
-0.854,0,0,1069926300,2003-11-27 20:45:00+11:00
-0.804,0,0,1069927200,2003-11-27 21:00:00+11:00
-0.754,0,0,1069928100,2003-11-27 21:15:00+11:00
-0.694,0,0,1069929000,2003-11-27 21:30:00+11:00
-0.624,0,0,1069929900,2003-11-27 21:45:00+11:00
-0.544,0,0,1069930800,2003-11-27 22:00:00+11:00
-0.484,0,0,1069931700,2003-11-27 22:15:00+11:00
-0.444,0,0,1069932600,2003-11-27 22:30:00+11:00
-0.374,0,0,1069933500,2003-11-27 22:45:00+11:00
-0.334,0,0,1069934400,2003-11-27 23:00:00+11:00
-0.254,0,0,1069935300,2003-11-27 23:15:00+11:00
-0.214,0,0,1069936200,2003-11-27 23:30:00+11:00
-0.214,0,0,1069937100,2003-11-27 23:45:00+11:00
-0.154,0,0,1069938000,2003-11-28 00:00:00+11:00
-0.134,0,0,1069938900,2003-11-28 00:15:00+11:00
-0.124,0,0,1069939800,2003-11-28 00:30:00+11:00
-0.124,0,0,1069940700,2003-11-28 00:45:00+11:00
-0.114,0,0,1069941600,2003-11-28 01:00:00+11:00
-0.144,0,0,1069942500,2003-11-28 01:15:00+11:00
-0.134,0,0,1069943400,2003-11-28 01:30:00+11:00
-0.174,0,0,1069944300,2003-11-28 01:45:00+11:00
-0.214,0,0,1069945200,2003-11-28 02:00:00+11:00
-0.214,0,0,1069946100,2003-11-28 02:15:00+11:00
-0.264,0,0,1069947000,2003-11-28 02:30:00+11:00
-0.304,0,0,1069947900,2003-11-28 02:45:00+11:00
-0.344,0,0,1069948800,2003-11-28 03:00:00+11:00
-0.374,0,0,1069949700,2003-11-28 03:15:00+11:00
-0.404,0,0,1069950600,2003-11-28 03:30:00+11:00
-0.464,0,0,1069951500,2003-11-28 03:45:00+11:00
-0.484,0,0,1069952400,2003-11-28 04:00:00+11:00
-0.524,0,0,1069953300,2003-11-28 04:15:00+11:00
-0.574,0,0,1069954200,2003-11-28 04:30:00+11:00
-0.594,0,0,1069955100,2003-11-28 04:45:00+11:00
-0.624,0,0,1069956000,2003-11-28 05:00:00+11:00
-0.654,0,0,1069956900,2003-11-28 05:15:00+11:00
-0.634,0,0,1069957800,2003-11-28 05:30:00+11:00
-0.644,0,0,1069958700,2003-11-28 05:45:00+11:00
-0.664,0,0,1069959600,2003-11-28 06:00:00+11:00
-0.654,0,0,1069960500,2003-11-28 06:15:00+11:00
-0.644,0,0,1069961400,2003-11-28 06:30:00+11:00
-0.614,0,0,1069962300,2003-11-28 06:45:00+11:00
-0.554,0,0,1069963200,2003-11-28 07:00:00+11:00
-0.564,0,0,1069964100,2003-11-28 07:15:00+11:00
-0.514,0,0,1069965000,2003-11-28 07:30:00+11:00
-0.444,0,0,1069965900,2003-11-28 07:45:00+11:00
-0.404,0,0,1069966800,2003-11-28 08:00:00+11:00
-0.344,0,0,1069967700,2003-11-28 08:15:00+11:00
-0.274,0,0,1069968600,2003-11-28 08:30:00+11:00
-0.224,0,0,1069969500,2003-11-28 08:45:00+11:00
-0.134,0,0,1069970400,2003-11-28 09:00:00+11:00
-0.084,0,0,1069971300,2003-11-28 09:15:00+11:00
-0.014,0,0,1069972200,2003-11-28 09:30:00+11:00
0.066,0,0,1069973100,2003-11-28 09:45:00+11:00
0.126,0,0,1069974000,2003-11-28 10:00:00+11:00
0.186,0,0,1069974900,2003-11-28 10:15:00+11:00
0.226,0,0,1069975800,2003-11-28 10:30:00+11:00
0.306,0,0,1069976700,2003-11-28 10:45:00+11:00
0.336,0,0,1069977600,2003-11-28 11:00:00+11:00
0.386,0,0,1069978500,2003-11-28 11:15:00+11:00
0.426,0,0,1069979400,2003-11-28 11:30:00+11:00
0.436,0,0,1069980300,2003-11-28 11:45:00+11:00
0.486,0,0,1069981200,2003-11-28 12:00:00+11:00
0.476,0,0,1069982100,2003-11-28 12:15:00+11:00
0.486,0,0,1069983000,2003-11-28 12:30:00+11:00
0.456,0,0,1069983900,2003-11-28 12:45:00+11:00
0.466,0,0,1069984800,2003-11-28 13:00:00+11:00
0.436,0,0,1069985700,2003-11-28 13:15:00+11:00
0.386,0,0,1069986600,2003-11-28 13:30:00+11:00
0.346,0,0,1069987500,2003-11-28 13:45:00+11:00
0.286,0,0,1069988400,2003-11-28 14:00:00+11:00
0.236,0,0,1069989300,2003-11-28 14:15:00+11:00
0.176,0,0,1069990200,2003-11-28 14:30:00+11:00
0.096,0,0,1069991100,2003-11-28 14:45:00+11:00
0.016,0,0,1069992000,2003-11-28 15:00:00+11:00
-0.054,0,0,1069992900,2003-11-28 15:15:00+11:00
-0.144,0,0,1069993800,2003-11-28 15:30:00+11:00
-0.234,0,0,1069994700,2003-11-28 15:45:00+11:00
-0.324,0,0,1069995600,2003-11-28 16:00:00+11:00
-0.394,0,0,1069996500,2003-11-28 16:15:00+11:00
-0.474,0,0,1069997400,2003-11-28 16:30:00+11:00
-0.554,0,0,1069998300,2003-11-28 16:45:00+11:00
-0.644,0,0,1069999200,2003-11-28 17:00:00+11:00
-0.714,0,0,1070000100,2003-11-28 17:15:00+11:00
-0.744,0,0,1070001000,2003-11-28 17:30:00+11:00
-0.824,0,0,1070001900,2003-11-28 17:45:00+11:00
-0.914,0,0,1070002800,2003-11-28 18:00:00+11:00
-0.924,0,0,1070003700,2003-11-28 18:15:00+11:00
-0.954,0,0,1070004600,2003-11-28 18:30:00+11:00
-0.994,0,0,1070005500,2003-11-28 18:45:00+11:00
-1.034,0,0,1070006400,2003-11-28 19:00:00+11:00
-1.064,0,0,1070007300,2003-11-28 19:15:00+11:00
-1.064,0,0,1070008200,2003-11-28 19:30:00+11:00
-1.044,0,0,1070009100,2003-11-28 19:45:00+11:00
-1.044,0,0,1070010000,2003-11-28 20:00:00+11:00
-1.034,0,0,1070010900,2003-11-28 20:15:00+11:00
-1.014,0,0,1070011800,2003-11-28 20:30:00+11:00
-0.974,0,0,1070012700,2003-11-28 20:45:00+11:00
-0.924,0,0,1070013600,2003-11-28 21:00:00+11:00
-0.904,0,0,1070014500,2003-11-28 21:15:00+11:00
-0.864,0,0,1070015400,2003-11-28 21:30:00+11:00
-0.794,0,0,1070016300,2003-11-28 21:45:00+11:00
-0.744,0,0,1070017200,2003-11-28 22:00:00+11:00
-0.694,0,0,1070018100,2003-11-28 22:15:00+11:00
-0.644,0,0,1070019000,2003-11-28 22:30:00+11:00
-0.574,0,0,1070019900,2003-11-28 22:45:00+11:00
-0.534,0,0,1070020800,2003-11-28 23:00:00+11:00
-0.454,0,0,1070021700,2003-11-28 23:15:00+11:00
-0.404,0,0,1070022600,2003-11-28 23:30:00+11:00
-0.374,0,0,1070023500,2003-11-28 23:45:00+11:00
-0.304,0,0,1070024400,2003-11-29 00:00:00+11:00
-0.264,0,0,1070025300,2003-11-29 00:15:00+11:00
-0.234,0,0,1070026200,2003-11-29 00:30:00+11:00
-0.194,0,0,1070027100,2003-11-29 00:45:00+11:00
-0.184,0,0,1070028000,2003-11-29 01:00:00+11:00
